,mean,median,std,skew,kurtosis,min,max,pct_zeros,n_unique,dom_frac,cv,missing_rate,n_deviant,dev_fail_rate,enrichment,verdict,f_skewed,f_heavy_tail,f_outlier_dom,f_zero_infl,f_missing,f_concentrated,transform_candidate,f_skew_outlier_driven,mean_pass,mean_fail,std_pass,std_fail,var_ratio,hedges_g,mw_p,mw_q,abs_g,tail_enrichment,f_var_shift,var_ratio_clip,iqr_ratio,log2_vr,log2_vr_clip,f_var_shift_strict,f_vr_inflated,mi,mi_norm,mi_rank,g_rank,f_nonlinear
0,3014.453,3011.49,73.622,0.514,1.471,2743.24,3356.35,0.0,1520,0.0012812299807815502,0.02442293487368341,0.0038289725590299937,1559,0.06670942912123155,1.005131494547787,keep,False,False,False,False,False,False,,False,3014.947316403569,3007.52625,72.4618090297368,88.40968772628496,1.4886114972977869,-0.10075092528083782,0.031805265262002475,0.18696748230921822,0.10075092528083782,,False,1.5356109576728576,1.2142776203965988,0.5739672837689914,0.6188127599861485,False,False,0.004125851874349662,0.01696714867063756,96.0,128.0,False
1,2495.85,2499.405,80.408,-0.043,2.241,2158.75,2846.44,0.0,1504,0.0019230769230769232,0.032216558504806286,0.004467134652201659,1557,0.06551059730250482,0.9870683266637025,keep,False,True,False,False,False,False,,False,2495.906115305422,2495.059708737865,81.03347634871051,71.31636156160046,0.7745499228222806,-0.010518029013262448,0.9512724698170486,0.9857944546087964,0.010518029013262448,,False,0.8457965019146368,0.8501317145802361,-0.3685698654438755,-0.24161750127501297,False,False,0.0,0.0,214.0,245.0,False
2,2200.547,2201.067,29.513,-0.306,2.305,2060.66,2315.2667,0.0,507,0.0077269800386349004,0.013411732535795402,0.008934269304403318,1541,0.06683971447112265,1.0070945440023962,keep,False,True,False,False,False,False,,False,2200.5548855762595,2200.441876923077,29.391944450708632,31.30244440631954,1.134226707824047,-0.0038260113279667664,0.2924136347751791,0.6458033779635854,0.0038260113279667664,,False,1.0275873779842506,1.2329723923551585,0.18170903319381698,0.03926107461239937,False,False,0.019961991266335577,0.08209167073679097,6.0,253.0,True
3,1396.377,1285.214,441.692,1.712,4.595,0.0,3715.0417,0.06,518,0.00643915003219575,0.3163126850731659,0.008934269304403318,1543,0.06675307841866494,1.005789171942769,keep,True,True,False,False,False,False,log,False,1399.290291994479,1355.7814346153848,447.9849479781441,341.30620415433833,0.5804455970336784,-0.09845555502246416,0.790862296507587,0.9343293261001374,0.09845555502246416,,True,0.6404146083538633,0.9596575679049896,-0.7847672397995289,-0.6429218776651424,False,False,0.0080220965853941,0.03299006109763704,60.0,136.0,False
6,101.113,101.512,6.237,-0.107,2.019,82.1311,129.2522,0.0,510,0.00643915003219575,0.06168563339117743,0.008934269304403318,1543,0.06675307841866494,1.005789171942769,keep,False,True,False,False,False,False,,False,101.08577322291235,101.49097211538461,6.317479957547951,4.99590959162208,0.6253762667456322,0.06492095126591232,0.917874871624737,0.9707565514714297,0.06492095126591232,,True,0.6577552871626058,0.7343807369766053,-0.6772036253814919,-0.604377154791348,False,False,0.009231659518017965,0.03796426635980642,45.0,169.0,False
7,0.122,0.122,0.009,-12.915,173.152,0.0,0.1286,0.51,89,0.03530166880616174,0.07356105382597368,0.00574345883854499,1503,0.0665335994677312,1.0024822150570654,keep,True,True,True,False,False,False,log,True,0.12179037138927098,0.12225673076923077,0.009261872097018755,0.0019016479528345383,0.042156318976335615,0.05200397745430887,0.5154643423540715,0.8202657966641528,0.05200397745430887,0.9417067307692308,True,0.8693841921445644,0.9629629629629669,-4.568107291168564,-0.20193423129572624,False,True,0.0,0.0,214.0,188.0,False
8,1.463,1.462,0.074,-0.074,-0.2,1.191,1.6564,0.0,1208,0.003194888178913738,0.05051507156274303,0.0012763241863433313,1560,0.06474358974358975,0.9755115877712033,keep,False,False,False,False,False,False,,False,1.4623094455852155,1.4706192307692305,0.07478316852261246,0.05983398079398501,0.6401593179728129,0.11240580187331485,0.26726654516904014,0.6078540009596755,0.11240580187331485,,True,0.6651863386093672,0.7338634237605252,-0.6434970981409548,-0.5881695555810427,False,False,0.0,0.0,214.0,121.0,False
9,-0.001,-0.001,0.015,0.331,0.798,-0.0534,0.0749,0.32,568,0.006389776357827476,17.973588057593425,0.0012763241863433313,1555,0.06623794212218649,0.9980274548602522,keep,False,False,False,False,False,False,,False,-0.0007152635181382615,-0.002607692307692308,0.015206784481365625,0.013725970652416835,0.8147255762593016,-0.12515298984203208,0.4215463496957432,0.7712086575390946,0.12515298984203208,,False,0.8639865130589828,0.7603092783505154,-0.29561389620548734,-0.21091930297869824,False,False,0.00805653364696246,0.033131680031424464,59.0,103.0,False
10,0.0,0.0,0.009,0.058,1.514,-0.0349,0.053,0.45,392,0.0076677316293929714,63.82198348831225,0.0012763241863433313,1553,0.0669671603348358,1.009014810045074,keep,False,False,False,False,False,False,,False,6.228610540725528e-05,0.0013182692307692307,0.009249252171340478,0.009989020811930467,1.1663599418044608,0.13498984190759078,0.08339063989820085,0.3435914903864211,0.13498984190759078,,False,1.2023402715274232,1.1096491228070176,0.2220130768072732,0.26584524760753625,False,False,0.0,0.0,214.0,98.0,False
11,0.964,0.966,0.012,-10.215,242.955,0.6554,0.9848,0.0,378,0.008945686900958467,0.01291234084376268,0.0012763241863433313,1551,0.0670535138620245,1.0103159252095424,keep,True,True,True,False,False,False,log,True,0.9644611225188228,0.9628307692307693,0.012612490323633393,0.009851509932301165,0.6101040486278969,-0.13089547953290406,0.05088683188003372,0.24727514843711684,0.13089547953290406,0.9417067307692308,True,1.1385780685804678,1.1354961832061046,-0.7128727905091322,0.18723321575428536,False,False,0.0,0.0,214.0,101.0,False
12,199.957,199.536,3.257,7.205,155.442,182.094,272.0451,0.0,1547,0.0012779552715654952,0.01628989622766883,0.0012763241863433313,1563,0.06653870761356366,1.0025591810620602,keep,True,True,True,False,False,False,log,True,199.96199514031488,199.88395769230766,3.2996509177337265,2.6016604206556773,0.621677610505245,-0.023939160517326783,0.8321987840649299,0.9343293261001374,0.023939160517326783,0.9417067307692308,True,0.9578064681587605,0.8534171972079423,-0.6857614732175732,-0.062193916622846054,False,False,0.007596605771483356,0.031240273146572475,64.0,228.0,False
14,9.005,8.967,2.797,0.169,-0.003,2.2493,19.5465,0.0,1555,0.0012787723785166241,0.31054752974433203,0.0019144862795149968,1562,0.06594110115236876,0.9935548606323255,keep,False,False,False,False,False,False,,False,9.056840547945205,8.282810576923076,2.793905836052143,2.7468463133047996,0.9665964432335964,-0.2772146842905533,0.013456156102097121,0.1080697536949675,0.2772146842905533,,False,0.9929709040753266,1.188233234109613,-0.0490144087692445,-0.01017665020644875,False,False,0.00953759829534584,0.03922240864826493,42.0,26.0,False
15,413.086,412.219,17.221,17.061,402.433,333.4486,824.9271,0.0,1561,0.0012787723785166241,0.0416888809765681,0.0019144862795149968,1562,0.06658130601792574,1.003201024327785,keep,True,True,True,False,False,False,log,True,413.0992897260274,412.8999653846153,17.71133278838309,7.538466994433868,0.18116053256882428,-0.011565217573166876,0.6541691418322373,0.8968909972363392,0.011565217573166876,0.9417067307692308,True,0.7627783774259334,0.7739016613014958,-2.4646594092006087,-0.39066414691382245,False,True,0.001190776258897408,0.004896946965979625,145.0,243.0,False
17,0.971,0.973,0.012,-22.17,714.394,0.5794,0.9848,0.0,281,0.012148337595907928,0.012416993244740531,0.0019144862795149968,1545,0.06601941747572816,0.9947348767737119,keep,True,True,True,False,False,False,log,False,0.9714751369863015,0.9710057692307692,0.012344583866537301,0.007010904501332981,0.3225486242030597,-0.0388822964121489,0.1814086453245367,0.4856460609208952,0.0388822964121489,0.0,True,1.1125702451907644,1.2349397590361595,-1.632411431688502,0.15389642748490434,False,True,0.0002897891713040668,0.0011917286665634316,166.0,200.0,False
18,190.047,189.664,2.781,0.196,7.115,169.1774,215.5977,0.0,1548,0.0019181585677749361,0.014633409316712444,0.0019144862795149968,1561,0.06662395900064061,1.0038436899423446,keep,False,True,False,False,False,False,,False,190.0539228767123,189.95513076923075,2.795719726031603,2.5769182347444843,0.8495990454933363,-0.03549640236134804,0.8469324400893938,0.9343293261001374,0.03549640236134804,,False,0.9173850248593913,0.7982473875080544,-0.2351459495819292,-0.12440073743198082,False,False,0.0,0.0,214.0,208.0,False
19,12.481,12.5,0.218,-9.831,110.693,9.8773,12.9898,0.0,361,0.012845215157353885,0.0174637181922964,0.006381620931716656,1537,0.06376057254391672,0.960700165156899,keep,True,True,True,False,False,False,log,False,12.479256052269603,12.506132038834949,0.22486860790291013,0.06120211487694058,0.07407560323083326,0.12326283893441645,0.6381058868796854,0.8912674615656476,0.12326283893441645,0.0,True,0.5530153934839781,0.9850746268656859,-3.7548577200280846,-0.8546084556680544,False,False,0.010117160533361202,0.041605799752882346,35.0,107.0,False
20,1.405,1.406,0.017,-2.805,30.608,1.1797,1.4534,0.0,552,0.007657945118059987,0.011911947594154515,0.0,1555,0.06688102893890675,1.0077170418006431,keep,True,True,True,False,False,False,log,True,1.4049505126452493,1.4065134615384616,0.01687796256845148,0.01460312546471858,0.7486030535816174,0.0933339047635124,0.39072697358325637,0.7531742546604311,0.0933339047635124,0.0,False,1.016383304679798,1.0945205479452036,-0.41772716182705716,0.023444582694496573,False,False,0.0,0.0,214.0,140.0,False
21,-5618.394,-5523.25,626.822,2.375,15.25,-7150.25,0.0,0.06,1295,0.0025559105431309905,0.11156608486837223,0.0012763241863433313,1561,0.06598334401024984,0.9941913467698222,keep,True,True,True,False,False,False,yeo-johnson,False,-5636.437585499316,-5362.27427184466,593.7987686616148,950.3784543606537,2.5616192529407367,0.4396312227468925,0.0004461412473224361,0.010423481869260552,0.4396312227468925,3.7668269230769234,True,2.0708467200468332,0.6091235263967196,1.357056056196719,1.0502207720943344,False,False,0.008830230274459616,0.036313429183963866,49.0,6.0,False
22,2699.378,2664.0,295.499,-2.182,15.659,0.0,3656.25,0.06,1176,0.0025559105431309905,0.10946910249901307,0.0012763241863433313,1561,0.06598334401024984,0.9941913467698222,keep,True,True,True,False,False,False,log,False,2705.15817373461,2617.339805825243,279.78002244285994,458.7168723070666,2.688165651554916,-0.29775961297982007,0.15747827432696127,0.4699606664451335,0.29775961297982007,2.8251201923076925,True,1.9400761613603932,0.7111517367458866,1.4266220433671277,0.9561132892475532,False,False,0.0001179195510381259,0.0004849322308630108,168.0,24.0,False
23,-3806.3,-3820.75,1380.162,0.357,3.367,-9986.75,2363.0,0.06,1480,0.0025559105431309905,0.36259943892463087,0.0012763241863433313,1561,0.06598334401024984,0.9941913467698222,keep,False,True,False,False,False,False,,False,-3811.035567647059,-3739.0784786407767,1375.6439629865126,1448.0966072824283,1.1081102672452303,0.052099364661447684,0.5657450702270543,0.8654552562401961,0.052099364661447684,,False,1.1492996678808691,1.1747476006481365,0.14810145006267564,0.20075501469252202,False,False,0.0,0.0,214.0,187.0,False
24,-298.598,-78.75,2902.69,-0.054,3.703,-14804.5,14106.0,0.06,1494,0.0019169329073482429,9.721059070330968,0.0012763241863433313,1562,0.06594110115236876,0.9935548606323255,keep,False,True,False,False,False,False,,False,-284.4415182626539,-499.539640776699,2936.2467984623822,2378.672402049221,0.6562724227117195,-0.07405629051399547,0.6883590349666946,0.8994344352073926,0.07405629051399547,,True,0.6767136532154704,0.8184465405616475,-0.6076332841433549,-0.5633825985704946,False,False,0.0,0.0,214.0,164.0,False
26,1.938,1.986,0.189,-6.016,40.041,0.0,2.0528,0.06,624,0.007028753993610224,0.09775461205590225,0.0012763241863433313,1554,0.06563706563706563,0.9889738639738639,keep,True,True,True,False,False,False,log,False,1.9425754445964432,1.8803,0.17317726053092905,0.34259114974317845,3.9135469507724725,-0.329472588704893,0.9388639129561653,0.9848114327541339,0.329472588704893,4.708533653846154,True,3.4879104597928166,0.4789527720739175,1.9684767529742084,1.8023630043146766,True,False,0.004968194452041219,0.020431197352596978,79.0,17.0,False
27,6.639,7.265,1.244,-2.106,5.003,0.0,7.6588,0.06,1148,0.003194888178913738,0.18742566602504673,0.0012763241863433313,1560,0.06474358974358975,0.9755115877712033,keep,True,True,False,False,False,False,log,False,6.648314158686731,6.50114077669903,1.2067264064222765,1.6912133173528254,1.964170331777733,-0.11823920507399617,0.7006892792003143,0.9000393973172458,0.11823920507399617,,True,1.8514943417846974,0.10254305818739194,0.9739200448031418,0.88869014060237,False,False,0.0035655895564075113,0.01466312653591687,105.0,115.0,False
28,69.5,69.156,3.461,-0.064,-0.277,59.4,77.9,0.0,869,0.005111821086261981,0.04980149969457371,0.0012763241863433313,1557,0.06615285806037251,0.9967454671211896,keep,False,False,False,False,False,False,,False,69.59803235294117,68.10140582524272,3.4533609146458115,3.2800510288003695,0.9021469013946094,-0.43456435262235277,6.955945523698205e-05,0.002553825713700627,0.43456435262235277,,False,0.9068457602840924,0.8086147322930172,-0.14856572054484257,-0.141070902232535,False,False,0.00347203870926327,0.014278408135911141,106.0,7.0,False
29,2.366,2.378,0.409,-0.302,0.4,0.6667,3.5111,0.0,188,0.01853035143769968,0.17272193557020302,0.0012763241863433313,1536,0.06575520833333333,0.9907539563301282,keep,False,False,False,False,False,False,,False,2.3643329685362517,2.3926621359223303,0.41026366144643334,0.38665372995173497,0.888215412538135,0.06927111340814132,0.6669673201777517,0.8968909972363392,0.06927111340814132,,False,0.9305775364461415,1.0344919311934748,-0.17101848935646982,-0.1038017331187705,False,False,0.004771467911578009,0.019622179345854886,83.0,167.0,False
30,0.184,0.187,0.033,-0.344,0.629,0.0341,0.2851,0.0,842,0.0044728434504792336,0.17888866926517147,0.0012763241863433313,1558,0.06482670089858793,0.9767638491162239,keep,False,False,False,False,False,False,,False,0.18383214774281806,0.18879708737864076,0.032989524285203894,0.032088045102378705,0.9460942714190446,0.15069355476723945,0.17698264479269943,0.48387808203961435,0.15069355476723945,,False,0.9377957631559252,1.074444444444445,-0.07994415008318057,-0.09265433372982677,False,False,0.00445893232505723,0.01833690834659032,88.0,89.0,False
31,3.673,3.431,0.535,1.158,-0.142,2.0698,4.8044,0.0,1275,0.003194888178913738,0.14573760743552516,0.0012763241863433313,1560,0.06538461538461539,0.9851701183431953,keep,True,False,False,False,False,False,log,False,3.6801824213406293,3.5739291262135926,0.5405456424955843,0.44522893221860943,0.6784252682815296,-0.19856698292087058,0.8837820482368821,0.9503430393174842,0.19856698292087058,,False,0.6369209678992579,0.7505300353356903,-0.5597381901018683,-0.6508137275761717,False,False,0.0,0.0,214.0,59.0,False
32,85.337,85.135,2.027,6.326,51.352,83.1829,105.6038,0.0,338,0.004469987228607918,0.023747472668345544,0.0006381620931716656,1559,0.06606799230275817,0.9954667686386737,keep,True,True,True,False,False,False,log,False,85.30929938440491,85.73346442307692,1.9390094906697126,2.983492378831767,2.3675000455958615,0.2094216409962347,0.11445461280966109,0.3955092800775015,0.2094216409962347,0.0,True,1.4393348041172023,0.8301614307193066,1.2433644534786328,0.5254022168575412,False,False,0.00373320506944097,0.015352428385754163,102.0,50.0,False
33,8.96,8.77,1.344,9.124,92.119,7.6032,23.3453,0.0,330,0.008939974457215836,0.15004626923156372,0.0006381620931716656,1552,0.06701030927835051,1.0096649484536082,keep,True,True,True,False,False,False,log,False,8.931261764705882,9.3681875,1.2265800859225726,2.438023762824034,3.950790944333,0.3257926459586988,0.00016136083495336387,0.004928369989166749,0.3257926459586988,2.7395104895104896,True,1.8096624630053606,1.1499195710455778,1.9821415082863327,0.8557206319165159,False,False,0.015881169399953654,0.06530970342096126,13.0,18.0,False
35,64.556,64.166,2.575,8.147,76.467,63.6774,94.2641,0.0,331,0.008301404853128991,0.039884086506454704,0.0006381620931716656,1553,0.06503541532517708,0.9799086136014662,keep,True,True,True,False,False,False,log,False,64.56421757865937,64.43727307692308,2.6214649388483875,1.7986800222315553,0.47078185404833783,-0.04926797074946161,0.028939053453472828,0.18664531548563812,0.04926797074946161,0.0,True,0.8263980085131718,0.6904907506497058,-1.086869381093409,-0.27509131734415865,False,False,0.008720149139756606,0.035860731647741034,50.0,193.0,False
36,49.417,49.604,1.183,-6.415,41.598,40.2289,50.1652,0.0,330,0.008301404853128991,0.023931238632199224,0.0006381620931716656,1553,0.0669671603348358,1.009014810045074,keep,True,True,True,False,False,False,log,False,49.418170177838576,49.40612884615385,1.1785509678495592,1.2442956693455351,1.1146805969525262,-0.01017381800799903,0.36274318752846535,0.7340551117702016,0.01017381800799903,1.1590236686390534,False,1.3638611728496013,0.7909370199692611,0.15663037632869425,0.447696800201842,False,False,0.008132384692374872,0.03344360978642531,58.0,246.0,False
39,118.68,118.399,1.807,4.656,32.337,111.7128,133.3898,0.0,333,0.008301404853128991,0.015227735454366873,0.0006381620931716656,1553,0.06503541532517708,0.9799086136014662,keep,True,True,True,False,False,False,log,False,118.68057920656635,118.66514807692307,1.8218965700790009,1.5943867119305564,0.7658432622701139,-0.00853179340305329,0.6036965372934938,0.8702611170287683,0.00853179340305329,0.0,False,1.173318727087322,0.7187902187902115,-0.3848789349609293,0.23059496863302376,False,False,0.015065644660357425,0.06195594038663196,15.0,248.0,True
40,67.905,78.29,24.063,-1.868,1.691,1.434,86.12,0.0,291,0.013609850939727802,0.3543623468192549,0.015315890236119975,1522,0.0683311432325887,1.0295663600525624,keep,True,False,False,False,False,False,log,False,68.23984155663655,63.27060576923077,23.84658248587885,26.572767426215382,1.241713140001927,-0.20661973481553664,0.0019027763649620514,0.03492953755680337,0.20661973481553664,,False,1.2394289793778919,2.9030456852791895,0.31233192130649445,0.3096756058055742,False,False,0.013659026975930466,0.05617136738177048,20.0,53.0,False
41,3.353,3.074,2.36,12.213,175.933,-0.0759,37.88,0.0,315,0.009073233959818535,0.7039601578600184,0.015315890236119975,1529,0.06801831262262917,1.02485284499673,keep,True,True,True,False,False,False,yeo-johnson,False,3.351491869353718,3.374849038461538,2.425804643551322,1.120905662434059,0.21351406061152553,0.00988732968212863,0.3989947674465105,0.7539827590717147,0.00988732968212863,0.0,True,1.36657311257486,1.8789607097591885,-2.227597015643086,0.4505626470748222,False,True,0.024289448371439537,0.09988790053471101,2.0,247.0,True
43,355.539,353.721,6.235,0.554,-0.532,342.7545,377.2973,0.0,1523,0.001277139208173691,0.017535932444680026,0.0006381620931716656,1564,0.06649616368286446,1.001918158567775,keep,False,False,False,False,False,False,,False,355.57293194254447,355.0605432692307,6.270188077180444,5.719078713483683,0.8319380962917509,-0.0821348364292913,0.601666153918784,0.8702611170287683,0.0821348364292913,,False,0.859253906244896,0.892971055237371,-0.26545191206845714,-0.21884358965454975,False,False,0.0,0.0,214.0,153.0,False
44,10.031,10.035,0.175,-0.192,0.949,9.464,11.053,0.0,1376,0.0031928480204342275,0.017449378520621252,0.0006381620931716656,1561,0.06662395900064061,1.0038436899423446,keep,False,False,False,False,False,False,,False,10.032246785225718,10.015957692307692,0.17625611428638077,0.15688761526567052,0.7922986944764733,-0.09301117331932539,0.1498341893333514,0.4696022763252599,0.09301117331932539,,False,0.8213579304365987,1.000554078014187,-0.3358836698843096,-0.28391703983337435,False,False,0.0,0.0,214.0,141.0,False
45,136.743,136.4,7.849,0.375,0.571,108.8464,176.3136,0.0,1520,0.001277139208173691,0.057401432056199526,0.0006381620931716656,1564,0.06585677749360613,0.9922843301200078,keep,False,False,False,False,False,False,,False,136.72559008207935,136.98864326923075,7.809768775351371,8.420951084360778,1.1626418123486628,0.033487562506599136,0.8571630946818938,0.9372313821731334,0.033487562506599136,,False,1.2184370505327706,0.9672092931194499,0.21740669858124573,0.28503171742962063,False,False,0.0018924480094411056,0.007782501094443826,134.0,212.0,False
46,733.673,733.45,12.17,0.338,0.024,699.8139,789.7523,0.0,1562,0.001277139208173691,0.016588204598826966,0.0006381620931716656,1564,0.06649616368286446,1.001918158567775,keep,False,False,False,False,False,False,,False,733.7033568399454,733.243414423077,12.214129534688992,11.58449318663312,0.8995577176823438,-0.03776363185697268,0.7602030483482125,0.9303437305975745,0.03776363185697268,,False,0.9243951867911594,0.9965242435118294,-0.15271224382453855,-0.11341834699289949,False,False,0.0,0.0,214.0,204.0,False
47,1.178,1.251,0.19,-0.374,-1.287,0.4967,1.5111,0.0,1341,0.002554278416347382,0.1609878183842376,0.0006381620931716656,1562,0.06594110115236876,0.9935548606323255,keep,False,False,False,False,False,False,,False,1.1765340629274965,1.197976923076923,0.19034109899217352,0.17911568222136523,0.8855275517102316,0.11302773492085849,0.2802278955626004,0.6317418347332308,0.11302773492085849,,False,0.8938692581579873,0.8867129922088863,-0.175390900166124,-0.1618642639270223,False,False,0.0005832207887477292,0.002398436524590214,155.0,120.0,False
48,139.972,140.008,4.524,-0.02,0.158,125.7982,163.2509,0.0,1486,0.0019157088122605363,0.03232248910646329,0.0006381620931716656,1563,0.06653870761356366,1.0025591810620602,keep,False,False,False,False,False,False,,False,139.99064753761968,139.71333557692307,4.510793464363278,4.724378329369193,1.0969414626812186,-0.06125272271199869,0.3235833197842213,0.6831701800281346,0.06125272271199869,,False,1.1286426123826938,0.9427432844241549,0.13348653964009138,0.17458872528912414,False,False,0.0034257240826074398,0.0140879439166356,107.0,172.0,False
50,632.254,631.371,8.644,0.389,-0.128,607.3927,667.7418,0.0,1520,0.001277139208173691,0.013671693155484891,0.0006381620931716656,1564,0.06649616368286446,1.001918158567775,keep,False,False,False,False,False,False,,False,632.289171887825,631.762526923077,8.708733665046621,7.697101590912097,0.7811679551397875,-0.060884505778309145,0.6631244606249924,0.8968909972363392,0.060884505778309145,,False,0.8114781267369968,0.871073522606866,-0.3562953262939154,-0.301375887203898,False,False,0.002765290971406653,0.01137197952285286,117.0,174.0,False
51,157.421,183.318,60.925,-0.51,-1.1,40.2614,258.5432,0.0,1562,0.001277139208173691,0.3870202299304045,0.0006381620931716656,1564,0.06649616368286446,1.001918158567775,keep,False,False,False,False,False,False,,False,157.32344671682625,158.79224326923077,60.65929684085189,64.84052528166686,1.1426107496184672,0.024089402258320125,0.6486134680087499,0.8968909972363392,0.024089402258320125,,False,1.1440455418711877,1.052224084918511,0.19233400789315702,0.19414448369318454,False,False,0.008715514162562776,0.03584167077267142,51.0,227.0,False
53,4.593,4.596,0.055,-7.209,87.253,3.706,4.764,0.0,153,0.03134996801023673,0.011963850344388361,0.0025526483726866626,1514,0.06605019815059446,0.9951986586728993,keep,True,True,True,False,False,False,log,True,4.5928726027397255,4.594368932038835,0.05615577511615546,0.03361663637256324,0.3583601094577633,0.02720975270733625,0.842333338522772,0.9343293261001374,0.02720975270733625,0.0,True,0.9743249276599306,0.860465116279065,-1.4805180408914047,-0.03752511790867537,False,False,0.0014315223169898417,0.0058869907881825565,143.0,221.0,False
54,4.839,4.843,0.06,-5.375,60.262,3.932,5.011,0.0,169,0.021753039027511197,0.01231381482041008,0.0025526483726866626,1529,0.06409417920209287,0.9657267193238417,keep,True,True,True,False,False,False,log,True,4.838299315068493,4.841689320388349,0.060625651635821926,0.04215518229864076,0.4834917902997583,0.056857855304486685,0.8022758648517786,0.9343293261001374,0.056857855304486685,0.0,True,1.0086481648459982,1.0943396226415076,-1.048436701967835,0.012423023453054124,False,False,0.0,0.0,214.0,179.0,False
58,4.593,4.573,0.085,-0.103,1.166,4.2199,4.8475,0.0,382,0.010236724248240563,0.018525800146090586,0.0025526483726866626,1547,0.06528765352294764,0.9837091641390285,keep,False,False,False,False,False,False,,False,4.592049383561644,4.611205825242719,0.08553171920018171,0.0768085228436281,0.8064258171689778,0.22529058165581817,0.02904985455029387,0.18664531548563812,0.22529058165581817,,False,0.8915042892120139,0.9256017505470505,-0.31038626841877864,-0.16568635591536948,False,False,0.008576305458346312,0.03526918905189712,54.0,38.0,False
59,2.96,0.947,9.532,4.719,62.32,-28.9882,168.1455,0.0,1500,0.0019230769230769232,3.220081765726834,0.004467134652201659,1557,0.06679511881824021,1.006422607578677,keep,True,True,True,False,False,False,yeo-johnson,False,2.563464217032967,8.515123076923079,9.313120881760621,10.802343778045296,1.3453816768971527,0.6315841304408201,5.6786377604731255e-11,1.4594099044415933e-08,0.6315841304408201,0.9417067307692308,False,1.6329820076935708,2.4566737247517247,0.42801551497685025,0.7075088952754442,False,False,0.014000057672925337,0.057573821641734725,19.0,1.0,False
60,355.159,353.799,6.028,0.314,0.291,324.7145,373.8664,0.0,1498,0.0019218449711723255,0.016972362117625366,0.0038289725590299937,1558,0.06675224646983312,1.0057766367137355,keep,False,False,False,False,False,False,,False,355.18862855181885,354.7453269230769,6.055208617426642,5.642394922822518,0.8682978776805996,-0.07349519288906396,0.4231144774825383,0.7712086575390946,0.07349519288906396,,False,0.9308531886923483,1.0715155457699492,-0.20373803732145082,-0.10337444659540024,False,False,0.0,0.0,214.0,165.0,False
61,10.423,10.437,0.275,-0.246,1.589,9.4611,11.7849,0.0,1418,0.0019218449711723255,0.026371784830461504,0.0038289725590299937,1558,0.06675224646983312,1.0057766367137355,keep,False,False,False,False,False,False,,False,10.422229512697323,10.435939423076924,0.26942833739426864,0.34356400554548794,1.626030818526328,0.049840427718079915,0.8271962377487238,0.9343293261001374,0.049840427718079915,,True,1.5076038639856597,1.4936552406064603,0.7013546013943377,0.5922573977441229,False,False,0.0026140555065015114,0.010750038964765568,121.0,191.0,False
62,116.502,116.212,8.629,5.297,101.751,81.49,287.1509,0.0,1518,0.0012812299807815502,0.07406737372027716,0.0038289725590299937,1559,0.06670942912123155,1.005131494547787,keep,True,True,True,False,False,False,log,True,116.54615223061084,115.8883798076923,8.502703227748151,10.264794864457553,1.4574259811119659,-0.07618059894749254,0.4507997236710062,0.7935310204345793,0.07618059894749254,1.8834134615384617,False,1.5783288748613626,1.2335465505313408,0.5434226145445625,0.6583978496454796,False,False,0.006141609249001867,0.025256747061769592,72.0,162.0,False
63,13.99,13.246,7.12,10.682,237.588,1.6591,188.0923,0.0,1534,0.0019230769230769232,0.5089278246223595,0.004467134652201659,1557,0.06615285806037251,0.9967454671211896,keep,True,True,True,False,False,False,log,False,13.875941071428569,15.585729807692307,7.0675021332520025,7.676164015293407,1.179659297149478,0.2403828164327922,0.0886008506271989,0.34500634259378965,0.2403828164327922,2.8251201923076925,False,1.8719581202724946,1.256927272650156,0.2383702483272839,0.9045481590927706,False,False,0.0028039685497820432,0.011531037153252866,115.0,34.0,False
64,20.542,20.021,4.977,1.128,3.038,6.4482,48.9882,0.0,1496,0.0019230769230769232,0.24230557067607914,0.004467134652201659,1557,0.06679511881824021,1.006422607578677,keep,True,True,False,False,False,False,log,False,20.440290521978024,21.967568269230767,4.729374695078945,7.538979894647286,2.541076405045127,0.30749479708294963,0.17116935142388323,0.4782621234577203,0.30749479708294963,,True,2.457283961279435,1.8429244005681955,1.345439754975094,1.2970645837311046,False,False,0.010767792347905258,0.044281457305168026,31.0,22.0,False
65,27.132,26.261,7.122,3.326,29.097,4.308,118.0836,0.0,1550,0.001282051282051282,0.26248531263104036,0.004467134652201659,1558,0.06675224646983312,1.0057766367137355,keep,True,True,True,False,False,False,log,False,27.027495535714284,28.592296153846153,6.9511833111391255,9.099575436697055,1.7136604606141879,0.21987728836174872,0.1695889908374082,0.4782621234577203,0.21987728836174872,3.7668269230769234,True,2.281699462766471,1.7441418476088484,0.7770812866302539,1.190108777546755,False,False,0.017162438375292854,0.07057879253363872,10.0,44.0,False
66,706.669,706.454,11.623,-0.204,1.952,632.4226,770.6084,0.0,1559,0.0012812299807815502,0.01644770916846029,0.0038289725590299937,1559,0.06670942912123155,1.005131494547787,keep,False,False,False,False,False,False,,False,706.7896903912148,704.9710125,11.5875470887993,12.039447493166616,1.0795185015524666,-0.15646508400524187,0.17956209179280114,0.4856460609208952,0.15646508400524187,,False,1.1254407005243479,1.0468466818643876,0.11038796950146225,0.17049004318633434,False,False,0.0,0.0,214.0,84.0,False
67,16.715,0.978,307.502,20.785,442.509,0.4137,7272.8283,0.0,1306,0.0025624599615631004,18.396298723950185,0.0038289725590299937,1557,0.06679511881824021,1.006422607578677,keep,True,True,True,False,False,False,log,False,13.468253328757722,62.207329807692304,271.32121286803596,623.9214055394201,5.288010049152093,0.1584967638626234,0.17120667454517613,0.4782621234577203,0.1584967638626234,1.8834134615384617,True,1.5139079833992615,1.15464512406232,2.4027249184961557,0.5982775197702304,False,False,0.0,0.0,214.0,83.0,False
68,147.438,147.597,4.24,-2.897,35.025,87.0255,167.8309,0.0,1479,0.0019218449711723255,0.028758578720224297,0.0038289725590299937,1558,0.06675224646983312,1.0057766367137355,keep,True,True,True,False,False,False,log,True,147.49656225120108,146.61122596153845,3.9701565006991637,6.981632752548318,3.0924219507837076,-0.2089172500634582,0.10244117307347339,0.3871673747041568,0.2089172500634582,2.8251201923076925,True,1.111074948695612,1.0344229869411747,1.6287371836775573,0.15195613847718709,False,True,0.0,0.0,214.0,51.0,False
70,619.102,619.033,9.539,0.757,8.564,581.7773,722.6018,0.0,1533,0.0019218449711723255,0.015408115620500273,0.0038289725590299937,1558,0.06675224646983312,1.0057766367137355,keep,False,True,False,False,False,False,,False,619.2342210706933,617.2449288461539,9.508010590671613,9.825744939062348,1.0679518172307594,-0.20865424629914073,0.08052822614975857,0.3435914903864211,0.20865424629914073,,False,1.087725658586249,0.9097891566265088,0.09484655843901961,0.12131473222678953,False,False,0.01334179425210169,0.054866779880251765,22.0,52.0,False
71,104.329,102.604,31.652,1.252,3.358,21.4332,238.4775,0.0,1557,0.0012812299807815502,0.3033853348115556,0.0038289725590299937,1559,0.06670942912123155,1.005131494547787,keep,True,True,False,False,False,False,log,False,104.3462796156486,104.08742115384615,31.196790768795573,37.62758435439513,1.4547649724873577,-0.008171753307669422,0.2892090055809914,0.6458033779635854,0.008171753307669422,,False,1.3650417703671593,1.0245715793188763,0.5407860944288837,0.4489450983828849,False,False,0.0,0.0,214.0,249.0,False
75,-0.007,-0.006,0.022,0.385,10.062,-0.1049,0.2315,0.19,675,0.005184705119896306,3.2293232547604656,0.015315890236119975,1535,0.06644951140065146,1.0012152342771234,keep,False,True,True,False,False,False,,False,-0.007070535093815149,-0.004585576923076922,0.021393207796837045,0.03231446644169607,2.281613930659286,0.11142541419395796,0.7806447831885847,0.9343293261001374,0.11142541419395796,1.8834134615384617,True,1.076167469315006,0.9437148217636023,1.1900546954637383,0.10590260238363261,False,False,0.0,0.0,214.0,122.0,False
76,-0.029,-0.029,0.033,-0.194,0.271,-0.1862,0.0723,0.0,891,0.004536616979909268,1.1297293268343964,0.015315890236119975,1536,0.06770833333333333,1.0201822916666667,keep,False,False,False,False,False,False,,False,-0.02889339819318971,-0.036268269230769236,0.03305060484658637,0.034686698338636225,1.1014558738361753,-0.22227775245112597,0.03283849123845793,0.18696748230921822,0.22227775245112597,,False,0.9587201126887246,0.7392739273927392,0.13941169942110984,-0.060818396402528126,False,False,0.0031745756343897202,0.013055121316822403,112.0,40.0,False
77,-0.007,-0.01,0.031,0.59,0.38,-0.1046,0.1331,0.32,842,0.004536616979909268,4.454820904123021,0.015315890236119975,1536,0.06770833333333333,1.0201822916666667,keep,False,False,False,False,False,False,,False,-0.007087074357192496,-0.006409615384615385,0.03117997868251186,0.03402174781110576,1.1905883103392914,0.02157977889075893,0.6808253987544829,0.8972929614353954,0.02157977889075893,,False,1.1415044332227973,1.0824675324675326,0.25167463460521644,0.1909364625202363,False,False,0.0,0.0,214.0,231.0,False
78,-0.014,-0.012,0.048,0.175,1.69,-0.3482,0.2492,0.0,995,0.0038885288399222295,3.5090359533553164,0.015315890236119975,1537,0.06766428106701367,1.0195185426154847,keep,False,False,False,False,False,False,,False,-0.013082835302293254,-0.0213875,0.04775647096256493,0.04902762583136363,1.0539433624516201,-0.17349896617395727,0.023132468687752213,0.16985841293578052,0.17349896617395727,,False,1.02849649961813,1.1058673469387756,0.07579734049917863,0.04053688380727223,False,False,0.009284598359827756,0.038181971994131855,44.0,73.0,False
79,0.003,0.001,0.023,0.998,1.669,-0.0568,0.1013,0.13,691,0.005832793259883344,6.673643482720262,0.015315890236119975,1534,0.06714471968709257,1.0116901514391736,keep,False,False,False,False,False,False,,False,0.002979082696316887,0.010089423076923076,0.022847846491149723,0.025275794930578667,1.2238243837558793,0.30875153375160475,0.003927570393785748,0.056076977289052074,0.30875153375160475,,False,1.2685693794785953,1.3548387096774195,0.2913965491563918,0.3432024241653903,False,False,0.009608673405431034,0.0395146978521248,41.0,20.0,False
80,-0.019,-0.009,0.049,-0.184,-0.202,-0.1437,0.1186,0.13,922,0.004536616979909268,2.6564455283774,0.015315890236119975,1536,0.06770833333333333,1.0201822916666667,keep,False,False,False,False,False,False,,False,-0.018120708825573314,-0.02420480769230769,0.048555761235403484,0.05767903554767738,1.4110891270524792,-0.12355432960381654,0.4472517217978055,0.7927151207036967,0.12355432960381654,,False,1.4143747523769132,1.9338758901322484,0.4968091141547079,0.5001644269109,False,False,0.0005198853345764753,0.0021379758731240477,159.0,106.0,False
81,-0.021,-0.02,0.017,-0.68,2.278,-0.0982,0.0584,0.13,580,0.010369410239792612,0.8046543160103,0.015315890236119975,1527,0.06679764243614932,1.0064606317062115,keep,False,True,False,False,False,False,,False,-0.021261362056984017,-0.019658653846153847,0.016866198714039042,0.019063290655011816,1.2775011904526028,0.09410983716021012,0.1861364484702711,0.4931656418232956,0.09410983716021012,,False,1.2756920588513723,1.1956521739130437,0.3533246355537117,0.3512801168891443,False,False,0.0,0.0,214.0,139.0,False
82,0.006,0.008,0.036,0.233,1.791,-0.2129,0.1437,0.19,888,0.0038885288399222295,5.9578772078823725,0.015315890236119975,1537,0.06701366297983084,1.0097154797057206,keep,False,False,False,False,False,False,,False,0.006180611535788741,0.004315384615384614,0.03613937716814478,0.03528616926783364,0.9533397444958509,-0.051667547063137004,0.7967829131860763,0.9343293261001374,0.051667547063137004,,False,0.9998858973881467,1.1862967157417894,-0.06893765163224358,-0.00016462466450394453,False,False,0.001032569068508682,0.004246335891748441,149.0,189.0,False
83,7.452,7.467,0.516,-0.08,-0.011,5.8257,8.9904,0.0,1506,0.0019157088122605363,0.06927627093459937,0.0006381620931716656,1563,0.06653870761356366,1.0025591810620602,keep,False,False,False,False,False,False,,False,7.455438235294117,7.40466923076923,0.5143760158577544,0.5422998935810732,1.1115208609037697,-0.09829255036791992,0.22693609746628418,0.5450708135405143,0.09829255036791992,,False,1.070186908645476,0.8502970578818196,0.15253502496409027,0.09786278599755974,False,False,0.0024044406151555453,0.009888018918152249,127.0,137.0,False
84,0.133,0.133,0.005,0.115,0.17,0.1174,0.1505,0.0,180,0.01864951768488746,0.037948919359799584,0.007657945118059987,1526,0.0674967234600262,1.016993900594818,keep,False,False,False,False,False,False,,False,0.13311936595451412,0.13294807692307692,0.005083863980971503,0.00459235288318898,0.8159859107745414,-0.03388381243731405,0.7322259365870484,0.9135051733149098,0.03388381243731405,,False,0.8422405157260953,1.0801526717557248,-0.2933838527778237,-0.24769581730105225,False,False,0.0029149087669047002,0.011987267579065144,114.0,210.0,False
86,2.402,2.404,0.037,-0.335,1.088,2.2425,2.5555,0.0,472,0.008934269304403318,0.01554282176074916,0.0,1553,0.06632324533161622,0.9993127445638714,keep,False,False,False,False,False,False,,False,2.4016230348598766,2.405367307692308,0.03759414260162862,0.03339225665227779,0.7889530701377198,0.10024815929545544,0.3832785216222103,0.7531742546604311,0.10024815929545544,,False,0.8217179402680633,0.8826923076922993,-0.34198860896197225,-0.28328482994447357,False,False,0.0012333252525171812,0.005071925400135479,144.0,130.0,False
87,0.982,0.987,0.013,-6.451,89.228,0.7749,0.9935,0.0,249,0.02488832163369496,0.013077745009482758,0.0,1528,0.06740837696335078,1.0156627567458718,keep,True,True,True,False,False,False,log,False,0.9825244702665756,0.9809548076923077,0.011883662121597237,0.022423556787266933,3.5604788543620005,-0.12213222054231083,0.903422296249579,0.9634005399839909,0.12213222054231083,1.5067307692307694,True,0.992191824862991,1.2417582417582387,1.8320712845498621,-0.011309024653556628,False,True,0.001926543536659775,0.007922715502750503,132.0,110.0,False
88,1807.815,1809.249,53.537,-0.273,0.916,1627.4714,2105.1823,0.0,973,0.003190810465858328,0.029614347472979648,0.0,1562,0.06658130601792574,1.003201024327785,keep,False,False,False,False,False,False,,False,1807.4316734791526,1813.2076903846153,53.50905201889311,53.90249491783915,1.0147597216989235,0.10784056419871595,0.2940038724581303,0.6458033779635854,0.10784056419871595,,False,0.9979904615805226,1.0024675445319207,0.021138161547941063,-0.00290206799841279,False,False,0.004347933760688205,0.017880437973626814,91.0,124.0,False
89,0.189,0.19,0.052,18.342,422.94,0.1113,1.4727,0.0,650,0.005936675461741424,0.2775408977809969,0.03254626675175495,1507,0.0683477106834771,1.0298159869327752,keep,True,True,True,False,False,False,log,True,0.18826999292285915,0.19464660194174757,0.04327830917576684,0.12154731977391502,7.887696709034756,0.12171074779140152,0.026156200250408407,0.1816795530906746,0.12171074779140152,1.8834134615384617,True,1.1297689861410518,1.1935483870967736,2.9796040795069416,0.17602780217942368,False,True,0.012881084061778125,0.052972155804701354,24.0,111.0,True
90,8827.537,8825.435,396.314,0.342,1.215,7397.31,10746.6,0.0,1513,0.0013192612137203166,0.04489515794805078,0.03254626675175495,1514,0.06737120211360634,1.0151026318463572,keep,False,False,False,False,False,False,,False,8833.289516985138,8748.61942038835,401.1143753473386,314.42373639434396,0.6144608185023892,-0.21377719708258672,0.03204922295486527,0.18696748230921822,0.21377719708258672,,True,0.6697176320364727,0.7203872248493299,-0.7026070757532147,-0.5783751436855528,False,False,0.0,0.0,214.0,47.0,False
91,0.002,0.0,0.088,-0.138,1.436,-0.357,0.3627,3.72,1191,0.037155669442664956,35.93790153379938,0.0038289725590299937,1503,0.06520292747837658,0.9824325707559242,keep,False,False,False,True,False,False,,False,0.002220727522306108,0.0055096153846153845,0.0888216674496504,0.07008279087300721,0.6225653313323168,0.03748043718032056,0.3018250375996202,0.6569255184863448,0.03748043718032056,,True,0.6524007740762865,0.802659574468085,-0.683702854905742,-0.6161696010727623,False,False,0.012051632606802754,0.04956112056149789,25.0,205.0,True
92,0.001,0.0,0.003,1.417,9.68,-0.0126,0.0281,1.73,180,0.025559105431309903,6.374074016454972,0.0012763241863433313,1525,0.06491803278688525,0.9781399747793191,keep,True,True,False,True,False,False,yeo-johnson,False,0.0005140314852840521,0.0004067307692307692,0.0032526788069106682,0.0029223034013478987,0.8071760123842427,-0.03318408974493663,0.4629014769308101,0.7955230935458405,0.03318408974493663,,False,0.9556148123136418,0.9758064516129031,-0.30904479374402427,-0.06549887871783855,False,False,0.000406829472547221,0.001673045071545087,164.0,214.0,False
93,-0.001,-0.0,0.003,-1.283,4.876,-0.0171,0.0133,2.24,174,0.027476038338658148,5.568494965810494,0.0012763241863433313,1522,0.06701708278580815,1.0097670069746285,keep,True,True,False,True,False,False,yeo-johnson,False,-0.0005655030800821356,-0.00018942307692307694,0.0030083128384068344,0.0030238186578528136,1.0103352153121519,0.12491106824822215,0.3243064667837837,0.6831701800281346,0.12491106824822215,,False,1.002645290699739,1.0096153846153846,0.014834038750785351,0.0038113089836737902,False,False,0.0,0.0,214.0,105.0,False
95,0.0,0.0,0.0,0.127,10.252,-0.0009,0.0009,43.37,14,0.4336963484945548,1.7393900430549103,0.0038289725590299937,884,0.07692307692307693,1.1590236686390534,keep,False,True,True,True,False,False,,False,5.8339052848318466e-05,8.365384615384616e-05,0.00010384497013026214,0.0001098194254157966,1.1183748773804276,0.24271032411908905,0.005953039589264466,0.06954232611095307,0.24271032411908905,1.5067307692307694,False,1.2031838653851865,2.0,0.1614038582028156,0.26685712581431575,False,False,0.0,0.0,214.0,33.0,False
96,0.017,0.004,0.22,1.263,18.115,-1.4803,2.5093,3.78,1333,0.03779628443305574,12.820846449656164,0.0038289725590299937,1502,0.06524633821571238,0.9830866536925126,keep,True,True,True,True,False,False,yeo-johnson,True,0.017688126286890878,0.009260576923076925,0.22250116956197238,0.17421011441564602,0.6130305751091694,-0.0383516315645698,0.9624645594036612,0.9901511841955059,0.0383516315645698,0.0,True,0.7734740647291707,0.9915876777251184,-0.7059690642692821,-0.37057517724525546,False,False,0.0008772399808270048,0.003607560723896606,151.0,201.0,False
98,-0.018,0.0,0.427,-1.307,20.868,-5.2717,2.5698,3.72,1420,0.037155669442664956,23.541733633213536,0.0038289725590299937,1503,0.06520292747837658,0.9824325707559242,keep,True,True,True,True,False,False,yeo-johnson,True,-0.015781606039807824,-0.0512201923076923,0.433743471723873,0.3198206355266972,0.5436846371210724,-0.08292426968056447,0.3431994571505299,0.71130855232005,0.08292426968056447,0.0,True,0.7442298463390494,1.027915019762846,-0.8791580323617628,-0.426179845915334,False,False,0.004217562249879903,0.01734429831721979,93.0,151.0,False
100,-0.0,0.0,0.0,-0.075,9.246,-0.003,0.0023,18.26,35,0.1825752722613709,16.716649849198713,0.0038289725590299937,1276,0.06583072100313479,0.9918917289606944,keep,False,True,False,True,False,False,,False,-2.7453671928620443e-05,6.538461538461539e-05,0.00034874367645893286,0.0004325964129070476,1.538697133561101,0.2614674957642138,0.04339827597542954,0.22761952909562028,0.2614674957642138,,True,1.2779127699491672,1.0,0.6217092895549278,0.35378936159259283,False,False,0.0,0.0,214.0,28.0,False
101,-0.0,0.0,0.0,-0.276,18.376,-0.0024,0.0017,29.21,29,0.29212043561819345,30.496465933902087,0.0038289725590299937,1105,0.0669683257918552,1.0090323703445876,keep,False,True,True,True,False,False,,False,-5.765271105010297e-06,-2.7884615384615386e-05,0.00022488026686426628,0.00015102030389388095,0.4509911127671045,-0.10014623565724004,0.1995009497836696,0.5231810621877867,0.10014623565724004,0.0,True,0.675200313653268,1.0,-1.1488290908815524,-0.5666125206617114,False,False,0.0030139964113800044,0.01239475549827232,113.0,131.0,False
102,0.001,0.0,0.063,-0.206,6.724,-0.5353,0.2979,3.78,1066,0.03779628443305574,56.49320277248337,0.0038289725590299937,1502,0.06524633821571238,0.9830866536925126,keep,False,True,False,True,False,False,,False,0.0018416609471516821,-0.009071153846153847,0.06219816943472346,0.07247537469044082,1.357768511017733,-0.17333137041985047,0.005245170351186244,0.06740043901274323,0.17333137041985047,,False,1.214979289835319,0.8915574963609897,0.4412375322523102,0.2809317223030487,False,False,0.0,0.0,214.0,74.0,False
103,-0.01,-0.01,0.003,0.831,8.097,-0.0329,0.0203,0.0,153,0.021725239616613417,0.3130581134545194,0.0012763241863433313,1531,0.0659699542782495,0.9939895995578556,keep,False,True,False,False,False,False,,False,-0.009912662559890486,-0.008052884615384615,0.0029946019634699075,0.0034971266077780164,1.3637805773505678,0.6134360737029428,9.550429878231896e-09,1.2272302393527987e-06,0.6134360737029428,,False,1.2814088857415287,1.3999999999999995,0.44761154360478417,0.35773089980615613,False,False,0.007397643747533156,0.03042206194001865,65.0,2.0,False
104,-0.0,0.0,0.001,-3.107,52.038,-0.0119,0.0071,7.22,55,0.07220447284345048,58.13794844674646,0.0012763241863433313,1452,0.06887052341597796,1.0376933672388218,keep,True,True,True,True,False,False,yeo-johnson,True,-5.817932922655711e-06,-0.00013846153846153847,0.000788183514012049,0.0014719584531591701,3.4876782298550366,-0.15591434541547589,0.5395686514286648,0.8353562856455835,0.15591434541547589,2.511217948717949,True,1.1640075153558085,1.125,1.8022669444709527,0.21910037296402649,False,True,0.0,0.0,214.0,85.0,False
107,-0.002,0.0,0.087,-0.28,2.965,-0.5226,0.4856,3.78,1159,0.03779628443305574,49.534979488215775,0.0038289725590299937,1502,0.06524633821571238,0.9830866536925126,keep,False,True,False,True,False,False,,False,-0.0014096774193548378,-0.00675673076923077,0.08688305253038431,0.09569537810756647,1.213142405068735,-0.06108490735887841,0.8723606799888701,0.945977615009028,0.06108490735887841,,False,1.0121784460185432,0.9984631147540985,0.27874891156951714,0.01746365810653195,False,False,0.0,0.0,214.0,173.0,False
108,-0.011,-0.011,0.087,0.412,1.743,-0.3454,0.3938,3.78,1183,0.03779628443305574,8.041616979842843,0.0038289725590299937,1502,0.06524633821571238,0.9830866536925126,keep,False,False,False,True,False,False,,False,-0.010804941660947151,-0.010559615384615388,0.08674267087678324,0.08738964582780323,1.0149727393327872,0.0028254495918903183,0.8360617021229586,0.9343293261001374,0.0028254495918903183,,False,1.0221423517915227,0.9924684159378039,0.021440979274932704,0.03159613162022145,False,False,0.0,0.0,214.0,255.0,False
112,0.458,0.463,0.049,-8.928,80.001,0.0,0.4885,1.06,249,0.014084507042253521,0.10696273318846,0.4562858966177409,840,0.08452380952380953,1.2735462454212456,keep,True,True,True,True,True,False,log,False,0.4569235595390525,0.46429295774647894,0.05103463010424922,0.006693543241569484,0.01720212915093277,0.15049108115124454,0.009170209067836962,0.08728680483089257,0.15049108115124454,0.0,True,0.024538945496706804,1.1159420289855102,-5.861269047789957,-5.348782935857808,True,False,0.004293013823588376,0.017654585285228556,92.0,90.0,False
113,0.945,0.946,0.012,-1.041,6.316,0.8534,0.9763,0.0,468,0.007657945118059987,0.012833257590918424,0.0,1555,0.06688102893890675,1.0077170418006431,keep,True,True,False,False,False,False,log,True,0.94541989063568,0.9454846153846154,0.012188352830521169,0.0113788747309168,0.8715826915229153,0.005330405129788487,0.5916359041170305,0.8702611170287683,0.005330405129788487,,False,0.9351193768534231,0.9635036496350244,-0.19829054816047892,-0.09677754443155409,False,False,0.00850674004438634,0.034983108320707675,55.0,251.0,False
115,747.384,750.861,48.949,-0.272,1.095,544.0254,924.5318,0.0,1567,0.0006381620931716656,0.06549412820531647,0.0,1566,0.06641123882503193,1.000638569604087,keep,False,False,False,False,False,False,,False,747.9533277511962,739.3719509615386,49.06200732790415,46.82952511536789,0.9110639902131955,-0.17533887205229814,0.0755994930729072,0.33432422553265495,0.17533887205229814,,False,0.9016611332882283,0.7286753307312658,-0.13437570702788068,-0.14934276027586152,False,False,0.003914116431211978,0.016096408069188634,100.0,71.0,False
118,0.598,0.599,0.008,-1.555,9.707,0.5274,0.6245,0.0,328,0.009073233959818535,0.01353836817417207,0.015315890236119975,1529,0.06736429038587312,1.0149984907179153,keep,True,True,False,False,False,False,log,True,0.5984615010423906,0.5977221153846155,0.008173590701139585,0.007027131286839568,0.739146223585504,-0.09121497046280257,0.15909174311566776,0.4699606664451335,0.09121497046280257,,False,0.9613040084881546,0.9351351351351189,-0.4360682972631365,-0.056935345283195514,False,False,0.0,0.0,214.0,145.0,False
120,6.311,6.314,0.124,0.352,17.002,5.1259,7.522,0.0,1269,0.0025526483726866626,0.019696892466290576,0.0,1563,0.06589891234804862,0.9929191889364634,keep,False,True,True,False,False,False,,False,6.311534859876965,6.301412499999999,0.12403581794302398,0.128264265042502,1.0693432296850451,-0.08138374755498474,0.21253431958874613,0.5388769311921922,0.08138374755498474,1.8834134615384617,False,1.314325222612775,1.2711433046202048,0.0967249927095867,0.394322306859421,False,False,0.0,0.0,214.0,155.0,False
125,1.185,1.144,0.281,0.956,1.353,0.3122,2.465,0.0,155,0.03080872913992298,0.2367638594106523,0.00574345883854499,1510,0.06688741721854305,1.0078132959755477,keep,False,False,False,False,False,False,,False,1.191248280605227,1.0969807692307691,0.2831529056483139,0.22458876078567958,0.6291207252272263,-0.33692187280103647,0.001538907458109188,0.031676686283347646,0.33692187280103647,,True,0.6472422325083501,0.798087357569181,-0.6685912050095071,-0.627622348302223,False,False,0.01705782397645117,0.07014857639590692,11.0,15.0,False
126,2.751,2.735,0.253,1.717,5.576,2.34,3.991,0.0,273,0.012195121951219513,0.09214679508210306,0.00574345883854499,1539,0.06562703053931124,0.9888226620682761,keep,True,True,False,False,False,False,log,False,2.746995873452545,2.802913461538462,0.2519965560553522,0.2691413571123728,1.1407005867920015,0.2207655576709189,0.03346499683355657,0.18696748230921822,0.2207655576709189,,False,1.1190278179662487,0.8740861088545903,0.18992016004334833,0.16224590078536894,False,False,0.011691720498411051,0.048081018406253354,26.0,42.0,False
127,0.648,0.654,0.135,0.66,0.621,0.3161,1.175,0.0,324,0.011553273427471117,0.208810397689853,0.00574345883854499,1540,0.06688311688311688,1.0077485014985015,keep,False,False,False,False,False,False,,False,0.6511958046767538,0.610475,0.13698751261632197,0.10433063922718674,0.5800451191057215,-0.30133386296481496,0.005885085686092083,0.06954232611095307,0.30133386296481496,,True,0.6119004762697536,0.8016362853451995,-0.7857629695120529,-0.7086310727996009,False,False,0.01501522497000285,0.06174859450795607,16.0,23.0,False
128,3.192,3.195,0.264,-5.364,66.974,0.0,3.895,0.32,268,0.013478818998716302,0.0827567222184067,0.00574345883854499,1537,0.06701366297983084,1.0097154797057206,keep,True,True,True,False,False,False,log,False,3.1899167812929843,3.2238557692307697,0.268900349106975,0.1839629773997243,0.46803478076819965,0.1284347447112011,0.08563560743813177,0.3435914903864211,0.1284347447112011,0.0,True,0.9075771439192284,1.0190677966101682,-1.0953123510245597,-0.13990781770785982,False,False,0.01142700876061431,0.046992418149423225,27.0,102.0,True
129,-0.554,-0.142,1.22,-0.976,0.6,-3.779,2.458,11.36,93,0.11360718870346598,2.202122730724133,0.00574345883854499,1381,0.06154960173787111,0.9273867877235002,keep,False,False,False,True,False,False,,False,-0.5879594222833563,-0.08264134615384615,1.236553696326795,0.8403831126580833,0.4618794856756443,0.4159284093250021,4.831540255418541e-05,0.0020695097427376086,0.4159284093250021,,True,0.44748402961083256,0.7143144755385544,-1.1144116244121576,-1.1600919003593977,False,False,0.0015745341240893662,0.0064751123850337895,141.0,9.0,False
130,0.745,0.759,0.083,-0.701,0.1,0.4199,0.8884,0.0,310,0.010911424903722721,0.1107837225177989,0.00574345883854499,1541,0.06683971447112265,1.0070945440023962,keep,False,False,False,False,False,False,,False,0.7432802613480054,0.7686903846153847,0.08356695385539331,0.0619868973302208,0.5502127553695144,0.3085505269377211,0.008327591922210454,0.08231504323108027,0.3085505269377211,,True,0.5727315284490079,0.8041958041958049,-0.861938509404382,-0.80406906993837,False,False,0.022443642798296137,0.0922972117435503,3.0,21.0,False
132,2.319,2.312,0.053,0.225,-0.506,2.1911,2.4723,0.0,306,0.010262989095574085,0.02293714881474147,0.005105296745373325,1543,0.06740116655865197,1.015554115359689,keep,False,False,False,False,False,False,,False,2.3185394501718215,2.3186173076923073,0.05274891183555385,0.05917332848785497,1.258418192205081,0.0014628405839664568,0.5545521149564234,0.8534125361904241,0.0014628405839664568,,False,1.2676388538392083,1.135625,0.3316114322031272,0.3421437849196331,False,False,0.01634448517111453,0.06721504268425627,12.0,256.0,True
134,39.392,38.903,2.99,1.822,11.042,33.3658,64.1287,0.0,335,0.007055805003207184,0.07591586399623285,0.005105296745373325,1548,0.06589147286821706,0.9928070960047706,keep,True,True,True,False,False,False,log,False,39.41640233676976,39.050279807692306,3.014121029294942,2.6266357430145346,0.7594135214765502,-0.122388407964526,0.22016372675167384,0.5388769311921922,0.122388407964526,0.0,False,0.9273143237618192,0.9710673753771001,-0.39704240829077964,-0.10886965520727135,False,False,0.010932722044007415,0.04495971400443682,30.0,109.0,True
200,17.6,17.235,8.691,13.41,252.393,3.21,199.62,0.0,1008,0.0038461538461538464,0.493785428435219,0.004467134652201659,1554,0.06692406692406692,1.0083655083655083,keep,True,True,True,False,False,False,log,True,17.459471153846152,19.570288461538464,8.145175862019327,14.205914155849342,3.0418475241818284,0.24313390342550054,0.007687641485583488,0.07902895447179825,0.24313390342550054,1.8834134615384617,True,0.9661968593103066,0.837276878372769,1.6049478382629663,-0.04961093168972795,False,True,0.0033402688019388282,0.013736517715222604,110.0,32.0,False
201,7.839,6.76,5.104,9.725,197.646,0.0,126.53,0.06,861,0.0038461538461538464,0.6511367760543915,0.004467134652201659,1554,0.06563706563706563,0.9889738639738639,keep,True,True,True,False,False,False,log,False,7.800068681318682,8.389423076923077,5.033113182855204,6.0169596597803,1.4291598473825127,0.11541322489477494,0.47597707632946484,0.7955230935458405,0.11541322489477494,1.8834134615384617,False,1.1948982340833942,0.974846282839575,0.5151672867129332,0.25688775340683406,False,False,0.0019133550024648116,0.007868478989359192,133.0,116.0,False
210,0.089,0.08,0.042,3.853,25.527,0.0319,0.5164,0.0,798,0.005184705119896306,0.47334912482840513,0.015315890236119975,1535,0.06775244299674267,1.0208469055374594,keep,True,True,True,False,False,False,log,False,0.08770653231410702,0.10490576923076925,0.0390249144644069,0.0703506927214852,3.2497715820672166,0.4107108893976832,0.01257856295864627,0.10428034452813198,0.4107108893976832,3.7668269230769234,True,1.81122023562658,1.6694528875379933,1.7003383184488563,0.8569619816984188,False,False,0.005002460125943742,0.020572111471937563,78.0,11.0,False
270,29.26,28.774,8.402,5.167,54.185,15.5471,158.526,0.0,599,0.006402048655569782,0.28714727306557974,0.003190810465858328,1552,0.06572164948453608,0.9902483148295005,keep,True,True,True,False,False,False,log,False,29.323677023319622,28.371660576923077,8.303769837978884,9.676834250584491,1.358050746608021,-0.11326260144819907,0.04059296395985076,0.21734149453503426,0.11326260144819907,2.008974358974359,False,0.8668134750827963,1.0728202702303171,0.44153739012156507,-0.2062065138092381,False,False,0.001737100515863732,0.0071436502342069495,139.0,119.0,False
273,20.181,19.581,3.83,0.998,5.37,8.6512,43.5737,0.0,518,0.00643915003219575,0.1898030714842928,0.008934269304403318,1543,0.06675307841866494,1.005789171942769,keep,False,True,False,False,False,False,,False,20.155900414078676,20.534380769230772,3.8257216004221073,3.8974630213177397,1.0378564307529756,0.09875854093150385,0.8441395560462887,0.9343293261001374,0.09875854093150385,,False,1.0458918024253325,0.7727401311559732,0.05360688592487283,0.06473361240874857,False,False,0.004188143693327762,0.017223317477893265,94.0,135.0,False
274,136.292,110.601,85.608,2.169,6.082,0.0,659.1696,0.06,518,0.00643915003219575,0.6281184303343585,0.008934269304403318,1543,0.06675307841866494,1.005789171942769,keep,True,True,False,False,False,False,log,False,136.4140935127674,134.59726538461538,85.47345659512621,87.86243720485474,1.0566811423166602,-0.02120589716767972,0.8229397362131874,0.9343293261001374,0.02120589716767972,,False,1.1226287419992846,0.7900981692692058,0.07954010349722891,0.16688090135264289,False,False,0.013417287748090478,0.05517723924939959,21.0,232.0,True
275,8.693,0.078,168.949,19.647,384.493,0.0111,3332.5964,0.0,458,0.0103026400515132,19.434634529494357,0.008934269304403318,1537,0.06636304489264802,0.9999124167959563,keep,True,True,True,False,False,False,log,False,9.30954741200828,0.10601153846153848,174.89523038599629,0.09994297530178528,3.265491944267271e-07,-0.05443625813676481,0.8407745561031099,0.9343293261001374,0.05443625813676481,0.0,True,0.6706140758241887,0.8849601593625499,-21.546196314984318,-0.576445330054749,False,True,0.004143970540869679,0.017041659854732674,95.0,183.0,False
278,0.001,0.001,0.0,0.507,1.489,0.0,0.0034,0.51,22,0.15789473684210525,0.3042922898208679,0.00574345883854499,1312,0.06097560975609756,0.9187382739212008,keep,False,False,False,False,False,False,,False,0.0011207015130674002,0.0010721153846153845,0.00034484392517483486,0.0002608636629252953,0.5722450131749559,-0.14286230016614543,0.2165753214075501,0.5388769311921922,0.14286230016614543,,True,0.6245743066818733,1.0,-0.8052951094071585,-0.6790548729273174,False,False,0.006280428028322849,0.02582762525583631,71.0,93.0,False
280,0.018,0.017,0.006,2.833,14.963,0.0073,0.0755,0.0,246,0.014057507987220448,0.3594972820167069,0.0012763241863433313,1543,0.06740116655865197,1.015554115359689,keep,True,True,True,False,False,False,log,False,0.018120807665982203,0.016807692307692305,0.006612833488338349,0.004088171246097206,0.3821932248967958,-0.20264341213483308,0.1051874135727399,0.3917850041767269,0.20264341213483308,0.0,True,0.458858151179008,1.0346153846153847,-1.3876258908640617,-1.123879858936034,False,False,0.0026298976662437745,0.010815188244913522,120.0,57.0,False
281,0.015,0.014,0.006,2.917,13.582,0.0069,0.0597,0.0,227,0.01597444089456869,0.36739499986834756,0.0012763241863433313,1540,0.06623376623376623,0.9979645354645355,keep,True,True,True,False,False,False,log,False,0.015164613278576317,0.014102884615384614,0.005622428210040253,0.004219889492197984,0.5633188946689482,-0.19152330317959412,0.03774640508341815,0.20640055545613753,0.19152330317959412,0.0,True,0.6298588860159939,0.8541666666666667,-0.8279762320654042,-0.6668994523840411,False,False,0.0,0.0,214.0,64.0,False
285,2.12,1.875,0.963,1.265,1.951,0.4611,6.8698,0.0,1527,0.0019181585677749361,0.4542526935848241,0.0019144862795149968,1561,0.06598334401024984,0.9941913467698222,keep,True,False,False,False,False,False,log,False,2.122967671232877,2.0752605769230774,0.9651264478921363,0.934821806748473,0.9381866210109048,-0.04950818981899051,0.7516100247639996,0.9286720017516726,0.04950818981899051,,False,0.9882281197688074,0.8748512916383411,-0.09205316742678464,-0.01708398701346993,False,False,7.550400724354311e-05,0.00031050259562021313,170.0,192.0,False
294,401.815,278.672,477.05,4.426,23.08,0.0,3933.755,0.06,1562,0.0012779552715654952,1.1872388355980854,0.0012763241863433313,1563,0.06589891234804862,0.9929191889364634,keep,True,True,True,False,False,False,log,False,391.4182911080711,549.3839077669903,453.68231425466166,719.5782614266644,2.515662466973061,0.3319869556398631,0.05195664597511404,0.24727514843711684,0.3319869556398631,0.9417067307692308,True,2.7255646814408396,1.0387952366151672,1.3309383650268987,1.4465551578593834,False,False,0.0,0.0,214.0,16.0,False
295,252.999,195.826,283.531,4.221,18.858,0.0,2005.8744,0.06,1561,0.0012779552715654952,1.1206786169099052,0.0012763241863433313,1563,0.06589891234804862,0.9929191889364634,keep,True,True,True,False,False,False,log,False,246.0590158002736,351.50814368932043,269.84278853119963,423.2992338098059,2.460783082564258,0.37320832503978224,0.006698293961603759,0.07189011947431422,0.37320832503978224,1.8834134615384617,True,2.40275570476055,0.9738119957065341,1.2991174901806861,1.2646899728760832,False,False,0.00409802639585366,0.01685271920374166,97.0,12.0,False
296,1879.228,1202.412,1975.111,2.19,6.053,0.0,15559.9525,0.06,1565,0.0006389776357827476,1.0510225355314402,0.0012763241863433313,1564,0.06585677749360613,0.9922843301200078,keep,True,True,False,False,False,False,log,False,1887.5381184678522,1761.2783330097088,1998.9205394564258,1602.8108426199776,0.6429444952239755,-0.06388232224589249,0.625358612653892,0.8782358658581981,0.06388232224589249,,True,0.6897423325222176,0.9474276037476402,-0.6372338984250864,-0.5358705808494544,False,False,0.0,0.0,214.0,170.0,False
297,2342.827,820.099,3226.924,1.79,2.767,0.0,18520.4683,0.32,1559,0.003194888178913738,1.3773634706642357,0.0012763241863433313,1560,0.06602564102564103,0.9948286489151874,keep,True,True,False,False,False,False,log,False,2346.191855061559,2295.0653291262133,3252.8940849977566,2846.4551309129265,0.765717969711607,-0.015831187633832098,0.6224857508805857,0.8782358658581981,0.015831187633832098,,False,0.804078630097069,1.142843344588698,-0.38511498031053315,-0.3145915067861856,False,False,0.0,0.0,214.0,238.0,False
298,0.064,0.053,0.064,5.75,35.494,0.0,0.5264,0.06,725,0.006389776357827476,1.0065887983464161,0.0012763241863433313,1555,0.06623794212218649,0.9980274548602522,keep,True,True,True,False,False,False,log,False,0.06205738714090288,0.08860291262135923,0.05953227053964078,0.10871436171184495,3.334793507480451,0.4151787126435201,0.002548766402706432,0.03972461040908936,0.4151787126435201,0.9417067307692308,True,3.366029736045312,1.2205220522052207,1.7375974315876717,1.7510479217230057,True,False,0.0011690192103921415,0.004807473303844986,146.0,10.0,False
300,0.118,0.083,0.219,6.596,43.47,0.0,1.8123,0.06,967,0.005111821086261981,1.8511209037326577,0.0012763241863433313,1557,0.06615285806037251,0.9967454671211896,keep,True,True,True,False,False,False,log,False,0.11345389876880985,0.1883961165048544,0.2013484729306987,0.3878135935189791,3.709790418229639,0.34293458278980327,0.8049866755542071,0.9343293261001374,0.34293458278980327,1.8834134615384617,True,3.7709949681930106,1.1399286987522284,1.8913376851960864,1.914945225428441,True,False,0.004470781791414469,0.018385638078891407,87.0,14.0,False
301,0.91,0.86,0.332,4.291,49.702,0.31,5.711,0.0,1134,0.0044728434504792336,0.36475654222466086,0.0012763241863433313,1558,0.06611039794608473,0.9961057075145651,keep,True,True,True,False,False,False,log,False,0.9059264021887824,0.9700388349514564,0.30958565380798964,0.5596636169730307,3.2680786156806123,0.1931877500919143,0.5119758019176911,0.8202657966641528,0.1931877500919143,2.8251201923076925,True,1.2596641506138526,1.0259264907732197,1.7084426888349944,0.3330391362409343,False,True,0.0,0.0,214.0,61.0,False
302,0.403,0.381,0.198,11.027,234.99,0.1118,5.1549,0.0,569,0.0076677316293929714,0.4896932319243503,0.0012763241863433313,1553,0.06632324533161622,0.9993127445638714,keep,True,True,True,False,False,False,log,False,0.40204220246238026,0.4217961165048544,0.19246758761786756,0.2592584159854418,1.8144730440783239,0.09996353213978332,0.5892448842415063,0.8702611170287683,0.09996353213978332,1.8834134615384617,True,1.001584231806772,0.8512693156732896,0.8595506242113539,0.0022837548499799972,False,False,0.0,0.0,214.0,132.0,False
303,0.04,0.039,0.015,2.144,19.495,0.0108,0.2258,0.0,509,0.0076677316293929714,0.35967361125789593,0.0012763241863433313,1553,0.06632324533161622,0.9993127445638714,keep,True,True,True,False,False,False,log,False,0.04031422708618331,0.04076407766990291,0.014430236813057107,0.01567640824189193,1.180174462740157,0.030977618203324394,1.0,1.0,0.030977618203324394,1.8834134615384617,False,1.1270364460461917,1.1135135135135135,0.23900014596443842,0.17253417006196933,False,False,0.0,0.0,214.0,215.0,False
316,5.977,5.832,1.019,0.776,1.749,2.7882,13.0958,0.0,1533,0.0019157088122605363,0.17042548100481536,0.0006381620931716656,1563,0.06525911708253358,0.9832791968108666,keep,False,False,False,False,False,False,,False,6.00126073871409,5.635603846153846,1.0240563823679751,0.8742951499953845,0.7289007568585233,-0.36012515932805705,0.0001907070076583606,0.004928369989166749,0.36012515932805705,,False,0.7737919675913996,0.8071495578930554,-0.4562056964321967,-0.36998234203825775,False,False,0.004049734006001948,0.01665412163329361,99.0,13.0,False
324,13.332,12.504,6.616,0.706,0.503,2.2345,51.8678,0.0,1560,0.001277139208173691,0.49623194888428024,0.0006381620931716656,1564,0.06649616368286446,1.001918158567775,keep,False,False,False,False,False,False,,False,13.262205471956225,14.315735576923077,6.607386126787005,6.688465844714052,1.0246927253631177,0.15924143552559533,0.10904805837751386,0.39472325356367693,0.15924143552559533,,False,0.9950255122091064,0.8586502233350408,0.03519135357959057,-0.00719457841127367,False,False,0.0037219152305407732,0.015306000064786536,103.0,81.0,False
335,3.427,2.514,5.782,20.255,524.018,0.7899,172.7119,0.0,1526,0.0012812299807815502,1.6870979896686396,0.0038289725590299937,1559,0.06670942912123155,1.005131494547787,keep,True,True,True,False,False,False,log,False,3.3736224433768016,4.173675,5.642178438388444,7.460261330592123,1.7482939230078527,0.13835161623899428,0.39033500178170066,0.7531742546604311,0.13835161623899428,1.8834134615384617,True,1.299450686042127,0.9413545427196149,0.805947750982073,0.37790188478939496,False,False,0.0,0.0,214.0,97.0,False
336,9.736,9.074,7.556,19.071,437.588,5.2151,214.8628,0.0,1532,0.001282051282051282,0.7760713914313171,0.004467134652201659,1558,0.06675224646983312,1.0057766367137355,keep,True,True,True,False,False,False,log,False,9.656458310439561,10.855379807692307,7.391088037700828,9.546896983119035,1.6684289689622473,0.15866584097454772,0.004848972958275927,0.0655887394882586,0.15866584097454772,2.8251201923076925,True,1.248849403864834,1.0966094358678407,0.7384902670972339,0.32059951585973895,False,False,0.0,0.0,214.0,82.0,False
337,2.327,2.054,1.699,13.323,270.705,0.0,38.8995,0.06,1517,0.001282051282051282,0.7301603604629098,0.004467134652201659,1558,0.06675224646983312,1.0057766367137355,keep,True,True,True,False,False,False,log,False,2.3031941620879124,2.6675057692307695,1.456248761758777,3.6921205689278858,6.428070206211022,0.2145073767445132,0.6749874850606596,0.8968909972363392,0.2145073767445132,1.8834134615384617,True,1.2162753876285708,1.1635353965262154,2.6843856859513027,0.2824699190648272,False,True,0.0,0.0,214.0,46.0,False
338,3.038,2.561,5.645,27.833,909.26,0.0,196.688,0.06,1520,0.001282051282051282,1.858394534156614,0.004467134652201659,1558,0.06675224646983312,1.0057766367137355,keep,True,True,True,False,False,False,log,False,3.0272789835164837,3.181793269230769,5.749733005875749,3.91131264478999,0.46275349491549816,0.027350461257916,0.48544113931885824,0.7955230935458405,0.027350461257916,0.9417067307692308,True,1.0543524774343347,0.9232157641993707,-1.1116842088904488,0.07635725069105762,False,False,0.00613246871572426,0.02521915754285975,73.0,220.0,False
340,14.674,0.046,261.738,18.235,335.571,0.0131,5043.8789,0.0,761,0.0064061499039077515,17.837484840090223,0.0038289725590299937,1551,0.0670535138620245,1.0103159252095424,keep,True,True,True,False,False,False,log,False,12.254869938229238,48.55767596153846,236.66349773020843,494.5628967299046,4.366972984910484,0.13867063444250569,0.11282426278593233,0.3955092800775015,0.13867063444250569,1.8834134615384617,True,1.151827337795466,1.1827531645569616,2.126633606305659,0.20392446888472554,False,True,0.0,0.0,214.0,96.0,False
344,23.217,23.215,8.895,0.172,0.485,2.056,59.3241,0.0,1551,0.0012812299807815502,0.3831315433967214,0.0038289725590299937,1559,0.06670942912123155,1.005131494547787,keep,False,False,False,False,False,False,,False,23.271913040494162,22.44988461538461,8.916354794603576,8.59855890530014,0.9299865313323079,-0.09236283572116664,0.4548659433966029,0.7952418194076663,0.09236283572116664,,False,0.9577811492361548,0.8197094290806123,-0.10471827256001971,-0.062232053728927074,False,False,0.00153130121431988,0.006297321414862628,142.0,143.0,False
348,0.025,0.023,0.012,5.286,59.55,0.0103,0.22,0.0,357,0.01101749837977965,0.48015153542362327,0.015315890236119975,1526,0.0674967234600262,1.016993900594818,keep,True,True,True,False,False,False,log,False,0.024290687977762338,0.03044807692307692,0.01034567949904075,0.024013964306269033,5.387777858510388,0.5230945525208495,0.001602322652465056,0.031676686283347646,0.5230945525208495,3.7668269230769234,True,1.876335203988697,1.778688524590164,2.4296903687972105,0.9079175858131603,False,False,0.010686200827298542,0.04394592042634691,32.0,4.0,False
349,0.025,0.024,0.011,3.151,20.799,0.001,0.1339,0.0,373,0.009721322099805573,0.4198918275546731,0.015315890236119975,1528,0.06609947643979057,0.9959411498187676,keep,True,True,True,False,False,False,log,False,0.02512369701181376,0.02703076923076923,0.01023090853841858,0.014777850632126846,2.086383506185067,0.17989530941025114,0.41759223727395023,0.7712086575390946,0.17989530941025114,2.8251201923076925,True,1.4307711337047953,1.0421348314606738,1.0610043695632105,0.5167929168752969,False,False,0.0,0.0,214.0,69.0,False
350,0.023,0.019,0.014,5.501,81.825,0.0029,0.2914,0.0,435,0.011665586519766688,0.6174299384547534,0.015315890236119975,1525,0.06819672131147542,1.0275409836065574,keep,True,True,True,False,False,False,log,False,0.023189993050729676,0.023369230769230767,0.014459060614937366,0.012392544555804016,0.7345829117242576,0.012501575060483357,0.8321556893089354,0.9343293261001374,0.012501575060483357,1.8834134615384617,False,1.041396363285096,1.1956521739130435,-0.4450027592008799,0.05851927373851649,False,False,0.0,0.0,214.0,241.0,False
351,0.028,0.025,0.025,12.622,257.845,0.002,0.6188,0.0,499,0.0064808813998703824,0.8904689003598975,0.015315890236119975,1533,0.06718851924331376,1.0123500928295448,keep,True,True,True,False,False,False,log,False,0.027299861014593467,0.031519230769230765,0.024271297803371505,0.028129199412651504,1.3431630801465182,0.1717982373430709,0.02586107283447684,0.1816795530906746,0.1717982373430709,0.9417067307692308,False,0.9943670411516831,0.8916184971098267,0.42563448021965083,-0.008149616633569381,False,False,0.004442819282044264,0.018270645086380457,89.0,75.0,False
352,0.023,0.022,0.013,4.678,32.822,0.0056,0.1429,0.0,354,0.01101749837977965,0.5633371550418454,0.015315890236119975,1526,0.06815203145478375,1.026867627785059,keep,True,True,True,False,False,False,log,False,0.023432870048644895,0.022288461538461538,0.01344590344175062,0.008143319469300518,0.3667946305022639,-0.08693009748310297,0.8447108274120351,0.9343293261001374,0.08693009748310297,1.8834134615384617,True,0.592494866654351,0.8750000000000002,-1.4469555753776677,-0.7551254402594071,False,False,0.004775969522622603,0.01964069176612035,82.0,147.0,False
353,0.04,0.042,0.015,0.336,3.048,0.0026,0.1535,0.0,563,0.007777057679844459,0.3843062566676384,0.015315890236119975,1531,0.06792945787067277,1.0235140431090792,keep,False,True,False,False,False,False,,False,0.04040972897845726,0.039234615384615396,0.015522088075248991,0.015211127564792244,0.9603344978198861,-0.07576955267719557,0.41602718961847185,0.7712086575390946,0.07576955267719557,,False,1.006662531709414,1.1328320802005014,-0.05839109083292894,0.009580122841210043,False,False,0.0,0.0,214.0,163.0,False
354,0.042,0.044,0.013,0.06,2.691,0.004,0.1344,0.0,486,0.007777057679844459,0.3117268005746907,0.015315890236119975,1531,0.06662312214239059,1.0038310807415967,keep,False,True,False,False,False,False,,False,0.041945170257123,0.04158653846153845,0.012996859680975206,0.014076842221554703,1.1730961932874056,-0.02742211821645334,0.6061351748955234,0.8702611170287683,0.02742211821645334,,False,1.1428866028026095,1.299319727891156,0.23032131847188267,0.19268226646566108,False,False,0.0,0.0,214.0,219.0,False
355,0.035,0.029,0.022,4.033,32.656,0.0038,0.2789,0.0,572,0.005832793259883344,0.6457640790326821,0.015315890236119975,1534,0.06714471968709257,1.0116901514391736,keep,True,True,True,False,False,False,log,False,0.03448922863099374,0.03528846153846154,0.022516521256975768,0.01924863534536151,0.7307979193599147,0.03580167963781274,0.6894497421628651,0.8994344352073926,0.03580167963781274,0.0,False,1.1575025519039546,1.174641148325359,-0.45245556838420226,0.21101537414652397,False,False,0.0011243650207100053,0.004623837463737885,147.0,207.0,False
356,1.299,1.255,0.387,0.602,0.39,0.3796,2.8348,0.0,1473,0.001277139208173691,0.2979432325674534,0.0006381620931716656,1564,0.06585677749360613,0.9922843301200078,keep,False,False,False,False,False,False,,False,1.299650341997264,1.2842653846153846,0.3857799077244081,0.40423392770115796,1.097959480604424,-0.03973305572259809,0.6146189740739998,0.877539312983433,0.03973305572259809,,False,1.0787946024812272,1.1259541984732826,0.13482481371496674,0.10942020848718594,False,False,0.0,0.0,214.0,199.0,False
362,0.018,0.012,0.022,7.943,106.333,0.0028,0.4163,0.0,389,0.013192612137203167,1.177400568319432,0.03254626675175495,1496,0.06684491978609626,1.0071729740847388,keep,True,True,True,False,False,False,log,False,0.01830601556970984,0.019437864077669904,0.020704397975196916,0.031979877608641606,2.385768942189295,0.052255101332658566,0.5314795131315727,0.8278196053019042,0.052255101332658566,1.8834134615384617,True,1.056206934852406,0.858695652173913,1.2544543271491735,0.0788925190123604,False,False,0.0,0.0,214.0,186.0,False
365,0.005,0.005,0.003,4.57,37.572,0.0017,0.0368,0.0,120,0.03578274760383387,0.5109155983531158,0.0012763241863433313,1509,0.06626905235255136,0.9984962022735383,keep,True,True,True,False,False,False,log,False,0.005159479808350445,0.005747115384615384,0.002580655274736152,0.0035200661051485076,1.8605512975268894,0.22140724260967087,0.018749560924517603,0.14172462228238306,0.22140724260967087,1.8834134615384617,True,1.282165195499937,1.0952380952380956,0.895730167764099,0.3585821522645672,False,False,0.0017749198709764435,0.007299178508213674,136.0,41.0,False
366,0.005,0.004,0.002,5.26,48.063,0.002,0.0392,0.0,107,0.04281150159744409,0.4949007577257927,0.0012763241863433313,1498,0.06475300400534045,0.9756534353496971,keep,True,True,True,False,False,False,log,False,0.004805886379192334,0.004927884615384615,0.0023864872702763487,0.002333273742081964,0.9559014998380077,0.05117029369282618,0.786707574923936,0.9343293261001374,0.05117029369282618,1.0762362637362637,False,1.3032965028783512,1.0555555555555554,-0.06506613046436119,0.38216533760517923,False,False,0.0,0.0,214.0,190.0,False
367,0.004,0.003,0.003,5.446,48.371,0.0,0.0357,3.72,113,0.048046124279308135,0.7153129437319977,0.0038289725590299937,1486,0.06662180349932706,1.0038112123408223,keep,True,True,True,True,False,False,log,False,0.003775497597803706,0.0037423076923076923,0.0026573652654484823,0.003242427842246187,1.4888060738274438,-0.012286946164097262,0.9951471784054156,1.0,0.012286946164097262,1.8834134615384617,False,0.8969953558395581,0.9375000000000003,0.5741558462316647,-0.15682757922396665,False,False,0.0,0.0,214.0,242.0,False
368,0.003,0.003,0.002,5.482,53.01,0.0,0.0334,3.72,97,0.04868673926969891,0.6642289763794087,0.0038289725590299937,1485,0.06531986531986532,0.9841945091945092,keep,True,True,True,True,False,False,log,False,0.0031666437886067257,0.003241346153846154,0.002115584974847624,0.0019860978269066495,0.8813335940353624,0.03543268145297803,0.2671050118258522,0.6078540009596755,0.03543268145297803,1.8834134615384617,False,1.0692774901003266,1.0714285714285716,-0.18223989712048103,0.0966362979990043,False,False,0.0,0.0,214.0,209.0,False
376,0.002,0.002,0.001,2.546,22.182,0.0004,0.0082,0.0,36,0.09137380191693291,0.3337954989862846,0.0012763241863433313,1422,0.06751054852320675,1.0172022070756248,keep,True,True,True,False,False,False,log,True,0.0015978781656399727,0.0016423076923076925,0.0005294501039224397,0.0006002737737361174,1.2854306843300585,0.0830982087531226,0.704493407589682,0.9000393973172458,0.0830982087531226,2.511217948717949,False,1.127083345314159,1.0,0.36225181626299396,0.17259420355405525,False,False,7.840316481955156e-05,0.0003224250880193117,169.0,150.0,False
377,0.002,0.002,0.0,2.147,21.198,0.0004,0.0077,0.0,31,0.10287539936102237,0.2970202551142607,0.0012763241863433313,1404,0.0641025641025641,0.965853057199211,keep,True,True,True,False,False,False,log,True,0.0015750855578370976,0.0015096153846153846,0.00046338030943059437,0.0005073286655676444,1.198681088088533,-0.14030489006037783,0.049893826041089044,0.24727514843711684,0.14030489006037783,1.1590236686390534,False,0.8124016567917607,0.6000000000000003,0.2614478774076094,-0.29973491305386313,False,False,0.008902944471707475,0.036612458968052985,48.0,95.0,False
385,0.011,0.007,0.014,5.839,54.135,0.0,0.2073,1.17,232,0.025821596244131457,1.2571658631819043,0.4562858966177409,830,0.0855421686746988,1.2888901760889713,keep,True,True,True,True,True,False,log,False,0.011244942381562099,0.013429577464788732,0.014656893561559386,0.010520868980489576,0.5152516087634272,0.15198470274785897,0.00019176536922827818,0.004928369989166749,0.15198470274785897,0.0,True,0.890566761772895,2.008928571428571,-0.9566509906077505,-0.1672043271670203,False,False,0.004940102991954909,0.020315674063304184,80.0,87.0,False
387,0.0,0.0,0.005,19.794,437.255,0.0,0.1309,98.6,22,0.9859604339502234,14.707086440769642,0.0,22,0.13636363636363635,2.054632867132867,keep,True,True,True,True,False,True,log,False,0.00025105946684894056,0.0015798076923076924,0.004499277632993934,0.009459021273779032,4.419842759936005,0.2666921256210687,0.17673212539190708,0.48387808203961435,0.2666921256210687,5.650240384615385,True,2.863572919451033,0.0,2.143995045296413,1.5178163414378414,False,False,0.0004833881077737079,0.001987884718112298,160.0,27.0,False
407,1.232,1.24,0.365,1.034,3.436,0.424,3.3128,0.0,331,0.007055805003207184,0.2960324116493823,0.005105296745373325,1548,0.06718346253229975,1.0122739018087856,keep,True,True,False,False,False,False,log,True,1.2299321649484536,1.260889423076923,0.3652289261128133,0.3578645946995452,0.9600793630454705,0.08483249795199818,0.5048867187121827,0.8160747591762954,0.08483249795199818,,False,0.9767104321484448,0.9170473537604455,-0.05877442661640164,-0.03399718880857368,False,False,0.008712973028422777,0.03583122061545335,52.0,149.0,False
408,5.341,4.922,2.578,6.144,58.198,2.7378,44.31,0.0,593,0.006402048655569782,0.4827093331559332,0.003190810465858328,1552,0.06572164948453608,0.9902483148295005,keep,True,True,True,False,False,False,log,False,5.359734293552813,5.077336538461538,2.5699307558224707,2.6892844280158403,1.0950416314160192,-0.10948952144942202,0.049548129066564514,0.24727514843711684,0.10948952144942202,0.9417067307692308,False,0.7613779762898325,0.911054078269981,0.1309857194115723,-0.3933152559524857,False,False,0.0072643056591190636,0.029873722533156854,67.0,123.0,False
409,4.58,4.49,1.777,0.341,-0.819,1.2163,9.5765,0.0,1548,0.0012812299807815502,0.38792059510535365,0.0038289725590299937,1559,0.06670942912123155,1.005131494547787,keep,False,False,False,False,False,False,,False,4.574106794783802,4.669020192307692,1.7765697521129744,1.7869168985181352,1.0116823766251068,0.05337878775725467,0.5946007186265104,0.8702611170287683,0.05337878775725467,,False,1.0223037964324804,0.9772286161808769,0.01675641889307158,0.03182398343580899,False,False,0.0,0.0,214.0,185.0,False
410,4.929,4.733,2.123,0.4,-0.369,0.7342,13.8071,0.0,1545,0.001282051282051282,0.43068162718603076,0.004467134652201659,1558,0.06611039794608473,0.9961057075145651,keep,False,False,False,False,False,False,,False,4.9126717227179135,5.165185436893204,2.135016127550421,1.938915795348654,0.8247371873938301,0.11889967258861066,0.12440363130482265,0.42068070059657137,0.11889967258861066,,False,0.8235173807767018,0.8564190239353436,-0.27799363473973254,-0.2801289957605771,False,False,0.0,0.0,214.0,114.0,False
411,2.616,2.548,0.551,0.747,3.594,0.9609,6.215,0.0,509,0.0070830650354153256,0.2108012104607156,0.008934269304403318,1542,0.06744487678339818,1.01621271076524,keep,False,True,False,False,False,False,,False,2.6091006211180123,2.713416346153846,0.5492428181792067,0.5756327549446439,1.0984042967444265,0.18921731766758426,0.21483182853254745,0.5388769311921922,0.18921731766758426,,False,1.0987944491536366,0.9904494382022478,0.13540917415168588,0.1359215273950371,False,False,0.006486376432492724,0.02667456724465447,70.0,66.0,False
412,30.911,26.157,18.414,1.808,4.474,0.0,128.2816,0.06,518,0.00643915003219575,0.5956919260972374,0.008934269304403318,1543,0.06675307841866494,1.005789171942769,keep,True,True,False,False,False,False,log,False,30.869988957902002,31.48711826923077,18.389793741452117,18.82346538701285,1.0477205036358554,0.03348899848678231,0.7493325683886956,0.9286720017516726,0.03348899848678231,,False,1.1158555592921593,1.0322887327523975,0.06725390599987777,0.15815029116411178,False,False,0.006873173879801797,0.028265232637834783,69.0,211.0,False
413,25.613,20.255,47.308,16.287,297.01,4.0416,899.119,0.0,518,0.00643915003219575,1.8470712516440617,0.008934269304403318,1543,0.06675307841866494,1.005789171942769,keep,True,True,True,False,False,False,log,False,25.693540579710145,24.48621923076923,48.65181288793794,21.123963918431585,0.18851798035876444,-0.025500155842716307,0.8606482731239669,0.9372313821731334,0.025500155842716307,1.2556089743589745,True,0.9791829992749235,1.038076084947146,-2.4072259642988336,-0.03034958493142768,False,True,0.010609479118118381,0.04363041015463353,33.0,226.0,False
415,6.631,6.177,3.958,16.211,413.141,1.534,116.8615,0.0,513,0.00643915003219575,0.5969839729267202,0.008934269304403318,1543,0.06675307841866494,1.005789171942769,keep,True,True,True,False,False,False,log,False,6.651149068322981,6.344533653846154,4.06143245343305,2.027979853532118,0.24932670810219437,-0.07741210305921209,0.6770305582250966,0.8968909972363392,0.07741210305921209,0.0,True,0.8203645784272677,0.8446469084230613,-2.0038906609839766,-0.28566289418436325,False,True,0.009334542221121955,0.03838736107390776,43.0,160.0,False
416,3.404,3.234,1.035,0.977,3.995,0.0,9.69,0.51,510,0.006418485237483954,0.30415016286551605,0.00574345883854499,1548,0.0665374677002584,1.002540498906778,keep,False,True,False,False,False,False,,False,3.4160290921595595,3.2410451923076926,1.0503399909355218,0.7842611474217644,0.5575214722818088,-0.1690106332535897,0.08690057149851117,0.3435914903864211,0.1690106332535897,,True,0.6627399198484963,0.9373118239601527,-0.8429007250868239,-0.5934852727524746,False,False,0.020220258603655505,0.08315376904825002,5.0,77.0,True
417,8.191,7.396,4.055,2.493,9.642,2.1531,39.0376,0.0,1551,0.0019169329073482429,0.4950020703960961,0.0012763241863433313,1562,0.06594110115236876,0.9935548606323255,keep,True,True,False,False,False,False,log,False,8.237010814510608,7.543214423076924,4.053595661125646,4.0312092823542995,0.9889853033436162,-0.17113577549542855,0.010824458582632113,0.0959270984736708,0.17113577549542855,,False,0.9714851786354393,0.9388371215419893,-0.015979012680349416,-0.04173610923861765,False,False,0.003281722549296928,0.013495752170812359,111.0,76.0,False
418,320.259,302.178,287.704,0.456,-0.855,0.0,999.316,32.72,1051,0.3271565495207668,0.8983487458535387,0.0012763241863433313,1053,0.06172839506172839,0.9300807217473884,keep,False,False,False,True,False,False,,False,322.5749663928816,287.7276673076923,288.0532930594889,282.11014294098845,0.9591614443097223,-0.12108015779543947,0.21967210021251882,0.5388769311921922,0.12108015779543947,,False,0.9587344296160063,0.9320793652275166,-0.060154427399942034,-0.06079685225685503,False,False,0.0,0.0,214.0,112.0,False
419,309.061,272.449,325.448,0.5,-1.154,0.0,998.6813,45.5,851,0.4549520766773163,1.053022142305532,0.0012763241863433313,853,0.07620164126611957,1.1481535756154748,keep,False,False,False,True,False,False,,False,307.8241862422998,326.44035576923073,326.85124541359266,306.01837439086006,0.8765863817280212,0.05716167464651683,0.4810835011886815,0.7955230935458405,0.05716167464651683,,False,0.8774957435812257,0.9222462733003867,-0.19003182894524018,-0.1885359674521022,False,False,0.0,0.0,214.0,178.0,False
420,1.821,1.645,3.058,30.346,1065.68,0.4411,111.4956,0.0,1514,0.0019169329073482429,1.678887156687282,0.0012763241863433313,1562,0.06658130601792574,1.003201024327785,keep,True,True,True,False,False,False,log,True,1.8155711841204656,1.9011971153846154,3.1544606956664856,0.9551575196129439,0.09168530987861785,0.02798174145296362,0.0316232194729035,0.18696748230921822,0.02798174145296362,0.9417067307692308,True,1.3571900622750193,1.2631021361238433,-3.447165590774599,0.44062277138386924,False,True,0.0,0.0,214.0,218.0,False
421,4.175,3.943,6.914,37.673,1466.077,0.7217,273.0952,0.0,1534,0.0012779552715654952,1.6562022473628024,0.0012763241863433313,1563,0.06653870761356366,1.0025591810620602,keep,True,True,True,False,False,False,log,True,4.18410636550308,4.039902884615385,7.144110108774576,1.537334496733215,0.046306341055322636,-0.02084077971879694,0.6628339014463995,0.8968909972363392,0.02084077971879694,1.8834134615384617,True,1.1754394701780486,1.2865849767055975,-4.432646424309195,0.23320024862737354,False,True,0.005693842441238939,0.02341535133830147,75.0,233.0,False
423,77.66,69.905,32.597,2.083,10.824,23.02,424.2152,0.0,1563,0.0012787723785166241,0.4197366174569777,0.0019144862795149968,1562,0.06658130601792574,1.003201024327785,keep,True,True,True,False,False,False,log,False,77.24380842465753,83.5093951923077,32.44731043097948,34.25972300672823,1.114834209911117,0.19228097903465563,0.08660277424696433,0.3435914903864211,0.19228097903465563,0.9417067307692308,False,1.25501344255436,1.3393494654530322,0.15682917891412113,0.32770281708652454,False,False,0.0,0.0,214.0,63.0,False
424,3.315,2.667,6.325,12.613,174.481,0.4866,103.1809,0.0,1529,0.0012787723785166241,1.90783444757472,0.0019144862795149968,1562,0.06658130601792574,1.003201024327785,keep,True,True,True,False,False,False,log,False,3.3540477397260275,2.773875961538462,6.53899298496,1.07389089414304,0.026971094882418684,-0.09167204442720762,0.9101819141048105,0.9665981484501499,0.09167204442720762,0.0,True,0.38732506606458283,0.9425561682166079,-5.212442101298202,-1.3683832252874495,False,False,0.00465427108103289,0.019140219229945493,84.0,144.0,False
426,1.234,1.135,0.996,13.721,287.637,0.3632,24.9904,0.0,1481,0.0019181585677749361,0.8069165043158834,0.0019144862795149968,1561,0.06662395900064061,1.0038436899423446,keep,True,True,True,False,False,False,log,False,1.2283993150684933,1.310483653846154,1.0111168300527789,0.7443310684359125,0.5419130569884112,0.08239688174982014,0.11315759889046803,0.3955092800775015,0.08239688174982014,4.708533653846154,True,1.3082637785086417,1.3533800441157386,-0.8838666866903566,0.38765345335844525,False,False,0.011344020644549424,0.04665113791298938,28.0,152.0,True
428,4.221,2.534,10.633,9.178,90.12,1.1198,118.7533,0.0,404,0.006422607578676943,2.5191580912965623,0.006381620931716656,1547,0.06528765352294764,0.9837091641390285,keep,True,True,True,False,False,False,log,False,4.295597386519945,3.1641281553398057,10.9947830689046,1.1885361167697732,0.011685611317896017,-0.10636551901558076,0.006713474192153857,0.07189011947431422,0.10636551901558076,0.0,True,0.02778076594139383,1.2441860465116277,-6.419122980923334,-5.169769813471361,True,False,0.01765715662855105,0.07261327132947117,9.0,125.0,True
429,4.172,3.454,6.435,20.552,506.639,0.7837,186.6164,0.0,1542,0.0019144862795149968,1.5425771033184281,0.0,1564,0.06649616368286446,1.001918158567775,keep,True,True,True,False,False,False,log,False,4.1713712235133285,4.178489423076924,6.6257602604831,2.554056091024752,0.14858994640911133,0.0011052190246050224,0.8250753448666337,0.9343293261001374,0.0011052190246050224,1.8834134615384617,True,1.669240750181322,0.9537096185435295,-2.7505915884077994,0.7391920457995552,False,False,0.0004562227616573544,0.0018761699788820759,163.0,257.0,False
431,22.358,16.381,36.395,7.099,59.846,0.0,400.0,0.06,1553,0.0044728434504792336,1.6278249921920493,0.0012763241863433313,1558,0.06418485237483953,0.9670929199170534,keep,True,True,True,False,False,False,log,False,21.191220656634748,38.92410291262136,31.835783260767776,74.14274049130151,5.4238315171953175,0.49043356361803137,0.0026276979648035765,0.03972461040908936,0.49043356361803137,2.8251201923076925,True,3.605596222755641,0.964426137427448,2.439312364115475,1.850237843790671,True,False,0.004073844355516609,0.016753273007888404,98.0,5.0,False
432,99.368,57.969,126.189,3.344,14.519,0.0,994.2857,3.64,1503,0.03642172523961661,1.2699176948055637,0.0012763241863433313,1508,0.0656498673740053,0.9891667516833299,keep,True,True,True,True,False,False,log,False,99.21857818057455,101.48333786407768,127.05667503591246,113.69457595290811,0.8007270875486322,0.01793323118692699,0.5893932414045775,0.8702611170287683,0.01793323118692699,0.0,False,0.9472023871224731,0.9833807886499394,-0.3206174833771259,-0.07825537806174299,False,False,0.002037434589859277,0.008378743746899744,130.0,236.0,False
433,205.519,151.116,225.779,1.364,1.429,0.0,995.7447,11.95,1371,0.1194888178913738,1.0985774349577935,0.0012763241863433313,1378,0.0660377358490566,0.9950108853410741,keep,True,False,False,True,False,False,log,False,202.657510875513,246.1401019417476,223.28710463340846,256.358750325714,1.3181626664916608,0.19265524272621753,0.15885279993200463,0.4699606664451335,0.19265524272621753,,False,1.3072184721499518,1.1088070640170509,0.398528415611622,0.38650027529363107,False,False,0.003664110553973865,0.015068284177004345,104.0,62.0,False
436,7.513,2.764,34.558,8.693,83.253,0.0,400.0,0.06,1539,0.0044728434504792336,4.599571264117239,0.0012763241863433313,1558,0.06418485237483953,0.9670929199170534,keep,True,True,True,False,False,False,log,False,6.5329430232558146,21.428146601941748,29.507059441445797,75.04260610923272,6.467909772299928,0.4331608135055797,0.9312400822090607,0.980855332490691,0.4331608135055797,2.8251201923076925,True,4.25775383931531,1.065876170585461,2.6932995532761095,2.0900925432460853,True,False,0.0005645131687621596,0.0023215033289167796,158.0,8.0,False
437,4.017,3.781,1.611,5.914,85.611,1.1568,32.274,0.0,1495,0.0012779552715654952,0.4011351051749958,0.0012763241863433313,1563,0.06525911708253358,0.9832791968108666,keep,True,True,True,False,False,False,log,False,3.9868538987688096,4.441639805825242,1.4187165881878723,3.2838317531816217,5.357602672299633,0.28272045992379163,0.391143161839268,0.7531742546604311,0.28272045992379163,1.8834134615384617,True,1.344494890727584,1.1061480473576375,2.4215875927596273,0.4270642727742053,False,True,0.010333812797189479,0.04249676028228429,34.0,25.0,False
438,54.701,49.091,34.108,10.158,205.825,0.0,851.6129,0.06,967,0.007028753993610224,0.6235355666801906,0.0012763241863433313,1554,0.064993564993565,0.9792780417780419,keep,True,True,True,False,False,False,log,False,54.55996415868673,56.70367572815533,33.2562189297665,44.63583348808853,1.801447278717659,0.06280798471103752,0.9714779995977838,0.9907533567326604,0.06280798471103752,1.8834134615384617,True,0.9996391299224571,0.9239264519639075,0.8491564303683273,-0.000520719432959482,False,False,0.0,0.0,214.0,171.0,False
439,70.644,65.438,38.376,6.753,88.696,14.1206,657.7621,0.0,1550,0.0012779552715654952,0.5432338096002807,0.0012763241863433313,1563,0.06589891234804862,0.9929191889364634,keep,True,True,True,False,False,False,log,False,70.85070184678523,67.70915728155339,38.99054172944259,28.23195148187982,0.5242799622279436,-0.08181325828346017,0.4138329717759228,0.7712086575390946,0.08181325828346017,0.0,True,0.9817430696040303,0.8339380914211321,-0.931590687211242,-0.02658258634322015,False,False,0.0,0.0,214.0,154.0,False
440,11.527,12.086,6.169,0.117,-0.625,1.0973,33.058,0.0,1557,0.0012779552715654952,0.5352369226310579,0.0012763241863433313,1563,0.06589891234804862,0.9929191889364634,keep,False,False,False,False,False,False,,False,11.538861354309164,11.352811650485435,6.194859279469898,5.8229331329531275,0.8835288087390082,-0.03013324191837778,0.6691148532115696,0.8968909972363392,0.03013324191837778,,False,0.9035665266339529,0.7248756904109459,-0.1786509181780472,-0.14629726899223583,False,False,0.001063844338023312,0.00437495227540197,148.0,217.0,False
441,0.802,0.808,0.184,-0.021,-0.488,0.3512,1.2771,0.0,325,0.008301404853128991,0.22966847216478206,0.0006381620931716656,1553,0.06632324533161622,0.9993127445638714,keep,False,False,False,False,False,False,,False,0.8004476744186046,0.8250413461538462,0.1826542030633563,0.2044597800838998,1.2530154852448931,0.13347406705070244,0.43006858768820777,0.7783635706751366,0.13347406705070244,,False,1.2028656896582421,1.0927158999192896,0.3254042441473773,0.2664755621469279,False,False,0.0,0.0,214.0,100.0,False
442,1.345,1.265,0.659,1.795,5.952,0.0974,5.1317,0.0,335,0.008939974457215836,0.4900132335345389,0.0006381620931716656,1552,0.0663659793814433,0.9999566316415543,keep,True,True,False,False,False,False,log,False,1.3476127906976745,1.3121653846153845,0.6627175079262564,0.6095197536194195,0.8458993316579881,-0.05373566961114892,0.6718577445624004,0.8968909972363392,0.05373566961114892,,False,0.9774982740649661,0.9819897084048025,-0.24144211281802513,-0.0328339397820655,False,False,0.008248547194813494,0.033921316332577084,57.0,184.0,False
444,0.895,0.903,0.156,-0.212,0.912,0.3336,1.3511,0.0,325,0.009578544061302681,0.17375896451966377,0.0006381620931716656,1551,0.06640876853642812,1.0006013490056045,keep,False,False,False,False,False,False,,False,0.8953212038303695,0.8911288461538462,0.15654933413985272,0.14091276077812123,0.8102111171376043,-0.026935805104536442,0.461800029919361,0.7955230935458405,0.026935805104536442,,False,0.7988546623465023,0.8323450134770889,-0.3036302140974552,-0.32399504102624543,False,False,0.00790269011473721,0.03249901406018348,61.0,222.0,False
445,0.647,0.651,0.141,-0.156,-0.196,0.3086,1.1087,0.0,329,0.008301404853128991,0.21828833275538778,0.0006381620931716656,1553,0.0669671603348358,1.009014810045074,keep,False,False,False,False,False,False,,False,0.6456683310533516,0.6670740384615385,0.14240332903510053,0.1228100206176801,0.743750591736779,0.1515293973272939,0.1279142487983457,0.4244319624886214,0.1515293973272939,,False,0.7520507785299165,0.8980557015239098,-0.4271091837537018,-0.41109801880885427,False,False,0.0009928906594238729,0.0040831624462493955,150.0,88.0,False
446,1.175,1.164,0.176,0.482,0.107,0.6968,1.7639,0.0,338,0.004469987228607918,0.14992147214966367,0.0006381620931716656,1559,0.06606799230275817,0.9954667686386737,keep,False,False,False,False,False,False,,False,1.1730511627906979,1.202444230769231,0.17714064651240596,0.1599851229897434,0.8156855113945335,0.16686693458432705,0.05389413863844473,0.2518326114560054,0.16686693458432705,,False,0.8343233698379271,0.8678555604785113,-0.29391506843170073,-0.2613214382661152,False,False,0.010012470160993159,0.04117527118170503,36.0,79.0,False
447,0.282,0.28,0.086,0.082,-0.245,0.0846,0.5085,0.0,317,0.008939974457215836,0.3067122854474628,0.0006381620931716656,1552,0.06701030927835051,1.0096649484536082,keep,False,False,False,False,False,False,,False,0.2822363201094391,0.27710192307692305,0.08651479187877438,0.08596876490886204,0.9874170909128234,-0.05934317175821918,0.4800247968853596,0.7955230935458405,0.05934317175821918,,False,0.989778550042389,0.9880873593646587,-0.018268478406911395,-0.01482231766809017,False,False,0.0004679777469378532,0.0019245111673079976,161.0,175.0,False
448,0.332,0.251,0.236,1.768,2.625,0.0399,1.4754,0.0,326,0.008301404853128991,0.7110941279221688,0.0006381620931716656,1553,0.0669671603348358,1.009014810045074,keep,True,True,False,False,False,False,log,False,0.332493365253078,0.3291317307692307,0.2364672911232018,0.23467029515894222,0.9848590647632948,-0.014216336736649285,0.6699760860864847,0.8968909972363392,0.014216336736649285,,False,1.0614078898670667,0.9792935444579781,-0.022010807998145095,0.08597917802815758,False,False,0.007810611919454757,0.03212035179206034,62.0,239.0,False
452,5.347,5.271,0.919,0.785,5.041,2.6709,13.9776,0.0,1518,0.0019157088122605363,0.1719147339773744,0.0006381620931716656,1563,0.06653870761356366,1.0025591810620602,keep,False,True,False,False,False,False,,False,5.365711764705882,5.081178846153847,0.9256764972133926,0.7792519954184938,0.7086591054647439,-0.310221418684741,0.002406464048066626,0.03972461040908936,0.310221418684741,,False,0.792778849880724,1.0272838420454313,-0.49683629693780984,-0.3350096207323007,False,False,0.004476997561970952,0.018411199806831785,86.0,19.0,False
453,5.461,5.227,2.251,1.738,17.006,0.9037,34.4902,0.0,1550,0.001277139208173691,0.41216192497210236,0.0006381620931716656,1564,0.06649616368286446,1.001918158567775,keep,True,True,True,False,False,False,log,True,5.485977154582763,5.109446153846154,2.268540233037454,1.960794824818142,0.7470872626776722,-0.16729893477521626,0.09396116957819657,0.360418217635769,0.16729893477521626,0.0,False,0.8642085403941703,0.8080172625800258,-0.42065132967790136,-0.21054860670047537,False,False,0.0005695177513929117,0.0023420841689751363,156.0,78.0,False
454,7.884,7.425,3.06,2.292,16.967,2.3294,42.0703,0.0,1555,0.001277139208173691,0.38809750084998035,0.0006381620931716656,1564,0.06649616368286446,1.001918158567775,keep,True,True,True,False,False,False,log,False,7.910945485636114,7.501317307692309,3.111788852019336,2.1750816567839744,0.488574606024801,-0.13384774550336057,0.4918274653088104,0.799997839141546,0.13384774550336057,0.0,True,0.6024320228648244,0.7642038606617721,-1.033349214323853,-0.7311296349698637,False,False,0.00997584124658868,0.041024638474746106,37.0,99.0,False
455,3.637,3.724,0.938,0.182,1.274,0.6948,10.184,0.0,1527,0.0019157088122605363,0.25803318677983245,0.0006381620931716656,1563,0.06653870761356366,1.0025591810620602,keep,False,False,False,False,False,False,,False,3.6225541039671683,3.834556730769231,0.9426111130535237,0.8565185949233107,0.8256737554772055,0.22610373449736967,0.014540695105237,0.11324117097108816,0.22610373449736967,,False,0.8980988580985534,0.9032185809297357,-0.27635624584550983,-0.15505383673753917,False,False,0.0,0.0,214.0,36.0,False
456,12.326,11.351,8.126,15.787,385.394,3.0489,232.1258,0.0,1551,0.001277139208173691,0.6592636133579017,0.0006381620931716656,1564,0.06585677749360613,0.9922843301200078,keep,True,True,True,False,False,False,log,False,12.323816894664844,12.351951923076923,8.26925005215798,5.773009579184456,0.48738516600056336,0.00345963429870476,0.8252236949693124,0.9343293261001374,0.00345963429870476,0.9417067307692308,True,1.1338665808829589,1.0031784226404254,-1.0368657528599592,0.18125089211209733,False,False,0.0017248637231046526,0.007093327661240656,140.0,254.0,False
457,5.264,4.793,4.538,27.818,962.496,1.4428,164.1093,0.0,1547,0.001277139208173691,0.8620867624726409,0.0006381620931716656,1564,0.06585677749360613,0.9922843301200078,keep,True,True,True,False,False,False,log,False,5.273763474692203,5.121714423076923,4.669593899525049,1.8837356039827577,0.1627352617607041,-0.03348207959106282,0.8330960702017446,0.9343293261001374,0.03348207959106282,0.9417067307692308,True,0.9953495788930408,0.8595953132240338,-2.619401204323207,-0.006724788165152925,False,True,0.0,0.0,214.0,213.0,False
459,2.838,2.83,1.346,23.902,795.581,0.991,47.7772,0.0,1518,0.0019157088122605363,0.47406485790077235,0.0006381620931716656,1563,0.06653870761356366,1.0025591810620602,keep,True,True,True,False,False,False,log,True,2.8360637482900137,2.8709432692307693,1.3812346667280302,0.6691780124760836,0.23471907531868058,0.025901451387534337,0.21350980580207835,0.5388769311921922,0.025901451387534337,0.0,True,0.9332532607658874,0.8506703992927651,-2.090993002283282,-0.09965945060621043,False,True,0.002475921500672884,0.010181976832449082,125.0,224.0,False
460,29.197,26.168,13.335,1.867,8.334,7.9534,149.3851,0.0,1564,0.001277139208173691,0.4567250056641976,0.0006381620931716656,1564,0.06649616368286446,1.001918158567775,keep,True,True,False,False,False,False,log,False,28.98199001367989,32.225772115384615,13.259681140923247,14.075479643992178,1.1268347845823228,0.2435028034122361,0.009763089188589695,0.08961121148098398,0.2435028034122361,,False,1.191001154880301,0.9506301951905856,0.17227600447496966,0.2521748121434839,False,False,0.0,0.0,214.0,31.0,False
467,6.252,5.645,8.674,10.441,115.754,1.7163,109.0074,0.0,417,0.005758157389635317,1.3873317264647893,0.0025526483726866626,1554,0.06628056628056628,0.9986696861696862,keep,True,True,True,False,False,False,log,False,6.167931506849316,7.445026213592232,8.203549501483096,13.70904662361405,2.792613935047621,0.14721764493441647,0.0832029308599972,0.3435914903864211,0.14721764493441647,,True,1.1016742535224688,0.80055001134044,1.4816161420067195,0.13969770639597354,False,False,0.009107067639950728,0.03745189485867152,47.0,92.0,False
468,224.173,150.34,230.767,1.26,1.004,0.0,999.877,15.64,1317,0.1564102564102564,1.0294141859997041,0.004467134652201659,1316,0.07218844984802432,1.087685585690905,keep,True,False,False,True,False,False,log,False,227.59087953296702,176.3233951923077,230.73995815383597,226.8682097486622,0.9667221487074904,-0.22232500121254725,0.011840362103969224,0.10143243535733634,0.22232500121254725,,False,0.962191808045408,0.6548788968163131,-0.04882679906558673,-0.05560357830091637,False,False,0.0017382151741029972,0.007148234153513443,138.0,39.0,False
469,5.662,5.472,3.152,17.354,364.924,2.6009,77.8007,0.0,1514,0.0012812299807815502,0.5566092839733784,0.0038289725590299937,1559,0.06670942912123155,1.005131494547787,keep,True,True,True,False,False,False,log,True,5.617964035689774,6.283320192307693,3.004001171166635,4.739536962295679,2.489267871594632,0.21123515754748537,0.030191812755848948,0.18696748230921822,0.21123515754748537,1.8834134615384617,True,1.0099846193075708,0.8438943047716777,1.3157214879432917,0.014333322860583593,False,False,0.0,0.0,214.0,49.0,False
470,5.368,4.061,4.983,8.608,118.026,0.8325,87.1347,0.0,1547,0.0012812299807815502,0.9283899317509402,0.0038289725590299937,1559,0.06670942912123155,1.005131494547787,keep,True,True,True,False,False,False,log,False,5.316851750171586,6.080841346153846,4.7246745656242135,7.747634201290853,2.68902237362787,0.15329717580512664,0.3566165165875649,0.7310326063162901,0.15329717580512664,1.8834134615384617,True,1.0233919206533062,1.1297103724817625,1.42708175899944,0.033358748896962054,False,False,0.00024216023733880654,0.0009958594913667504,167.0,86.0,False
471,9.639,7.396,10.174,10.622,164.692,2.4026,212.6557,0.0,1552,0.0012812299807815502,1.055538078252796,0.0038289725590299937,1559,0.06670942912123155,1.005131494547787,keep,True,True,True,False,False,False,log,False,9.476705078929307,11.909639423076923,9.234509262620103,18.887267705676923,4.183219270873964,0.2393643342261611,0.3734818000050171,0.7498814265725734,0.2393643342261611,1.8834134615384617,True,1.3309513210334907,1.0863602715948544,2.064613621388964,0.41245780627019635,False,True,0.0,0.0,214.0,35.0,False
472,137.888,138.255,47.698,0.574,2.768,11.4997,492.7718,0.0,1560,0.000641025641025641,0.345917708556463,0.004467134652201659,1559,0.06670942912123155,1.005131494547787,keep,False,True,False,False,False,False,,False,137.87286449175824,138.1059826923077,47.52683030398401,50.273727987628554,1.1189340245942094,0.004883458272013598,0.9893036444018956,1.0,0.004883458272013598,,False,1.1545116883483686,1.0558630953568449,0.16212497358257646,0.20728277912057527,False,False,0.0,0.0,214.0,252.0,False
473,39.427,34.247,22.457,3.428,30.908,0.0,358.9504,0.06,1558,0.001282051282051282,0.5695891393884823,0.004467134652201659,1558,0.06675224646983312,1.0057766367137355,keep,True,True,True,False,False,False,log,False,39.369835851648354,40.225003846153854,22.335195247290237,24.200533149779517,1.1740061204774692,0.038051240404913284,0.9995505598547306,1.0,0.038051240404913284,2.8251201923076925,False,1.21704748113106,0.8870554987595316,0.23143992970816607,0.2833854535537574,False,False,0.0,0.0,214.0,202.0,False
474,37.637,32.82,24.823,5.454,60.097,0.0,415.4355,0.06,1559,0.001282051282051282,0.659534103649068,0.004467134652201659,1558,0.06675224646983312,1.0057766367137355,keep,True,True,True,False,False,False,log,False,37.53895164835165,39.010423076923075,24.634907443032414,27.413005611550147,1.2382588486566826,0.05923767974909377,0.7564489302852725,0.9301788281498328,0.05923767974909377,1.8834134615384617,False,1.1558108841657864,0.8986298914418416,0.3083129305766086,0.20890536081787273,False,False,0.0008766072902299804,0.0036049588477873435,152.0,176.0,False
475,4.263,4.276,2.611,19.168,480.923,1.1011,79.1162,0.0,1526,0.0019218449711723255,0.6125815937730665,0.0038289725590299937,1558,0.06675224646983312,1.0057766367137355,keep,True,True,True,False,False,False,log,True,4.2315596431022655,4.697063461538462,2.5062641017699536,3.7774799934845786,2.271698433786864,0.17830726623411322,0.10876960578890753,0.39472325356367693,0.17830726623411322,1.8834134615384617,True,1.3568101995335633,1.2374052335534365,1.1837713309005224,0.44021892020919734,False,False,0.011239247911629002,0.04622027064236785,29.0,70.0,True
476,20.132,15.974,14.94,5.448,66.081,0.0,274.8871,0.06,1559,0.0012812299807815502,0.7420760469023241,0.0038289725590299937,1559,0.06670942912123155,1.005131494547787,keep,True,True,True,False,False,False,log,False,20.018234660260813,21.72812980769231,14.709942825142779,17.856461481724935,1.4735634240288866,0.1144088523988024,0.39563628163096576,0.7531742546604311,0.1144088523988024,2.8251201923076925,False,1.0903068487672414,1.2328896462785555,0.5593091572130153,0.1247342147225631,False,False,0.0,0.0,214.0,117.0,False
477,6.258,5.242,10.185,19.75,466.938,1.6872,289.8264,0.0,1537,0.0012812299807815502,1.6275413775910128,0.0038289725590299937,1559,0.06670942912123155,1.005131494547787,keep,True,True,True,False,False,False,log,False,6.105093548387096,8.398981730769231,9.556340462629606,16.589918537191007,3.013736508047982,0.22539709775801703,3.5000837767598875e-05,0.001799043061254582,0.22539709775801703,0.9417067307692308,True,1.7598917375514966,1.6713864659258373,1.5915532871580915,0.8154866819866654,False,False,0.02448873534757845,0.10070744807428518,1.0,37.0,False
479,3.283,3.184,2.639,17.051,333.083,0.6459,63.3336,0.0,1507,0.0019218449711723255,0.803622145636926,0.0038289725590299937,1558,0.06675224646983312,1.0057766367137355,keep,True,True,True,False,False,False,log,True,3.2553563486616333,3.676194230769231,2.537702456805086,3.774442340365407,2.2121989935418043,0.15949079845598865,0.051925680132949105,0.24727514843711684,0.15949079845598865,2.8251201923076925,True,0.9457222577301169,0.8720037638668772,1.1454811658996544,-0.08051154369964088,False,False,0.0006474638888498419,0.002662629778175454,154.0,80.0,False
480,75.538,70.434,35.752,0.814,0.84,8.8406,221.9747,0.0,1560,0.0012812299807815502,0.4733039178497521,0.0038289725590299937,1559,0.06670942912123155,1.005131494547787,keep,False,False,False,False,False,False,,False,75.64863191489363,73.9900548076923,35.82669799507704,34.82779423884432,0.9450142870848732,-0.04635644877564691,0.6003830652112803,0.8702611170287683,0.04635644877564691,,False,0.9772310165909778,1.0350353691466814,-0.08159195417726552,-0.03322844048004878,False,False,0.0,0.0,214.0,194.0,False
482,318.418,293.518,281.011,0.466,-0.798,0.0,999.4135,31.24,1062,0.3123784834737524,0.8825221176495995,0.015315890236119975,1061,0.06314797360980208,0.9514699485246141,keep,False,False,False,True,False,False,,False,319.11555594162616,308.7728942307692,280.3628755964387,291.0592342214593,1.077759235884529,-0.03677686276945257,0.62007186450293,0.8782358658581981,0.03677686276945257,,False,1.0803787718314577,1.084536484829826,0.10803492578034929,0.11153719798213764,False,False,0.002168989191143167,0.00891974874326599,129.0,206.0,False
483,206.564,148.318,192.864,1.701,2.854,0.0,989.4737,8.94,1402,0.08943616331821128,0.9336778409700655,0.015315890236119975,1405,0.0711743772241993,1.0724062414453874,keep,True,True,False,True,False,False,log,False,207.8032426685198,189.42007884615384,195.38423775147987,153.56146021482175,0.6177111156480841,-0.09526644527535916,0.8958907589488165,0.959349687707691,0.09526644527535916,,True,0.6325951045857611,0.8782162575398301,-0.6949958028133632,-0.6606457034600876,False,False,0.0,0.0,214.0,138.0,False
484,215.289,138.776,213.127,1.522,1.991,0.0,996.8586,14.0,1324,0.13998703823720027,0.9899562422790517,0.015315890236119975,1327,0.0640542577241899,0.965125210132746,keep,True,False,False,True,False,False,log,False,217.79632022237666,180.59559615384615,214.97039265834619,183.14252771933545,0.725806926664351,-0.17457331610340066,0.1288159263584143,0.4244319624886214,0.17457331610340066,,False,0.7347054356020761,0.8738609624888337,-0.4623422697914916,-0.4447621466735286,False,False,0.0026791494797746562,0.011017731348235357,118.0,72.0,False
485,201.112,112.953,218.69,1.513,1.683,0.0,994.0,11.92,1358,0.11924821775761503,1.0874055787948205,0.015315890236119975,1359,0.06328182487122884,0.9534867266655346,keep,True,False,False,True,False,False,log,False,202.92620903405142,176.0055971153846,219.36366676395082,208.53617359827294,0.9037189874658745,-0.12305824557745468,0.24358925800330267,0.5691130846077163,0.12305824557745468,,False,0.90014907123314,0.7334320353596473,-0.14605386031668463,-0.15176415286760703,False,False,0.0045239477341616485,0.018604277642859803,85.0,108.0,False
486,302.506,249.927,287.364,0.61,-0.726,0.0,999.4911,32.66,1039,0.32663642255346725,0.9499444439721626,0.015315890236119975,1039,0.08084696823869104,1.2181461464425853,keep,False,False,False,True,False,False,,False,300.5426724113968,329.67441057692304,288.97450438572815,263.8608851056504,0.8337406465042458,0.10132626191605457,0.14845073137485926,0.4696022763252599,0.10132626191605457,,False,0.8326501915297063,0.6855554911304571,-0.2623294236787553,-0.26421756921187883,False,False,0.0027973720892198184,0.011503909876155235,116.0,127.0,False
487,239.455,112.276,263.838,1.152,0.197,0.0,995.7447,22.29,1199,0.22294232015554116,1.1018240836157234,0.015315890236119975,1199,0.07339449541284404,1.1058574453069867,keep,True,False,False,True,False,False,log,False,240.27580340514245,228.10276057692312,264.0857403357237,261.3771758392905,0.9795924274019009,-0.046104056820811874,0.9765080023622891,0.9919468640597164,0.046104056820811874,,False,0.9742267630497675,0.7052762525120733,-0.02974647348848371,-0.037670478790881506,False,False,0.004805399406754729,0.019761719188974236,81.0,195.0,False
488,352.616,348.529,252.044,0.354,-0.54,0.0,997.5186,14.84,1314,0.14841218405703174,0.7147815483451762,0.015315890236119975,1314,0.06012176560121765,0.9058731413183468,keep,False,False,False,True,False,False,,False,355.759291104934,309.1308076923077,250.99141529024286,263.6019050461936,1.103009757147397,-0.18505081448753374,0.06337415415007971,0.28573960730825415,0.18505081448753374,,False,1.1003909666459906,1.2145518041310555,0.1414455529654717,0.13801620141114077,False,False,0.003373646812648401,0.013873781409433322,108.0,67.0,False
489,272.17,219.487,228.047,1.039,0.571,0.0,994.0035,12.7,1344,0.1270252754374595,0.8378842163760054,0.015315890236119975,1347,0.07126948775055679,1.0738393010107932,keep,True,False,False,True,False,False,log,False,270.98388262682414,288.57741730769226,227.79561904204505,231.9841510898056,1.0371125645995927,0.07710069473666138,0.5234380959257628,0.8202657966641528,0.07710069473666138,,False,1.0465195365886881,0.9047377996710125,0.0525724877637932,0.06559924429933683,False,False,0.0059845345206106515,0.024610793123000557,74.0,161.0,False
490,51.354,48.557,18.049,0.908,1.363,13.7225,142.8436,0.0,1562,0.001277139208173691,0.35145453628088996,0.0006381620931716656,1564,0.06649616368286446,1.001918158567775,keep,False,False,False,False,False,False,,False,51.38633932968535,50.90006442307693,18.011537212670888,18.645528866509224,1.0716373782989934,-0.026921588704161864,0.7023197216473291,0.9000393973172458,0.026921588704161864,,False,1.0947936362187125,1.0935300426969152,0.09981680781787705,0.13065895378848086,False,False,0.009852850185952944,0.040518850173440486,39.0,223.0,False
491,2.443,2.251,1.224,3.248,17.917,0.5558,12.7698,0.0,472,0.00707395498392283,0.5012061745423959,0.007657945118059987,1544,0.0667098445595855,1.005137754085293,keep,True,True,True,False,False,False,log,False,2.438084493452791,2.506693269230769,1.2308193852431866,1.1327264046619265,0.8469570614371827,0.05600036973764858,0.24072488605475717,0.5675806946428678,0.05600036973764858,0.0,False,0.991832747987473,1.1889199255121043,-0.23963926443484315,-0.011831234348287915,False,False,0.0,0.0,214.0,180.0,False
493,2.53,2.529,0.974,0.724,1.683,0.833,9.4024,0.0,572,0.007019783024888321,0.3849527393251983,0.0,1556,0.06683804627249357,1.0070694087403598,keep,False,False,False,False,False,False,,False,2.525005058099795,2.6009644230769235,0.958305222398753,1.1753229202965545,1.5042038685540717,0.07794359228396443,0.778611824753579,0.9343293261001374,0.07794359228396443,,True,1.0283991856126924,0.9630286271958359,0.5890001123743456,0.04040037281727231,False,False,0.0,0.0,214.0,158.0,False
494,0.956,0.232,6.615,16.162,276.697,0.0342,127.5728,0.0,894,0.004467134652201659,6.916467834279714,0.0,1560,0.06666666666666667,1.0044871794871795,keep,True,True,True,False,False,False,log,False,0.8944098427887902,1.8290673076923079,5.985254922707438,12.491191593056877,4.3555442914025235,0.14126400192420513,0.7109256896041984,0.9000393973172458,0.14126400192420513,2.8251201923076925,True,1.437107219639893,1.3005258754631288,2.1228530167439876,0.5231677023465652,False,True,0.0,0.0,214.0,94.0,False
495,6.808,6.608,3.26,19.099,585.47,1.772,107.6926,0.0,964,0.003190810465858328,0.47886352804467863,0.0,1562,0.06658130601792574,1.003201024327785,keep,True,True,True,False,False,False,log,False,6.810894736842105,6.764652884615385,3.328458452165257,2.0805318926890912,0.39071715022467246,-0.01417329481966565,0.9428760012537648,0.9848114327541339,0.01417329481966565,0.9417067307692308,True,1.0033523343110187,0.9960870979469226,-1.3558035120019427,0.0048283075495825535,False,False,0.0069020689665166834,0.028384060760383346,68.0,240.0,False
496,29.866,22.039,24.622,3.227,13.986,4.8135,219.6436,0.0,1510,0.0013192612137203166,0.8244047306177759,0.03254626675175495,1514,0.06803170409511229,1.0250546184330862,keep,True,True,True,False,False,False,log,False,29.909042321302195,29.274001941747567,24.81397557424871,21.91177785498189,0.779762834692241,-0.025771272195073774,0.9631820857932936,0.9901511841955059,0.025771272195073774,0.0,False,0.932356039801637,0.9919620146891461,-0.3588927007095987,-0.10104711128640467,False,False,0.0,0.0,214.0,225.0,False
497,11.821,10.907,4.957,1.065,1.72,1.9496,40.2818,0.0,1509,0.0013192612137203166,0.41930753924012293,0.03254626675175495,1514,0.06803170409511229,1.0250546184330862,keep,True,False,False,False,False,False,log,False,11.78714210898797,12.285918446601942,4.935544867130321,5.240683938746245,1.1274719047395603,0.10057698789979615,0.2551968601153166,0.5908611986453727,0.10057698789979615,,False,0.9266360268482904,0.871382940223121,0.17309148368205718,-0.10992532062650937,False,False,0.00766740404781352,0.031531423899605296,63.0,129.0,False
499,263.196,0.0,324.771,0.743,-0.957,0.0,1000.0,54.44,703,0.544408945686901,1.2339530580776357,0.0012763241863433313,713,0.0546984572230014,0.8241584852734923,keep,False,False,False,True,False,False,,False,265.7990736481862,226.6257798076923,324.70931396373413,325.0000456822013,1.001791521590105,-0.1205760996432336,0.16559511906309732,0.478179164036135,0.1205760996432336,,False,1.0016446302512791,0.8832066874222244,0.0025823068744832063,0.0023707509371916247,False,False,0.00046563761607809617,0.0019148876157565975,162.0,113.0,False
500,240.981,0.0,323.003,0.919,-0.674,0.0,999.2337,58.08,648,0.5808306709265175,1.340366689005149,0.0012763241863433313,656,0.06707317073170732,1.010612101313321,keep,False,False,False,True,False,False,,False,239.7205577686516,258.69346057692303,321.3929321920944,345.9988177839244,1.1589817196832255,0.05869834078923592,0.6965791648266659,0.9000393973172458,0.05869834078923592,,False,1.1590172011025353,0.9442639019274913,0.21285781127075057,0.21290197770001582,False,False,0.00565148845218455,0.023241174840703954,76.0,177.0,False
510,55.764,46.986,37.692,4.107,27.463,0.0,451.4851,0.13,1498,0.0025559105431309905,0.6759211653001287,0.0012763241863433313,1561,0.06662395900064061,1.0038436899423446,keep,True,True,True,False,False,False,log,False,54.44059137577002,74.34794903846154,35.76981071031226,55.337152031727506,2.3933175437602,0.5323697279390496,3.45261223775805e-06,0.0002218303362759547,0.5323697279390496,0.9417067307692308,True,2.1493143327054534,1.5833145199726224,1.2590118253826026,1.1038764893143356,False,False,0.008611749564581883,0.035414949355056714,53.0,3.0,False
511,275.979,0.0,329.665,0.7,-0.998,0.0,1000.0,52.4,586,0.5239616613418531,1.1945261589550364,0.0012763241863433313,745,0.07785234899328859,1.1730252968508004,keep,False,False,False,True,False,False,,False,271.14984818617387,343.82616923076927,327.49671276046126,353.4827523660366,1.1649909874584061,0.2206120711324235,0.028750711887393643,0.18664531548563812,0.2206120711324235,,False,1.1657655630197514,1.2853801672668554,0.2203187940217382,0.22127768984640606,False,False,0.0,0.0,214.0,43.0,False
519,11.728,5.833,15.814,4.077,25.543,0.0,184.3488,1.17,836,0.011737089201877934,1.3483822231208367,0.4562858966177409,842,0.08432304038004751,1.270521194957062,keep,True,True,True,True,True,False,log,False,11.393324455825866,15.41470985915493,15.92308616333783,14.149330002140482,0.7896184020282916,0.25454240044938575,1.1928985833797455e-06,0.00010219164530953154,0.25454240044938575,0.0,False,1.1361144578169338,1.8725610035601328,-0.3407724827455339,0.1841081864330071,False,False,0.014915238221974159,0.061337409116293456,17.0,30.0,False
520,2.696,2.221,5.702,17.415,324.096,0.3121,111.7365,0.0,1536,0.0012763241863433313,2.115121615460483,0.0,1565,0.06645367412140575,1.0012779552715656,keep,True,True,True,False,False,False,log,False,2.68430991114149,2.8604375,5.815564368078612,3.781134904991508,0.4227276070902369,0.030863004122982898,0.7212267088833375,0.9067955365689486,0.030863004122982898,1.8834134615384617,True,1.5736944648394928,1.272768074204286,-1.242199761294135,0.6541554666087229,False,False,0.0,0.0,214.0,216.0,False
521,11.61,0.0,103.123,9.04,81.19,0.0,1000.0,98.66,9,0.9865985960433951,8.88219532869969,0.0,21,0.14285714285714285,2.1524725274725274,keep,True,True,True,True,False,True,log,False,10.600730006835269,25.8089125,98.80752468090064,151.29020680850857,2.3444533419035967,0.14745785160676794,0.15842273357390224,0.4699606664451335,0.14745785160676794,,True,2.6758302734405324,0.0,1.2292515675747873,1.419986609465444,False,False,0.0017598477969462678,0.0072371961276937345,137.0,91.0,False
522,14.729,13.743,7.104,5.218,74.929,2.6811,137.9838,0.0,1562,0.0012763241863433313,0.482347720334331,0.0,1565,0.06645367412140575,1.0012779552715656,keep,True,True,True,False,False,False,log,False,14.70296801093643,15.093179807692307,7.1750026055078475,6.042886827660965,0.709324230056711,0.05488637613223049,0.31669586228277025,0.6782569717222663,0.05488637613223049,1.8834134615384617,False,0.8626536208032923,0.8846827261662225,-0.4954828649238481,-0.2131467010237066,False,False,0.0,0.0,214.0,182.0,False
523,0.454,0.1,4.148,21.906,516.176,0.0258,111.333,0.0,1040,0.0038289725590299937,9.13772480503699,0.0,1561,0.06662395900064061,1.0038436899423446,keep,True,True,True,False,False,False,log,False,0.46539501025290503,0.2921423076923077,4.288529722384668,0.6807258815158248,0.02519577243731751,-0.04174089481502418,0.3041795202329768,0.6569255184863448,0.04174089481502418,0.9417067307692308,True,1.2179351079282286,0.9587843463780182,-5.310674503484721,0.28443726792065355,False,True,0.0,0.0,214.0,198.0,False
524,5.688,4.877,20.663,38.855,1527.955,1.3104,818.0005,0.0,1543,0.0012763241863433313,3.6329478809449034,0.0,1565,0.06645367412140575,1.0012779552715656,keep,True,True,True,False,False,False,log,True,5.7199311688311685,5.235524038461539,21.38090188643338,1.647859895336755,0.0059400284806398395,-0.023424424307849804,0.44020997502161463,0.7911465984654193,0.023424424307849804,0.9417067307692308,True,0.7853112727192834,0.8023035454729441,-7.395314436333124,-0.34866348852924595,False,True,0.002482666926748145,0.010209716715157253,124.0,229.0,False
525,5.56,5.134,3.92,13.939,253.958,1.54,80.0406,0.0,1526,0.0012961762799740765,0.7050520878075841,0.015315890236119975,1541,0.06748864373783257,1.0168721609344582,keep,True,True,True,False,False,False,log,False,5.548502918693537,5.724975000000001,3.8997675231759166,4.211710506946126,1.1663787211206358,0.044980505511040006,0.9464919217520276,0.9848114327541339,0.044980505511040006,0.9417067307692308,False,1.0319740839158216,0.8793503221635123,0.22203630514977735,0.04540674064915471,False,False,0.0033694365833469853,0.01385646726712523,109.0,196.0,False
526,1.443,1.55,0.958,0.716,2.251,0.1705,8.2037,0.0,1514,0.0019144862795149968,0.6639804317277271,0.0,1564,0.06585677749360613,0.9922843301200078,keep,False,True,False,False,False,False,,False,1.4489590567327408,1.3660653846153847,0.964818012374558,0.8640434408767772,0.8020110461013027,-0.08644023061278616,0.5216118684940684,0.8202657966641528,0.08644023061278616,,False,0.8918140132030783,0.9418201767049721,-0.31830598782583797,-0.16518522578078756,False,False,0.002015167117372929,0.008287171017751596,131.0,148.0,False
527,6.396,6.411,1.889,0.182,-0.447,2.17,14.4479,0.0,1549,0.0012763241863433313,0.2953066223034272,0.0,1565,0.06645367412140575,1.0012779552715656,keep,False,False,False,False,False,False,,False,6.400965071770335,6.321891346153846,1.9038068657731428,1.6681015681231373,0.7677135463953301,-0.04183564370442296,0.7109260609159569,0.9000393973172458,0.04183564370442296,,False,0.7924941422832463,0.833511399235826,-0.3813599900414956,-0.33552782326956826,False,False,0.0,0.0,214.0,197.0,False
539,3.034,3.055,1.253,0.204,-0.774,0.8516,6.5803,0.0,333,0.010262989095574085,0.4129255255907728,0.005105296745373325,1543,0.06675307841866494,1.005789171942769,keep,False,False,False,False,False,False,,False,3.039889896907217,2.9551192307692307,1.2443509753149162,1.3711656706341564,1.2142107619075695,-0.0676141981129212,0.4437276165005146,0.7919305377821685,0.0676141981129212,,False,1.189309892457568,1.1368869780660205,0.2800188653889957,0.25012467981019276,False,False,0.009946613100768165,0.040904440680301066,38.0,168.0,False
540,1.943,1.786,0.732,0.578,-0.424,0.6144,4.0825,0.0,336,0.006414368184733804,0.3767334480587059,0.005105296745373325,1549,0.06649451258876694,1.001893281024979,keep,False,False,False,False,False,False,,False,1.9417202061855672,1.9583278846153847,0.7308061990863693,0.7508866778691089,1.0557093141007952,0.022672459482203523,0.8409596170840296,0.9343293261001374,0.022672459482203523,,False,1.054383393001756,1.2036888343094656,0.07821264829851543,0.07639955256151341,False,False,0.004424099402621895,0.018193661475012734,90.0,230.0,False
541,9.612,9.459,2.896,0.722,1.56,3.2761,25.7792,0.0,336,0.006414368184733804,0.3013408104243548,0.005105296745373325,1549,0.06649451258876694,1.001893281024979,keep,False,False,False,False,False,False,,False,9.59241615120275,9.880410576923076,2.888886470096194,3.0006526130910505,1.0788734108568598,0.09938349405901054,0.3929405900521661,0.7531742546604311,0.09938349405901054,,False,1.0953298894658585,1.248792600070943,0.10952559676013014,0.1313654435427854,False,False,0.015814272222012482,0.06503459554061526,14.0,133.0,True
542,0.111,0.11,0.003,0.877,-0.334,0.1053,0.1184,0.0,102,0.48690095846645365,0.02460927919426144,0.0012763241863433313,803,0.0460772104607721,0.694259507615672,keep,False,False,False,False,False,False,,False,0.11124565366187543,0.11068557692307694,0.0027614549595578,0.002311323676955795,0.7005604379090007,-0.2047523264898102,0.060135328289601726,0.2759782030433508,0.2047523264898102,,False,0.7035295509534323,0.48717948717948684,-0.5134185764077663,-0.5073170713991403,False,False,0.00031218742988792236,0.0012838392403138681,165.0,54.0,False
544,0.003,0.003,0.0,0.118,4.5,0.0016,0.0047,0.0,21,0.5246006389776358,0.11777459139110551,0.0012763241863433313,744,0.0456989247311828,0.6885597601323409,keep,False,True,False,False,False,False,,False,0.0025074606433949345,0.002533653846153846,0.00029865988236379916,0.00024716276501983046,0.6848765726233672,0.08858497348138149,0.38027954621347193,0.7531742546604311,0.08858497348138149,,False,0.7696422724091238,0.12499999999999918,-0.5460840836153472,-0.377740053939292,False,False,0.0005678045525630004,0.002335038812007722,157.0,146.0,False
545,7.611,7.116,1.316,2.362,14.672,4.4294,21.0443,0.0,273,0.47987220447284346,0.1728385998053535,0.0012763241863433313,814,0.045454545454545456,0.6848776223776224,keep,True,True,True,False,False,False,log,False,7.627522861054072,7.3849519230769225,1.3415405289872426,0.8443246327291176,0.3961059119566395,-0.18443558954808797,0.11542099613156659,0.3955092800775015,0.18443558954808797,0.0,True,0.48001816753246335,0.0,-1.3360418609841989,-1.0588390854848453,False,False,0.007396797029555646,0.030418579897947332,66.0,68.0,False
546,1.04,0.911,0.389,1.455,4.686,0.4444,3.9786,0.0,1047,0.10864575363427698,0.37423477366869423,0.16592214422463306,1165,0.06523605150214593,0.9829316606140641,keep,True,True,False,False,True,False,log,False,1.0410381654381653,1.0196418604651158,0.3906055425071275,0.36808944771781194,0.8880346913048349,-0.05494650447824052,0.5834316719150527,0.8702611170287683,0.05494650447824052,,False,1.0159881153001937,1.0616755976916736,-0.17131205795629806,0.022883526029609583,False,False,0.0,0.0,214.0,181.0,False
547,403.546,403.122,5.064,-0.413,1.426,372.822,421.702,0.0,1023,0.10864575363427698,0.012548461004527313,0.16592214422463306,1165,0.06523605150214593,0.9829316606140641,keep,False,False,False,False,True,False,,False,403.4817182637183,404.4659069767442,5.117270722284463,4.150685759437564,0.657904600585776,0.19439428104615333,0.16389334592443716,0.478179164036135,0.19439428104615333,,True,0.7254346297173873,0.9718601895734599,-0.6040496936624093,-0.46308247870921915,False,False,0.002206840736457494,0.009075409396222124,128.0,60.0,False
548,75.68,74.084,3.391,0.858,-0.734,71.038,83.72,0.0,964,0.11017597551644988,0.04480086022539023,0.16592214422463306,1163,0.06534823731728288,0.984621998809445,keep,False,False,False,False,True,False,,False,75.67141195741195,75.79997674418604,3.377019192674653,3.595411317308393,1.1335223939273595,0.037884229268774744,0.9712134625435229,0.9907533567326604,0.037884229268774744,,False,1.136103704474286,1.3425298804780872,0.18081289331849607,0.18409453123530792,False,False,0.0,0.0,214.0,203.0,False
552,0.277,0.198,0.276,3.64,20.189,0.0187,2.7182,0.0,973,0.10864575363427698,0.9983470829585355,0.16592214422463306,1165,0.06523605150214593,0.9829316606140641,keep,True,True,True,False,True,False,log,False,0.2763167076167076,0.2819593023255814,0.27452613426185474,0.3010732282930544,1.2027542205215562,0.020407815828854217,0.48210160145010306,0.7955230935458405,0.020407815828854217,1.0762362637362637,False,0.7884937051189934,0.7822097378277154,0.2663418619142822,-0.3428288574744458,False,False,0.0,0.0,214.0,234.0,False
555,57.747,54.442,35.208,1.758,5.799,4.8269,303.55,0.0,1085,0.10864575363427698,0.6096911432289596,0.16592214422463306,1165,0.06523605150214593,0.9829316606140641,keep,True,True,False,False,True,False,log,False,57.51724512694513,61.00195116279071,35.00640626334528,38.018253488309426,1.1794764304749135,0.09891113116002939,0.22355055820015968,0.5420046552588778,0.09891113116002939,,False,0.8415817558178786,0.9320720251072695,0.2381465894322257,-0.24882466530035804,False,False,0.0007982574158782452,0.003282752911428756,153.0,134.0,False
556,4.217,4.067,1.28,13.446,301.462,1.4967,35.3198,0.0,1070,0.10864575363427698,0.3035421875256879,0.16592214422463306,1165,0.06523605150214593,0.9829316606140641,keep,True,True,True,False,True,False,log,True,4.199779524979525,4.46003953488372,1.1868611830964417,2.2117240207733118,3.4726580188865284,0.20339090368585525,0.8470767820285292,0.9343293261001374,0.20339090368585525,2.1524725274725274,True,1.2942876123919533,1.2439052977027656,1.7960403437033043,0.3721582439650267,False,True,0.0,0.0,214.0,55.0,False
557,1.623,1.53,1.87,22.089,566.83,0.1646,54.2917,0.0,1062,0.10864575363427698,1.1524046588716121,0.16592214422463306,1165,0.06523605150214593,0.9829316606140641,keep,True,True,True,False,True,False,log,True,1.5912058149058148,2.075467441860465,1.6171393672182814,3.9996433748211877,6.1171290099118085,0.25919046459784234,0.8534521266198343,0.9372313821731334,0.25919046459784234,3.228708791208791,True,1.3478018332253943,0.9908724513987675,2.612854702754974,0.43060839322643285,False,True,0.0,0.0,214.0,29.0,False
558,0.995,0.973,0.084,3.352,12.988,0.8919,1.5121,0.0,365,0.016602809706257982,0.08428018457285451,0.0006381620931716656,1540,0.06298701298701298,0.9490447052947052,keep,True,True,True,False,False,False,log,False,0.9944912448700409,1.0022865384615385,0.08198597344155713,0.10700861416889772,1.7035636486220094,0.0929071879293208,0.5916971746253941,0.8702611170287683,0.0929071879293208,3.228708791208791,True,1.2940258354217382,0.9128289473684243,0.7685558504785305,0.3718664212428947,False,False,0.0018369533118893777,0.0075542847618008495,135.0,142.0,False
560,0.072,0.059,0.052,2.171,6.844,0.0177,0.4457,0.0,345,0.0140485312899106,0.7119738881859169,0.0006381620931716656,1544,0.06541450777202072,0.9856205161418892,keep,True,True,False,False,False,False,log,False,0.07216764705882353,0.0763201923076923,0.05175148812090516,0.049145830902613596,0.9018362311677143,0.08046213389748674,0.20603975979557076,0.5348708915905221,0.08046213389748674,,False,0.9889010803596056,1.1458333333333335,-0.14906262363892825,-0.016101879274139308,False,False,0.003782229059479336,0.015554034587998134,101.0,156.0,False
561,32.285,29.731,19.026,0.806,-0.028,7.2369,101.1146,0.0,414,0.010855683269476373,0.5893172491787639,0.0006381620931716656,1549,0.06520335700451904,0.9824390425584745,keep,False,False,False,False,False,False,,False,32.15216190150479,34.15173365384616,18.90243384440009,20.694422718471717,1.1985914586760653,0.10504837824471548,0.33571258639253787,0.7014482496169286,0.10504837824471548,,False,1.0814554707748116,1.052242867206763,0.26133999821872056,0.1129742631594121,False,False,0.002535947810097694,0.010428828960731313,123.0,126.0,False
562,262.73,264.272,7.631,0.106,2.535,242.286,311.404,0.0,873,0.30602782071097373,0.02904348371163058,0.1742182514358647,898,0.066815144766147,1.0067243446976188,keep,False,True,False,False,True,False,,False,262.8255634266886,261.2747,7.564182840533778,8.495291473829278,1.2613410565669207,-0.20329035057163797,0.1319605336200197,0.4292893308904438,0.20329035057163797,,False,1.2884482093498872,0.8367782712675137,0.33495842165331147,0.36563454758499714,False,False,0.014309963462326936,0.058848277866244005,18.0,56.0,False
563,0.68,0.651,0.122,0.855,0.521,0.3049,1.2988,0.0,785,0.30602782071097373,0.17915018426355103,0.1742182514358647,898,0.066815144766147,1.0067243446976188,keep,False,False,False,False,True,False,,False,0.6801799011532125,0.67145875,0.12356572148639577,0.09016719026868568,0.5324772468041423,-0.07156844849192563,0.8825212421551918,0.9503430393174842,0.07156844849192563,,True,0.5723712238704897,0.7799902272172002,-0.9092082157914362,-0.804976952911735,False,False,0.009747504807966267,0.040085627957883806,40.0,166.0,False
567,0.06,0.049,0.033,2.127,7.239,0.0091,0.2932,0.0,619,0.30602782071097373,0.5452307165002562,0.1742182514358647,898,0.066815144766147,1.0067243446976188,keep,True,True,False,False,True,False,log,False,0.0597004942339374,0.0659425,0.03199286064865571,0.042585540943709456,1.771814240076655,0.1905484862163552,0.5176061641319832,0.8202657966641528,0.1905484862163552,,True,1.4165798099512303,1.04868154158215,0.8252273572968651,0.5024118852862658,False,False,0.002636498414813948,0.010842333156010285,119.0,65.0,False
568,2.452,2.0,0.997,1.745,9.178,0.3706,12.7462,0.0,887,0.30602782071097373,0.40639263430195227,0.1742182514358647,898,0.066815144766147,1.0067243446976188,keep,True,True,False,False,True,False,log,False,2.447583031301482,2.5257712499999996,0.9934491397474758,1.0477093330840044,1.1122191009171825,0.07838961722069218,0.48598103380037727,0.7955230935458405,0.07838961722069218,,False,1.2027692130661998,1.2685215596115045,0.153441018879837,0.2663598452517179,False,False,0.002594693238657797,0.010670413595966599,122.0,157.0,False
569,21.118,16.988,10.213,2.051,6.235,3.2504,84.8024,0.0,897,0.30602782071097373,0.4836372756742289,0.1742182514358647,898,0.066815144766147,1.0067243446976188,keep,True,True,False,False,True,False,log,False,20.981064250411865,23.1907275,10.009840800490755,12.812820247714662,1.6384572940296014,0.21643665443627935,0.23066610586525216,0.548899900068239,0.21643665443627935,,True,1.5281534663588052,1.3553152927601861,0.7123380698933979,0.6117894347591335,False,False,0.0,0.0,214.0,45.0,False
570,530.524,532.398,17.5,-8.659,86.858,317.1964,589.5082,0.0,814,0.01021059349074665,0.03298578092552252,0.0,1551,0.0670535138620245,1.0103159252095424,keep,True,True,True,False,False,False,log,False,530.5313482570061,530.4149557692308,17.197225150750455,21.405284605822864,1.5492633916186,-0.006645797892140769,0.48577241264757487,0.7955230935458405,0.006645797892140769,0.9417067307692308,True,0.7108047285362802,0.9097520234667864,0.6315824388199271,-0.4924748161471762,False,False,0.021898632862322298,0.09005591348751428,4.0,250.0,True
571,2.102,2.119,0.275,-1.276,3.21,0.9802,2.7395,0.0,811,0.01021059349074665,0.13089118456034834,0.0,1551,0.0670535138620245,1.0103159252095424,keep,True,True,False,False,False,False,log,False,2.103255434039645,2.081873076923077,0.2680523971206375,0.3611330024820533,1.8150766363795232,-0.07767490274312228,0.35840509103444573,0.7310326063162901,0.07767490274312228,,True,1.875846372479652,1.0877207325049048,0.8600304631469525,0.9075416792726334,False,False,0.01777517316970978,0.07309860242239853,8.0,159.0,True
575,0.105,0.09,0.068,3.742,17.126,0.023,0.5502,0.0,599,0.012125079770261647,0.6472993375490224,0.0,1548,0.0665374677002584,1.002540498906778,keep,True,True,True,False,False,False,log,False,0.10568195488721806,0.09132596153846155,0.069413822722555,0.035857146435860986,0.26684527979920686,-0.2118937608846403,0.1450824471601956,0.46607736150212836,0.2118937608846403,2.511217948717949,True,0.32624960257298063,1.2078877005347595,-1.9059246030308914,-1.615951950649558,True,False,0.018096223355019037,0.0744188888482743,7.0,48.0,False
576,5.564,1.624,16.921,4.196,16.037,0.6636,90.4235,0.0,820,0.01021059349074665,3.041362261098647,0.0,1551,0.0670535138620245,1.0103159252095424,keep,True,True,True,False,False,False,log,False,5.69223014354067,3.7563278846153847,17.181705277869487,12.631700963141292,0.540494328619424,-0.11436083431133515,0.8432806789731758,0.9343293261001374,0.11436083431133515,3.013461538461539,True,0.5211611662027519,1.1500253678335872,-0.8876486149765743,-0.9401985079383222,False,False,0.009149036042528591,0.03762448567087076,46.0,118.0,False
577,16.642,13.818,12.485,4.17,19.458,4.582,96.9601,0.0,851,0.01021059349074665,0.7502099968469953,0.0,1551,0.0670535138620245,1.0103159252095424,keep,True,True,True,False,False,False,log,False,16.80752918660287,14.318917307692308,12.791874076230986,6.445930828598471,0.25392352037041266,-0.19941048868837352,0.15188765729180378,0.4699606664451335,0.19941048868837352,2.1524725274725274,True,0.30488108136162095,0.9504691279270656,-1.9775340600825289,-1.7136814646203098,True,False,0.013119056265692208,0.0539507924320587,23.0,58.0,False
585,3.068,2.758,3.578,24.697,659.562,1.1975,99.3032,0.0,1502,0.0019157088122605363,1.166308883204348,0.0006381620931716656,1563,0.06589891234804862,0.9929191889364634,keep,True,True,True,False,False,False,log,False,3.0630234610123117,3.1353442307692303,3.684206071884841,1.4087966616751246,0.14622068016151143,0.02019654318871219,0.7233193968740641,0.9067955365689486,0.02019654318871219,0.9417067307692308,True,1.9147318082717695,1.141593832985278,-2.7737807271226846,0.9371423315902097,False,False,0.005400229684507041,0.022207898563266715,77.0,235.0,False
586,0.021,0.02,0.012,1.438,6.976,-0.0169,0.1028,0.0,322,0.017879948914431672,0.5759124264065166,0.0006381620931716656,1538,0.06762028608582575,1.0188556566970093,keep,True,True,False,False,False,False,yeo-johnson,True,0.02144473324213406,0.02165096153846154,0.012425607086254899,0.0114220022320431,0.8449854840749071,0.016674410504997857,0.5755929092207551,0.8702611170287683,0.016674410504997857,,False,1.0243007720184047,0.9273049645390071,-0.2430015372002624,0.03463940536277375,False,False,0.008485780251915376,0.03489691329340398,56.0,237.0,False
588,0.005,0.005,0.003,2.029,8.239,0.001,0.0286,0.0,120,0.03065134099616858,0.5426633772236857,0.0006381620931716656,1518,0.06785243741765482,1.0223535522448568,keep,True,True,False,False,False,False,log,False,0.005259507523939808,0.005618269230769231,0.00287698779246381,0.0027148911338318203,0.8904894944049256,0.12509255416974976,0.07675147590049278,0.33432422553265495,0.12509255416974976,,False,1.042297372778232,1.096774193548387,-0.16732950372814817,0.059766944628014566,False,False,0.0,0.0,214.0,104.0,False
589,99.67,71.9,93.892,2.714,9.81,0.0,737.3048,2.04,611,0.020434227330779056,0.9420272591098574,0.0006381620931716656,1534,0.06584093872229466,0.9920456824791897,keep,True,True,False,True,False,False,log,False,99.73649466484267,98.7362375,94.83058859921094,79.92239249529798,0.710297130030345,-0.01064480821486546,0.48260893713438335,0.7955230935458405,0.01064480821486546,,False,0.8097531788739463,1.066580225730814,-0.493505438792561,-0.3044458682217311,False,False,0.0024682962557542876,0.010150618783705696,126.0,244.0,False
