feature,t,value,mr,ewma,ewma_lcl,ewma_ucl,r1,r2,r3,r4
s130,0,-0.0473,,-0.12298,-0.773191,0.489391,False,False,False,False
s130,1,-0.0946,0.0473,-0.117304,-0.773191,0.489391,False,False,False,False
s130,2,-0.1892,0.0946,-0.131683,-0.773191,0.489391,False,False,False,False
s130,3,0.2838,0.473,-0.0485866,-0.773191,0.489391,False,False,False,False
s130,4,-0.5677,0.8515,-0.152409,-0.773191,0.489391,False,False,False,False
s130,5,-0.0946,0.4731,-0.140847,-0.773191,0.489391,False,False,False,False
s130,6,-0.4731,0.3785,-0.207298,-0.773191,0.489391,False,False,False,False
s130,7,0.7096,1.1827,-0.0239183,-0.773191,0.489391,False,False,False,False
s130,8,0.7096,0,0.122785,-0.773191,0.489391,False,False,False,False
s130,9,0.7096,0,0.240148,-0.773191,0.489391,False,False,False,False
s130,10,-0.5677,1.2773,0.0785786,-0.773191,0.489391,False,False,False,False
s130,11,-0.5677,0,-0.0506771,-0.773191,0.489391,False,False,False,False
s130,12,-0.4731,0.0946,-0.135162,-0.773191,0.489391,False,False,False,False
s130,13,0,0.4731,-0.108129,-0.773191,0.489391,False,False,False,False
s130,14,0,0,-0.0865035,-0.773191,0.489391,False,False,False,False
s130,15,-0.0473,0.0473,-0.0786628,-0.773191,0.489391,False,False,False,False
s130,16,-0.0473,0,-0.0723902,-0.773191,0.489391,False,False,False,False
s130,17,-0.0473,0,-0.0673722,-0.773191,0.489391,False,False,False,False
s130,18,-0.4258,0.3785,-0.139058,-0.773191,0.489391,False,False,False,False
s130,19,-0.4258,0,-0.196406,-0.773191,0.489391,False,False,False,False
s130,20,-0.4258,0,-0.242285,-0.773191,0.489391,False,False,False,False
s130,21,-0.4258,0,-0.278988,-0.773191,0.489391,False,False,False,False
s130,22,0.0473,0.4731,-0.21373,-0.773191,0.489391,False,False,False,False
s130,23,-0.4731,0.5204,-0.265604,-0.773191,0.489391,False,False,False,False
s130,24,0.0946,0.5677,-0.193563,-0.773191,0.489391,False,False,False,False
s130,25,-0.615,0.7096,-0.277851,-0.773191,0.489391,False,False,False,False
s130,26,-0.615,0,-0.345281,-0.773191,0.489391,False,False,False,False
s130,27,-0.0473,0.5677,-0.285684,-0.773191,0.489391,False,False,False,False
s130,28,-0.615,0.5677,-0.351548,-0.773191,0.489391,False,False,False,False
s130,29,-0.0473,0.5677,-0.290698,-0.773191,0.489391,False,False,False,False
s130,30,-0.0473,0,-0.242018,-0.773191,0.489391,False,False,False,False
s130,31,-0.615,0.5677,-0.316615,-0.773191,0.489391,False,False,False,False
s130,32,0.0946,0.7096,-0.234372,-0.773191,0.489391,False,False,False,False
s130,33,0.0946,0,-0.168577,-0.773191,0.489391,False,False,False,False
s130,34,-0.0473,0.1419,-0.144322,-0.773191,0.489391,False,False,False,False
s130,35,0.0946,0.1419,-0.0965376,-0.773191,0.489391,False,False,False,False
s130,36,-0.0473,0.1419,-0.0866901,-0.773191,0.489391,False,False,False,False
s130,37,-0.0473,0,-0.078812,-0.773191,0.489391,False,False,False,False
s130,38,-0.0473,0,-0.0725096,-0.773191,0.489391,False,False,False,False
s130,39,-1.108,1.0607,-0.279608,-0.773191,0.489391,False,False,False,False
s130,40,-0.0473,1.0607,-0.233146,-0.773191,0.489391,False,False,False,False
s130,41,0.0946,0.1419,-0.167597,-0.773191,0.489391,False,False,False,False
s130,42,0.0946,0,-0.115158,-0.773191,0.489391,False,False,False,False
s130,43,-1.204,1.2986,-0.332926,-0.773191,0.489391,False,False,False,False
s130,44,-0.4258,0.7782,-0.351501,-0.773191,0.489391,False,False,False,False
s130,45,-0.4258,0,-0.366361,-0.773191,0.489391,False,False,False,False
s130,46,0.0946,0.5204,-0.274169,-0.773191,0.489391,False,False,False,False
s130,47,0.0946,0,-0.200415,-0.773191,0.489391,False,False,False,False
s130,48,-1.108,1.2026,-0.381932,-0.773191,0.489391,False,False,False,False
s130,49,-0.4258,0.6822,-0.390705,-0.773191,0.489391,False,False,False,False
s130,50,-0.4258,0,-0.397724,-0.773191,0.489391,False,False,False,False
s130,51,-0.1419,0.2839,-0.34656,-0.773191,0.489391,False,False,False,False
s130,52,-0.1419,0,-0.305628,-0.773191,0.489391,False,False,False,False
s130,53,0.0946,0.2365,-0.225582,-0.773191,0.489391,False,False,False,False
s130,54,0.0946,0,-0.161546,-0.773191,0.489391,False,False,False,False
s130,55,0.0946,0,-0.110317,-0.773191,0.489391,False,False,False,False
s130,56,0.0473,0.0473,-0.0787932,-0.773191,0.489391,False,False,False,False
s130,57,-0.1419,0.1892,-0.0914146,-0.773191,0.489391,False,False,False,False
s130,58,-0.615,0.4731,-0.196132,-0.773191,0.489391,False,False,False,False
s130,59,0.1892,0.8042,-0.119065,-0.773191,0.489391,False,False,False,False
s130,60,0,0.1892,-0.0952523,-0.773191,0.489391,False,False,False,False
s130,61,0.0473,0.0473,-0.0667418,-0.773191,0.489391,False,False,False,False
s130,62,0.0473,0,-0.0439335,-0.773191,0.489391,False,False,False,False
s130,63,0.3311,0.2838,0.0310732,-0.773191,0.489391,False,False,False,False
s130,64,0,0.3311,0.0248586,-0.773191,0.489391,False,False,False,False
s130,65,0,0,0.0198869,-0.773191,0.489391,False,False,False,False
s130,66,0,0,0.0159095,-0.773191,0.489391,False,False,False,True
s130,67,0,0,0.0127276,-0.773191,0.489391,False,False,False,True
s130,68,0,0,0.0101821,-0.773191,0.489391,False,False,False,True
s130,69,0,0,0.00814566,-0.773191,0.489391,False,False,False,True
s130,70,0,0,0.00651653,-0.773191,0.489391,False,False,False,True
s130,71,-0.3311,0.3311,-0.0610068,-0.773191,0.489391,False,False,False,False
s130,72,0.0473,0.3784,-0.0393454,-0.773191,0.489391,False,False,False,False
s130,73,-0.3311,0.3784,-0.0976963,-0.773191,0.489391,False,False,False,False
s130,74,0.8042,1.1353,0.0826829,-0.773191,0.489391,False,False,False,False
s130,75,0.0473,0.7569,0.0756063,-0.773191,0.489391,False,False,False,False
s130,76,0.8042,0.7569,0.221325,-0.773191,0.489391,False,False,False,False
s130,77,0.8042,0,0.3379,-0.773191,0.489391,False,False,False,False
s130,78,0.0473,0.7569,0.27978,-0.773191,0.489391,False,False,False,False
s130,79,-0.3311,0.3784,0.157604,-0.773191,0.489391,False,False,False,False
s130,80,0.8042,1.1353,0.286923,-0.773191,0.489391,False,False,False,False
s130,81,-0.4731,1.2773,0.134919,-0.773191,0.489391,False,False,False,False
s130,82,0,0.4731,0.107935,-0.773191,0.489391,False,False,False,False
s130,83,-0.4731,0.4731,-0.00827211,-0.773191,0.489391,False,False,False,False
s130,84,0.0473,0.5204,0.00284232,-0.773191,0.489391,False,False,False,False
s130,85,-0.4731,0.5204,-0.0923461,-0.773191,0.489391,False,False,False,False
s130,86,-0.4731,0,-0.168497,-0.773191,0.489391,False,False,False,False
s130,87,0,0.4731,-0.134798,-0.773191,0.489391,False,False,False,False
s130,88,0,0,-0.107838,-0.773191,0.489391,False,False,False,False
s130,89,,,-0.107838,-0.773191,0.489391,False,False,False,False
s130,90,0,,-0.0862704,-0.773191,0.489391,False,False,False,False
s130,91,-0.3311,0.3311,-0.135236,-0.773191,0.489391,False,False,False,False
s130,92,0.0473,0.3784,-0.0987291,-0.773191,0.489391,False,False,False,False
s130,93,,,-0.0987291,-0.773191,0.489391,False,False,False,False
s130,94,0.7569,,0.0723967,-0.773191,0.489391,False,False,False,False
s130,95,,,0.0723967,-0.773191,0.489391,False,False,False,False
s130,96,0.0473,,0.0673774,-0.773191,0.489391,False,False,False,False
s130,97,0.0473,0,0.0633619,-0.773191,0.489391,False,False,False,False
s130,98,0.0473,0,0.0601495,-0.773191,0.489391,False,False,False,False
s130,99,0,0.0473,0.0481196,-0.773191,0.489391,False,False,False,False
s130,100,0.0473,0.0473,0.0479557,-0.773191,0.489391,False,False,False,False
s130,101,0.1419,0.0946,0.0667446,-0.773191,0.489391,False,False,False,False
s130,102,0.1419,0,0.0817756,-0.773191,0.489391,False,False,False,False
s130,103,0.0473,0.0946,0.0748805,-0.773191,0.489391,False,False,False,True
s130,104,0.7569,0.7096,0.211284,-0.773191,0.489391,False,False,False,True
s130,105,0,0.7569,0.169028,-0.773191,0.489391,False,False,False,True
s130,106,0.7569,0.7569,0.286602,-0.773191,0.489391,False,False,False,True
s130,107,0.7569,0,0.380662,-0.773191,0.489391,False,False,False,True
s130,108,0.7569,0,0.455909,-0.773191,0.489391,False,False,True,True
s130,109,0.0473,0.7096,0.374187,-0.773191,0.489391,False,False,False,True
s130,110,-0.1419,0.1892,0.27097,-0.773191,0.489391,False,False,False,False
s130,111,0.0473,0.1892,0.226236,-0.773191,0.489391,False,False,False,False
s130,112,0,0.0473,0.180989,-0.773191,0.489391,False,False,False,False
s130,113,-0.1419,0.1419,0.116411,-0.773191,0.489391,False,False,False,False
s130,114,0.0473,0.1892,0.102589,-0.773191,0.489391,False,False,False,False
s130,115,0,0.0473,0.082071,-0.773191,0.489391,False,False,False,False
s130,116,0.0473,0.0473,0.0751168,-0.773191,0.489391,False,False,False,False
s130,117,-0.1419,0.1892,0.0317135,-0.773191,0.489391,False,False,False,False
s130,118,0,0.1419,0.0253708,-0.773191,0.489391,False,False,False,False
s130,119,-0.3311,0.3311,-0.0459234,-0.773191,0.489391,False,False,False,False
s130,120,-0.1419,0.1892,-0.0651187,-0.773191,0.489391,False,False,False,False
s130,121,-0.1419,0,-0.080475,-0.773191,0.489391,False,False,False,False
s130,122,0.6623,0.8042,0.06808,-0.773191,0.489391,False,False,False,False
s130,123,-0.0946,0.7569,0.035544,-0.773191,0.489391,False,False,False,False
s130,124,-0.3784,0.2838,-0.0472448,-0.773191,0.489391,False,False,False,False
s130,125,0.6623,1.0407,0.0946642,-0.773191,0.489391,False,False,False,False
s130,126,0.7569,0.0946,0.227111,-0.773191,0.489391,False,False,False,False
s130,127,0.3311,0.4258,0.247909,-0.773191,0.489391,False,False,False,False
s130,128,-0.0946,0.4257,0.179407,-0.773191,0.489391,False,False,False,False
s130,129,-0.0946,0,0.124606,-0.773191,0.489391,False,False,False,False
s130,130,-0.0946,0,0.0807646,-0.773191,0.489391,False,False,False,False
s130,131,0,0.0946,0.0646117,-0.773191,0.489391,False,False,False,False
s130,132,0.6623,0.6623,0.184149,-0.773191,0.489391,False,False,False,True
s130,133,,,0.184149,-0.773191,0.489391,False,False,False,False
s130,134,-0.0473,,0.137859,-0.773191,0.489391,False,False,False,False
s130,135,0.3311,0.3784,0.176508,-0.773191,0.489391,False,False,False,False
s130,136,0.3311,0,0.207426,-0.773191,0.489391,False,False,False,False
s130,137,-0.3784,0.7095,0.0902609,-0.773191,0.489391,False,False,False,False
s130,138,0.3311,0.7095,0.138429,-0.773191,0.489391,False,False,False,False
s130,139,0.6623,0.3312,0.243203,-0.773191,0.489391,False,False,False,False
s130,140,-0.615,1.2773,0.0715624,-0.773191,0.489391,False,False,False,False
s130,141,-0.615,0,-0.0657501,-0.773191,0.489391,False,False,False,False
s130,142,0.0946,0.7096,-0.0336801,-0.773191,0.489391,False,False,False,False
s130,143,0.0946,0,-0.00802407,-0.773191,0.489391,False,False,False,False
s130,144,-0.0473,0.1419,-0.0158793,-0.773191,0.489391,False,False,False,False
s130,145,0.6623,0.7096,0.119757,-0.773191,0.489391,False,False,False,False
s130,146,0.3311,0.3312,0.162025,-0.773191,0.489391,False,False,False,False
s130,147,0.0946,0.2365,0.14854,-0.773191,0.489391,False,False,False,False
s130,148,0.1892,0.0946,0.156672,-0.773191,0.489391,False,False,False,False
s130,149,0.0946,0.0946,0.144258,-0.773191,0.489391,False,False,False,True
s130,150,0.1892,0.0946,0.153246,-0.773191,0.489391,False,False,False,True
s130,151,-0.0946,0.2838,0.103677,-0.773191,0.489391,False,False,False,True
s130,152,0.6623,0.7569,0.215402,-0.773191,0.489391,False,False,False,True
s130,153,0.0946,0.5677,0.191241,-0.773191,0.489391,False,False,False,True
s130,154,0.6623,0.5677,0.285453,-0.773191,0.489391,False,False,False,True
s130,155,0.0946,0.5677,0.247282,-0.773191,0.489391,False,False,False,True
s130,156,0.6623,0.5677,0.330286,-0.773191,0.489391,False,False,False,True
s130,157,-0.0473,0.7096,0.254769,-0.773191,0.489391,False,False,False,True
s130,158,-0.0946,0.0473,0.184895,-0.773191,0.489391,False,False,False,True
s130,159,0.1419,0.2365,0.176296,-0.773191,0.489391,False,False,False,True
s130,160,0.7569,0.615,0.292417,-0.773191,0.489391,False,False,False,True
s130,161,0.1419,0.615,0.262313,-0.773191,0.489391,False,False,False,True
s130,162,0.7569,0.615,0.361231,-0.773191,0.489391,False,False,False,True
s130,163,-0.3784,1.1353,0.213305,-0.773191,0.489391,False,False,False,False
s130,164,0.7569,1.1353,0.322024,-0.773191,0.489391,False,False,False,False
s130,165,0.7569,0,0.408999,-0.773191,0.489391,False,False,False,False
s130,166,0.2365,0.5204,0.374499,-0.773191,0.489391,False,False,False,False
s130,167,0.1419,0.0946,0.327979,-0.773191,0.489391,False,False,False,False
s130,168,0.2365,0.0946,0.309683,-0.773191,0.489391,False,False,False,False
s130,169,0,0.2365,0.247747,-0.773191,0.489391,False,False,False,False
s130,170,0,0,0.198197,-0.773191,0.489391,False,False,False,False
s130,171,0,0,0.158558,-0.773191,0.489391,False,False,False,True
s130,172,0.1419,0.1419,0.155226,-0.773191,0.489391,False,False,False,True
s130,173,0,0.1419,0.124181,-0.773191,0.489391,False,False,False,True
s130,174,-0.0946,0.0946,0.0804249,-0.773191,0.489391,False,False,False,True
s130,175,-0.0946,0,0.0454199,-0.773191,0.489391,False,False,False,True
s130,176,0,0.0946,0.0363359,-0.773191,0.489391,False,False,False,True
s130,177,0.1419,0.1419,0.0574487,-0.773191,0.489391,False,False,False,True
s130,178,-0.0946,0.2365,0.027039,-0.773191,0.489391,False,False,False,True
s130,179,0,0.0946,0.0216312,-0.773191,0.489391,False,False,False,True
s130,180,0.7569,0.7569,0.168685,-0.773191,0.489391,False,False,False,True
s130,181,0.1419,0.615,0.163328,-0.773191,0.489391,False,False,False,True
s130,182,0,0.1419,0.130662,-0.773191,0.489391,False,False,False,True
s130,183,0.0946,0.0946,0.12345,-0.773191,0.489391,False,False,False,True
s130,184,-0.0946,0.1892,0.0798399,-0.773191,0.489391,False,False,False,True
s130,185,0.1419,0.2365,0.0922519,-0.773191,0.489391,False,False,False,True
s130,186,0.2365,0.0946,0.121102,-0.773191,0.489391,False,False,False,True
s130,187,0.7569,0.5204,0.248261,-0.773191,0.489391,False,False,False,True
s130,188,0.1419,0.615,0.226989,-0.773191,0.489391,False,False,False,True
s130,189,0.1419,0,0.209971,-0.773191,0.489391,False,False,False,True
s130,190,-0.1892,0.3311,0.130137,-0.773191,0.489391,False,False,False,False
s130,191,-0.1892,0,0.0662696,-0.773191,0.489391,False,False,False,False
s130,192,-0.1892,0,0.0151756,-0.773191,0.489391,False,False,False,False
s130,193,-0.1419,0.0473,-0.0162395,-0.773191,0.489391,False,False,False,False
s130,194,-0.1892,0.0473,-0.0508316,-0.773191,0.489391,False,False,False,False
s130,195,-0.1419,0.0473,-0.0690453,-0.773191,0.489391,False,False,False,False
s130,196,0.0482,0.1901,-0.0455962,-0.773191,0.489391,False,False,False,False
s130,197,0.0482,0,-0.026837,-0.773191,0.489391,False,False,False,False
s130,198,0.0482,0,-0.0118296,-0.773191,0.489391,False,False,False,False
s130,199,0.0482,0,0.000176339,-0.773191,0.489391,False,False,False,False
s130,200,-0.0946,0.1428,-0.0187789,-0.773191,0.489391,False,False,False,False
s130,201,0.1892,0.2838,0.0228169,-0.773191,0.489391,False,False,False,False
s130,202,0.7096,0.5204,0.160173,-0.773191,0.489391,False,False,False,False
s130,203,0.1892,0.5204,0.165979,-0.773191,0.489391,False,False,False,True
s130,204,-0.1892,0.3784,0.094943,-0.773191,0.489391,False,False,False,False
s130,205,-0.1892,0,0.0381144,-0.773191,0.489391,False,False,False,False
s130,206,-0.1892,0,-0.00734846,-0.773191,0.489391,False,False,False,False
s130,207,0,0.1892,-0.00587877,-0.773191,0.489391,False,False,False,False
s130,208,0.0946,0.0946,0.014217,-0.773191,0.489391,False,False,False,False
s130,209,0,0.0946,0.0113736,-0.773191,0.489391,False,False,False,False
s130,210,0.3784,0.3784,0.0847789,-0.773191,0.489391,False,False,False,False
s130,211,0.0946,0.2838,0.0867431,-0.773191,0.489391,False,False,False,False
s130,212,0,0.0946,0.0693945,-0.773191,0.489391,False,False,False,False
s130,213,0.5677,0.5677,0.169056,-0.773191,0.489391,False,False,False,False
s130,214,0.5677,0,0.248784,-0.773191,0.489391,False,False,False,True
s130,215,0.5677,0,0.312568,-0.773191,0.489391,False,False,False,True
s130,216,0.5677,0,0.363594,-0.773191,0.489391,False,False,True,True
s130,217,0.5677,0,0.404415,-0.773191,0.489391,False,False,True,True
s130,218,0,0.5677,0.323532,-0.773191,0.489391,False,False,False,True
s130,219,1.608,1.608,0.580426,-0.773191,0.489391,False,False,True,True
s130,220,1.608,0,0.785941,-0.773191,0.489391,False,True,True,True
s130,221,1.608,0,0.950352,-0.773191,0.489391,False,True,True,True
s130,222,0.5677,1.0403,0.873822,-0.773191,0.489391,False,False,True,True
s130,223,0.7569,0.1892,0.850438,-0.773191,0.489391,False,False,True,True
s130,224,0.7569,0,0.83173,-0.773191,0.489391,False,False,True,True
s130,225,0.7569,0,0.816764,-0.773191,0.489391,False,False,True,True
s130,226,0.7569,0,0.804791,-0.773191,0.489391,False,False,True,True
s130,227,0.7569,0,0.795213,-0.773191,0.489391,False,False,True,True
s130,228,0,0.7569,0.63617,-0.773191,0.489391,False,False,False,True
s130,229,0,0,0.508936,-0.773191,0.489391,False,False,False,True
s130,230,0.7569,0.7569,0.558529,-0.773191,0.489391,False,False,False,True
s130,231,0.7569,0,0.598203,-0.773191,0.489391,False,False,False,True
s130,232,0,0.7569,0.478563,-0.773191,0.489391,False,False,False,True
s130,233,0,0,0.38285,-0.773191,0.489391,False,False,False,True
s130,234,-0.2838,0.2838,0.24952,-0.773191,0.489391,False,False,False,False
s130,235,-0.2838,0,0.142856,-0.773191,0.489391,False,False,False,False
s130,236,1.608,1.8918,0.435885,-0.773191,0.489391,False,False,False,False
s130,237,0,1.608,0.348708,-0.773191,0.489391,False,False,False,False
s130,238,0,0,0.278966,-0.773191,0.489391,False,False,False,False
s130,239,-0.5677,0.5677,0.109633,-0.773191,0.489391,False,False,False,False
s130,240,0,0.5677,0.0877064,-0.773191,0.489391,False,False,False,False
s130,241,0.7569,0.7569,0.221545,-0.773191,0.489391,False,False,False,False
s130,242,0,0.7569,0.177236,-0.773191,0.489391,False,False,False,False
s130,243,0,0,0.141789,-0.773191,0.489391,False,False,False,False
s130,244,0,0,0.113431,-0.773191,0.489391,False,False,False,False
s130,245,-0.2838,0.2838,0.0339849,-0.773191,0.489391,False,False,False,False
s130,246,-0.4258,0.142,-0.0579721,-0.773191,0.489391,False,False,False,False
s130,247,-0.5677,0.1419,-0.159918,-0.773191,0.489391,False,False,False,False
s130,248,-0.5677,0,-0.241474,-0.773191,0.489391,False,False,False,False
s130,249,-0.4258,0.1419,-0.278339,-0.773191,0.489391,False,False,False,False
s130,250,-0.5677,0.1419,-0.336211,-0.773191,0.489391,False,False,False,False
s130,251,-0.5677,0,-0.382509,-0.773191,0.489391,False,False,False,False
s130,252,-0.5677,0,-0.419547,-0.773191,0.489391,False,False,False,True
s130,253,-0.5677,0,-0.449178,-0.773191,0.489391,False,False,False,True
s130,254,-0.2838,0.2839,-0.416102,-0.773191,0.489391,False,False,False,True
s130,255,-0.5677,0.2839,-0.446422,-0.773191,0.489391,False,False,False,True
s130,256,-0.5677,0,-0.470677,-0.773191,0.489391,False,False,False,True
s130,257,-0.3784,0.1893,-0.452222,-0.773191,0.489391,False,False,False,True
s130,258,-0.4258,0.0474,-0.446938,-0.773191,0.489391,False,False,False,True
s130,259,-0.3784,0.0474,-0.43323,-0.773191,0.489391,False,False,False,True
s130,260,-0.4258,0.0474,-0.431744,-0.773191,0.489391,False,False,False,True
s130,261,-0.5677,0.1419,-0.458935,-0.773191,0.489391,False,False,False,True
s130,262,-0.4258,0.1419,-0.452308,-0.773191,0.489391,False,False,False,True
s130,263,-0.5677,0.1419,-0.475387,-0.773191,0.489391,False,False,False,True
s130,264,-0.4258,0.1419,-0.465469,-0.773191,0.489391,False,False,False,True
s130,265,-0.3784,0.0474,-0.448055,-0.773191,0.489391,False,False,False,True
s130,266,-0.3784,0,-0.434124,-0.773191,0.489391,False,False,False,True
s130,267,-0.9934,0.615,-0.545979,-0.773191,0.489391,False,False,False,True
s130,268,-0.3784,0.615,-0.512464,-0.773191,0.489391,False,False,False,True
s130,269,-0.5677,0.1893,-0.523511,-0.773191,0.489391,False,False,False,True
s130,270,-0.9934,0.4257,-0.617489,-0.773191,0.489391,False,False,False,True
s130,271,-0.3784,0.615,-0.569671,-0.773191,0.489391,False,False,False,True
s130,272,-0.9934,0.615,-0.654417,-0.773191,0.489391,False,False,False,True
s130,273,-0.9934,0,-0.722213,-0.773191,0.489391,False,False,False,True
s130,274,-0.9934,0,-0.776451,-0.773191,0.489391,False,False,True,True
s130,275,-0.3784,0.615,-0.696841,-0.773191,0.489391,False,False,False,True
s130,276,-0.3784,0,-0.633152,-0.773191,0.489391,False,False,False,True
s130,277,-0.9934,0.615,-0.705202,-0.773191,0.489391,False,False,False,True
s130,278,-0.0473,0.9461,-0.573622,-0.773191,0.489391,False,False,False,False
s130,279,0.4258,0.4731,-0.373737,-0.773191,0.489391,False,False,False,False
s130,280,-0.0473,0.4731,-0.30845,-0.773191,0.489391,False,False,False,False
s130,281,-0.0473,0,-0.25622,-0.773191,0.489391,False,False,False,False
s130,282,0.4258,0.4731,-0.119816,-0.773191,0.489391,False,False,False,False
s130,283,-0.0946,0.5204,-0.114773,-0.773191,0.489391,False,False,False,False
s130,284,0,0.0946,-0.0918182,-0.773191,0.489391,False,False,False,False
s130,285,0,0,-0.0734545,-0.773191,0.489391,False,False,False,True
s130,286,-0.0946,0.0946,-0.0776836,-0.773191,0.489391,False,False,False,True
s130,287,0,0.0946,-0.0621469,-0.773191,0.489391,False,False,False,True
s130,288,-0.0946,0.0946,-0.0686375,-0.773191,0.489391,False,False,False,True
s130,289,0.5204,0.615,0.04917,-0.773191,0.489391,False,False,False,True
s130,290,-0.0946,0.615,0.020416,-0.773191,0.489391,False,False,False,True
s130,291,0.4258,0.5204,0.101493,-0.773191,0.489391,False,False,False,True
s130,292,-0.0946,0.5204,0.0622742,-0.773191,0.489391,False,False,False,True
s130,293,-0.5204,0.4258,-0.0542606,-0.773191,0.489391,False,False,False,False
s130,294,0.4258,0.9462,0.0417515,-0.773191,0.489391,False,False,False,False
s130,295,-0.5204,0.9462,-0.0706788,-0.773191,0.489391,False,False,False,False
s130,296,0,0.5204,-0.056543,-0.773191,0.489391,False,False,False,False
s130,297,-0.5677,0.5677,-0.158774,-0.773191,0.489391,False,False,False,False
s130,298,-0.5204,0.0473,-0.2311,-0.773191,0.489391,False,False,False,False
s130,299,,,-0.2311,-0.773191,0.489391,False,False,False,False
s130,300,1.608,,0.13672,-0.773191,0.489391,False,False,False,False
s130,301,1.419,0.189,0.393176,-0.773191,0.489391,False,True,False,False
s130,302,1.419,0,0.598341,-0.773191,0.489391,False,True,False,False
s130,303,1.419,0,0.762473,-0.773191,0.489391,False,True,True,False
s130,304,1.419,0,0.893778,-0.773191,0.489391,False,True,True,False
s130,305,1.419,0,0.998823,-0.773191,0.489391,False,True,True,False
s130,306,1.419,0,1.08286,-0.773191,0.489391,False,True,True,False
s130,307,1.419,0,1.15009,-0.773191,0.489391,False,True,True,True
s130,308,1.419,0,1.20387,-0.773191,0.489391,False,True,True,True
s130,309,0.5204,0.8986,1.06718,-0.773191,0.489391,False,False,True,True
s130,310,-0.5204,1.0408,0.74966,-0.773191,0.489391,False,False,False,False
s130,311,0.2838,0.8042,0.656488,-0.773191,0.489391,False,False,False,False
s130,312,0.8042,0.5204,0.686031,-0.773191,0.489391,False,False,False,False
s130,313,0.8042,0,0.709664,-0.773191,0.489391,False,False,False,False
s130,314,0.8042,0,0.728572,-0.773191,0.489391,False,False,False,False
s130,315,0.8042,0,0.743697,-0.773191,0.489391,False,False,True,False
s130,316,,,0.743697,-0.773191,0.489391,False,False,False,False
s130,317,0,,0.594958,-0.773191,0.489391,False,False,False,False
s130,318,-0.4258,0.4258,0.390806,-0.773191,0.489391,False,False,False,False
s130,319,-0.5204,0.0946,0.208565,-0.773191,0.489391,False,False,False,False
s130,320,0.5204,1.0408,0.270932,-0.773191,0.489391,False,False,False,False
s130,321,0.5204,0,0.320826,-0.773191,0.489391,False,False,False,False
s130,322,-0.4258,0.9462,0.1715,-0.773191,0.489391,False,False,False,False
s130,323,0.5204,0.9462,0.24128,-0.773191,0.489391,False,False,False,False
s130,324,0.5204,0,0.297104,-0.773191,0.489391,False,False,True,False
s130,325,0.4258,0.0946,0.322843,-0.773191,0.489391,False,False,False,False
s130,326,-0.2838,0.7096,0.201515,-0.773191,0.489391,False,False,False,False
s130,327,0.5204,0.8042,0.265292,-0.773191,0.489391,False,False,False,False
s130,328,0.8042,0.2838,0.373073,-0.773191,0.489391,False,False,False,False
s130,329,0.2838,0.5204,0.355219,-0.773191,0.489391,False,False,False,False
s130,330,0,0.2838,0.284175,-0.773191,0.489391,False,False,False,False
s130,331,-0.0473,0.0473,0.21788,-0.773191,0.489391,False,False,False,False
s130,332,-0.4258,0.3785,0.089144,-0.773191,0.489391,False,False,False,False
s130,333,0.0473,0.4731,0.0807752,-0.773191,0.489391,False,False,False,False
s130,334,0,0.0473,0.0646202,-0.773191,0.489391,False,False,False,False
s130,335,-0.0473,0.0473,0.0422361,-0.773191,0.489391,False,False,False,False
s130,336,-0.0946,0.0473,0.0148689,-0.773191,0.489391,False,False,False,False
s130,337,0.2838,0.3784,0.0686551,-0.773191,0.489391,False,False,False,False
s130,338,0.2838,0,0.111684,-0.773191,0.489391,False,False,False,False
s130,339,0.2838,0,0.146107,-0.773191,0.489391,False,False,False,False
s130,340,0.8042,0.5204,0.277726,-0.773191,0.489391,False,False,False,True
s130,341,0.0473,0.7569,0.231641,-0.773191,0.489391,False,False,False,True
s130,342,0.6623,0.615,0.317773,-0.773191,0.489391,False,False,False,True
s130,343,0.2838,0.3785,0.310978,-0.773191,0.489391,False,False,False,True
s130,344,0,0.2838,0.248782,-0.773191,0.489391,False,False,False,True
s130,345,0,0,0.199026,-0.773191,0.489391,False,False,False,True
s130,346,-0.2365,0.2365,0.111921,-0.773191,0.489391,False,False,False,False
s130,347,0,0.2365,0.0895366,-0.773191,0.489391,False,False,False,False
s130,348,0.2838,0.2838,0.128389,-0.773191,0.489391,False,False,False,False
s130,349,0,0.2838,0.102711,-0.773191,0.489391,False,False,False,False
s130,350,0.2838,0.2838,0.138929,-0.773191,0.489391,False,False,False,False
s130,351,0.2365,0.0473,0.158443,-0.773191,0.489391,False,False,False,False
s130,352,0.8042,0.5677,0.287595,-0.773191,0.489391,False,False,False,False
s130,353,0.4258,0.3784,0.315236,-0.773191,0.489391,False,False,False,False
s130,354,0.2365,0.1893,0.299489,-0.773191,0.489391,False,False,False,True
s130,355,-0.2365,0.473,0.192291,-0.773191,0.489391,False,False,False,False
s130,356,0.6623,0.8988,0.286293,-0.773191,0.489391,False,False,False,False
s130,357,0.6623,0,0.361494,-0.773191,0.489391,False,False,False,False
s130,358,0.2838,0.3785,0.345955,-0.773191,0.489391,False,False,False,False
s130,359,0,0.2838,0.276764,-0.773191,0.489391,False,False,False,False
s130,360,0.8042,0.8042,0.382251,-0.773191,0.489391,False,False,False,False
s130,361,0,0.8042,0.305801,-0.773191,0.489391,False,False,False,False
s130,362,0.0473,0.0473,0.254101,-0.773191,0.489391,False,False,False,False
s130,363,0.2365,0.1892,0.250581,-0.773191,0.489391,False,False,False,True
s130,364,0.7569,0.5204,0.351845,-0.773191,0.489391,False,False,False,True
s130,365,-0.2838,1.0407,0.224716,-0.773191,0.489391,False,False,False,False
s130,366,0.4258,0.7096,0.264933,-0.773191,0.489391,False,False,False,False
s130,367,0.7569,0.3311,0.363326,-0.773191,0.489391,False,False,False,False
s130,368,0.2365,0.5204,0.337961,-0.773191,0.489391,False,False,False,False
s130,369,-0.2365,0.473,0.223069,-0.773191,0.489391,False,False,False,False
s130,370,0.4258,0.6623,0.263615,-0.773191,0.489391,False,False,False,False
s130,371,0.0473,0.3785,0.220352,-0.773191,0.489391,False,False,False,False
s130,372,0.2365,0.1892,0.223582,-0.773191,0.489391,False,False,False,False
s130,373,0.2838,0.0473,0.235625,-0.773191,0.489391,False,False,False,False
s130,374,-0.2365,0.5203,0.1412,-0.773191,0.489391,False,False,False,False
s130,375,0.2838,0.5203,0.16972,-0.773191,0.489391,False,False,False,False
s130,376,0.7569,0.4731,0.287156,-0.773191,0.489391,False,False,False,False
s130,377,0,0.7569,0.229725,-0.773191,0.489391,False,False,False,False
s130,378,0,0,0.18378,-0.773191,0.489391,False,False,False,False
s130,379,0.7569,0.7569,0.298404,-0.773191,0.489391,False,False,False,False
s130,380,0.7569,0,0.390103,-0.773191,0.489391,False,False,False,False
s130,381,-0.2838,1.0407,0.255323,-0.773191,0.489391,False,False,False,False
s130,382,-0.0473,0.2365,0.194798,-0.773191,0.489391,False,False,False,False
s130,383,0.2365,0.2838,0.203138,-0.773191,0.489391,False,False,False,False
s130,384,0.7569,0.5204,0.313891,-0.773191,0.489391,False,False,False,False
s130,385,-0.0473,0.8042,0.241653,-0.773191,0.489391,False,False,False,False
s130,386,0.7569,0.8042,0.344702,-0.773191,0.489391,False,False,False,False
s130,387,-0.2838,1.0407,0.219002,-0.773191,0.489391,False,False,False,False
s130,388,-0.2838,0,0.118441,-0.773191,0.489391,False,False,False,False
s130,389,0.4258,0.7096,0.179913,-0.773191,0.489391,False,False,False,False
s130,390,-0.2838,0.7096,0.0871704,-0.773191,0.489391,False,False,False,False
s130,391,-0.2838,0,0.0129764,-0.773191,0.489391,False,False,False,False
s130,392,0.4258,0.7096,0.0955411,-0.773191,0.489391,False,False,False,False
s130,393,-0.2838,0.7096,0.0196729,-0.773191,0.489391,False,False,False,False
s130,394,-0.2365,0.0473,-0.0315617,-0.773191,0.489391,False,False,False,False
s130,395,0.2365,0.473,0.0220506,-0.773191,0.489391,False,False,False,False
s130,396,-0.2365,0.473,-0.0296595,-0.773191,0.489391,False,False,False,False
s130,397,-0.2838,0.0473,-0.0804876,-0.773191,0.489391,False,False,False,False
s130,398,-0.2838,0,-0.12115,-0.773191,0.489391,False,False,False,False
s130,399,-0.0473,0.2365,-0.10638,-0.773191,0.489391,False,False,False,False
s130,400,-0.2838,0.2365,-0.141864,-0.773191,0.489391,False,False,False,False
s130,401,-0.0473,0.2365,-0.122951,-0.773191,0.489391,False,False,False,False
s130,402,0.2365,0.2838,-0.051061,-0.773191,0.489391,False,False,False,False
s130,403,-0.0473,0.2838,-0.0503088,-0.773191,0.489391,False,False,False,False
s130,404,-0.2838,0.2365,-0.097007,-0.773191,0.489391,False,False,False,False
s130,405,-0.2838,0,-0.134366,-0.773191,0.489391,False,False,False,False
s130,406,-0.0473,0.2365,-0.116953,-0.773191,0.489391,False,False,False,False
s130,407,-0.2365,0.1892,-0.140862,-0.773191,0.489391,False,False,False,False
s130,408,0.2365,0.473,-0.0653896,-0.773191,0.489391,False,False,False,False
s130,409,-0.2838,0.5203,-0.109072,-0.773191,0.489391,False,False,False,False
s130,410,-0.2838,0,-0.144017,-0.773191,0.489391,False,False,False,False
s130,411,-0.2365,0.0473,-0.162514,-0.773191,0.489391,False,False,False,False
s130,412,0.2365,0.473,-0.0827111,-0.773191,0.489391,False,False,False,False
s130,413,-0.2838,0.5203,-0.122929,-0.773191,0.489391,False,False,False,False
s130,414,-0.2365,0.0473,-0.145643,-0.773191,0.489391,False,False,False,False
s130,415,-0.2365,0,-0.163814,-0.773191,0.489391,False,False,False,False
s130,416,-0.0473,0.1892,-0.140512,-0.773191,0.489391,False,False,False,False
s130,417,-0.2365,0.1892,-0.159709,-0.773191,0.489391,False,False,False,False
s130,418,-0.2365,0,-0.175067,-0.773191,0.489391,False,False,False,False
s130,419,0.7096,0.9461,0.00186607,-0.773191,0.489391,False,False,False,False
s130,420,-0.2365,0.9461,-0.0458071,-0.773191,0.489391,False,False,False,False
s130,421,-0.0473,0.1892,-0.0461057,-0.773191,0.489391,False,False,False,False
s130,422,0.7096,0.7569,0.105035,-0.773191,0.489391,False,False,False,False
s130,423,0.7096,0,0.225948,-0.773191,0.489391,False,False,False,False
s130,424,-0.2365,0.9461,0.133459,-0.773191,0.489391,False,False,False,False
s130,425,-0.9461,0.7096,-0.0824531,-0.773191,0.489391,False,False,False,False
s130,426,-0.9461,0,-0.255182,-0.773191,0.489391,False,False,False,False
s130,427,-0.9461,0,-0.393366,-0.773191,0.489391,False,False,False,False
s130,428,-0.9461,0,-0.503913,-0.773191,0.489391,False,False,True,False
s130,429,-0.8042,0.1419,-0.56397,-0.773191,0.489391,False,False,True,False
s130,430,-0.9461,0.1419,-0.640396,-0.773191,0.489391,False,False,True,False
s130,431,-0.9461,0,-0.701537,-0.773191,0.489391,False,False,True,True
s130,432,-0.8042,0.1419,-0.72207,-0.773191,0.489391,False,False,True,True
s130,433,-0.8042,0,-0.738496,-0.773191,0.489391,False,False,True,True
s130,434,-0.8042,0,-0.751637,-0.773191,0.489391,False,False,True,True
s130,435,-0.8042,0,-0.762149,-0.773191,0.489391,False,False,True,True
s130,436,-0.8042,0,-0.770559,-0.773191,0.489391,False,False,True,True
s130,437,1.088,1.8922,-0.398847,-0.773191,0.489391,False,False,False,False
s130,438,1.088,0,-0.101478,-0.773191,0.489391,False,False,False,False
s130,439,1.088,0,0.136418,-0.773191,0.489391,False,False,False,False
s130,440,1.088,0,0.326734,-0.773191,0.489391,False,False,True,False
s130,441,1.088,0,0.478987,-0.773191,0.489391,False,False,True,False
s130,442,0,1.088,0.38319,-0.773191,0.489391,False,False,False,False
s130,443,0,0,0.306552,-0.773191,0.489391,False,False,False,False
s130,444,0,0,0.245241,-0.773191,0.489391,False,False,False,True
s130,445,0,0,0.196193,-0.773191,0.489391,False,False,False,True
s130,446,1.088,1.088,0.374555,-0.773191,0.489391,False,False,False,True
s130,447,0,1.088,0.299644,-0.773191,0.489391,False,False,False,True
s130,448,0,0,0.239715,-0.773191,0.489391,False,False,False,True
s130,449,0,0,0.191772,-0.773191,0.489391,False,False,False,True
s130,450,-0.9461,0.9461,-0.0358025,-0.773191,0.489391,False,False,False,False
s130,451,-0.5204,0.4257,-0.132722,-0.773191,0.489391,False,False,False,False
s130,452,-0.5204,0,-0.210258,-0.773191,0.489391,False,False,False,False
s130,453,-0.5204,0,-0.272286,-0.773191,0.489391,False,False,False,False
s130,454,-0.5204,0,-0.321909,-0.773191,0.489391,False,False,False,False
s130,455,0.8042,1.3246,-0.0966871,-0.773191,0.489391,False,False,False,False
s130,456,-0.6623,1.4665,-0.20981,-0.773191,0.489391,False,False,False,False
s130,457,-0.6623,0,-0.300308,-0.773191,0.489391,False,False,False,False
s130,458,-0.1419,0.5204,-0.268626,-0.773191,0.489391,False,False,False,False
s130,459,-0.1419,0,-0.243281,-0.773191,0.489391,False,False,False,False
s130,460,-0.1419,0,-0.223005,-0.773191,0.489391,False,False,False,False
s130,461,-0.1419,0,-0.206784,-0.773191,0.489391,False,False,False,False
s130,462,-0.1419,0,-0.193807,-0.773191,0.489391,False,False,False,False
s130,463,-0.0473,0.0946,-0.164506,-0.773191,0.489391,False,False,False,False
s130,464,-0.6623,0.615,-0.264065,-0.773191,0.489391,False,False,False,False
s130,465,-0.0473,0.615,-0.220712,-0.773191,0.489391,False,False,False,False
s130,466,-0.6623,0.615,-0.309029,-0.773191,0.489391,False,False,False,False
s130,467,-0.0473,0.615,-0.256683,-0.773191,0.489391,False,False,False,False
s130,468,0.7569,0.8042,-0.0539667,-0.773191,0.489391,False,False,False,False
s130,469,-0.0473,0.8042,-0.0526334,-0.773191,0.489391,False,False,False,False
s130,470,-0.0473,0,-0.0515667,-0.773191,0.489391,False,False,False,False
s130,471,-0.1419,0.0946,-0.0696334,-0.773191,0.489391,False,False,False,False
s130,472,-0.2838,0.1419,-0.112467,-0.773191,0.489391,False,False,False,False
s130,473,-0.1419,0.1419,-0.118353,-0.773191,0.489391,False,False,False,False
s130,474,-0.4731,0.3312,-0.189303,-0.773191,0.489391,False,False,False,False
s130,475,-0.0473,0.4258,-0.160902,-0.773191,0.489391,False,False,False,False
s130,476,-0.1419,0.0946,-0.157102,-0.773191,0.489391,False,False,False,False
s130,477,-0.1419,0,-0.154061,-0.773191,0.489391,False,False,False,False
s130,478,-0.4731,0.3312,-0.217869,-0.773191,0.489391,False,False,False,False
s130,479,-0.2838,0.1893,-0.231055,-0.773191,0.489391,False,False,False,False
s130,480,-0.7096,0.4258,-0.326764,-0.773191,0.489391,False,False,False,False
s130,481,0.7569,1.4665,-0.110031,-0.773191,0.489391,False,False,False,False
s130,482,-0.2838,1.0407,-0.144785,-0.773191,0.489391,False,False,False,False
s130,483,0.7569,1.0407,0.0355519,-0.773191,0.489391,False,False,False,False
s130,484,-0.6623,1.4192,-0.104018,-0.773191,0.489391,False,False,False,False
s130,485,-0.4731,0.1892,-0.177835,-0.773191,0.489391,False,False,False,False
s130,486,-0.7096,0.2365,-0.284188,-0.773191,0.489391,False,False,False,False
s130,487,0.7569,1.4665,-0.0759703,-0.773191,0.489391,False,False,False,False
s130,488,-0.1419,0.8988,-0.0891562,-0.773191,0.489391,False,False,False,False
s130,489,-0.7096,0.5677,-0.213245,-0.773191,0.489391,False,False,False,False
s130,490,-0.7096,0,-0.312516,-0.773191,0.489391,False,False,False,False
s130,491,-0.2838,0.4258,-0.306773,-0.773191,0.489391,False,False,False,False
s130,492,-0.9461,0.6623,-0.434638,-0.773191,0.489391,False,False,False,False
s130,493,-0.7096,0.2365,-0.489631,-0.773191,0.489391,False,False,False,False
s130,494,-0.7096,0,-0.533624,-0.773191,0.489391,False,False,False,False
s130,495,0.7569,1.4665,-0.27552,-0.773191,0.489391,False,False,False,False
s130,496,-0.7096,1.4665,-0.362336,-0.773191,0.489391,False,False,False,False
s130,497,-0.0473,0.6623,-0.299329,-0.773191,0.489391,False,False,False,False
s130,498,0.7569,0.8042,-0.0880828,-0.773191,0.489391,False,False,False,False
s130,499,-0.6623,1.4192,-0.202926,-0.773191,0.489391,False,False,False,False
s130,500,-0.6623,0,-0.294801,-0.773191,0.489391,False,False,False,False
s130,501,-0.4731,0.1892,-0.330461,-0.773191,0.489391,False,False,False,False
s130,502,-0.6623,0.1892,-0.396829,-0.773191,0.489391,False,False,False,False
s130,503,-0.5677,0.0946,-0.431003,-0.773191,0.489391,False,False,False,False
s130,504,-0.6623,0.0946,-0.477262,-0.773191,0.489391,False,False,False,False
s130,505,0.7569,1.4192,-0.23043,-0.773191,0.489391,False,False,False,False
s130,506,-0.6623,1.4192,-0.316804,-0.773191,0.489391,False,False,False,False
s130,507,-0.6623,0,-0.385903,-0.773191,0.489391,False,False,False,False
s130,508,-0.5677,0.0946,-0.422262,-0.773191,0.489391,False,False,False,False
s130,509,-0.5677,0,-0.45135,-0.773191,0.489391,False,False,False,False
s130,510,-0.0473,0.5204,-0.37054,-0.773191,0.489391,False,False,False,False
s130,511,-0.1419,0.0946,-0.324812,-0.773191,0.489391,False,False,False,False
s130,512,-0.6623,0.5204,-0.39231,-0.773191,0.489391,False,False,False,False
s130,513,-0.5677,0.0946,-0.427388,-0.773191,0.489391,False,False,False,False
s130,514,-0.1419,0.4258,-0.37029,-0.773191,0.489391,False,False,False,False
s130,515,-0.5677,0.4258,-0.409772,-0.773191,0.489391,False,False,False,False
s130,516,0,0.5677,-0.327818,-0.773191,0.489391,False,False,False,False
s130,517,-0.1419,0.1419,-0.290634,-0.773191,0.489391,False,False,False,False
s130,518,-0.5677,0.4258,-0.346047,-0.773191,0.489391,False,False,False,False
s130,519,0,0.5677,-0.276838,-0.773191,0.489391,False,False,False,False
s130,520,0,0,-0.22147,-0.773191,0.489391,False,False,False,False
s130,521,-0.5677,0.5677,-0.290716,-0.773191,0.489391,False,False,False,False
s130,522,-0.6623,0.0946,-0.365033,-0.773191,0.489391,False,False,False,False
s130,523,0,0.6623,-0.292026,-0.773191,0.489391,False,False,False,False
s130,524,-0.1419,0.1419,-0.262001,-0.773191,0.489391,False,False,False,False
s130,525,-0.5677,0.4258,-0.323141,-0.773191,0.489391,False,False,False,False
s130,526,0,0.5677,-0.258513,-0.773191,0.489391,False,False,False,False
s130,527,-0.1419,0.1419,-0.23519,-0.773191,0.489391,False,False,False,False
s130,528,0,0.1419,-0.188152,-0.773191,0.489391,False,False,False,False
s130,529,-0.1419,0.1419,-0.178902,-0.773191,0.489391,False,False,False,False
s130,530,-0.6623,0.5204,-0.275581,-0.773191,0.489391,False,False,False,False
s130,531,-0.1419,0.5204,-0.248845,-0.773191,0.489391,False,False,False,False
s130,532,-0.1419,0,-0.227456,-0.773191,0.489391,False,False,False,False
s130,533,-0.5204,0.3785,-0.286045,-0.773191,0.489391,False,False,False,False
s130,534,0,0.5204,-0.228836,-0.773191,0.489391,False,False,False,False
s130,535,-0.5204,0.5204,-0.287149,-0.773191,0.489391,False,False,False,False
s130,536,-0.6623,0.1419,-0.362179,-0.773191,0.489391,False,False,False,False
s130,537,-0.5204,0.1419,-0.393823,-0.773191,0.489391,False,False,False,False
s130,538,0.0473,0.5677,-0.305599,-0.773191,0.489391,False,False,False,False
s130,539,0,0.0473,-0.244479,-0.773191,0.489391,False,False,False,False
s130,540,-0.1419,0.1419,-0.223963,-0.773191,0.489391,False,False,False,False
s130,541,-0.1419,0,-0.20755,-0.773191,0.489391,False,False,False,False
s130,542,-0.5204,0.3785,-0.27012,-0.773191,0.489391,False,False,False,False
s130,543,0,0.5204,-0.216096,-0.773191,0.489391,False,False,False,False
s130,544,-1.655,1.655,-0.503877,-0.773191,0.489391,False,False,False,False
s130,545,-0.0946,1.5604,-0.422022,-0.773191,0.489391,False,False,False,False
s130,546,-1.655,1.5604,-0.668617,-0.773191,0.489391,False,True,False,False
s130,547,-0.0946,1.5604,-0.553814,-0.773191,0.489391,False,False,False,False
s130,548,-0.0946,0,-0.461971,-0.773191,0.489391,False,False,False,False
s130,549,-0.0946,0,-0.388497,-0.773191,0.489391,False,False,False,False
s130,550,0,0.0946,-0.310797,-0.773191,0.489391,False,False,False,False
s130,551,-1.655,1.655,-0.579638,-0.773191,0.489391,False,False,False,False
s130,552,-0.0946,1.5604,-0.48263,-0.773191,0.489391,False,False,False,False
s130,553,-0.0946,0,-0.405024,-0.773191,0.489391,False,False,False,False
s130,554,-1.655,1.5604,-0.655019,-0.773191,0.489391,False,False,False,False
s130,555,0.2365,1.8915,-0.476716,-0.773191,0.489391,False,False,False,False
s130,556,-0.0946,0.3311,-0.400292,-0.773191,0.489391,False,False,False,False
s130,557,0.2365,0.3311,-0.272934,-0.773191,0.489391,False,False,False,False
s130,558,-0.5204,0.7569,-0.322427,-0.773191,0.489391,False,False,False,False
s130,559,-0.0946,0.4258,-0.276862,-0.773191,0.489391,False,False,False,False
s130,560,-0.5204,0.4258,-0.325569,-0.773191,0.489391,False,False,False,False
s130,561,0.3311,0.8515,-0.194236,-0.773191,0.489391,False,False,False,False
s130,562,0.3311,0,-0.0891684,-0.773191,0.489391,False,False,False,False
s130,563,0.2365,0.0946,-0.0240347,-0.773191,0.489391,False,False,False,False
s130,564,-1.655,1.8915,-0.350228,-0.773191,0.489391,False,False,False,False
s130,565,-0.0946,1.5604,-0.299102,-0.773191,0.489391,False,False,False,False
s130,566,0.7569,0.8515,-0.0879018,-0.773191,0.489391,False,False,False,False
s130,567,-0.5204,1.2773,-0.174401,-0.773191,0.489391,False,False,False,False
s130,568,-0.5204,0,-0.243601,-0.773191,0.489391,False,False,False,False
s130,569,0.3311,0.8515,-0.128661,-0.773191,0.489391,False,False,False,False
s130,570,-1.655,1.9861,-0.433929,-0.773191,0.489391,False,False,False,False
s130,571,0.7569,2.4119,-0.195763,-0.773191,0.489391,False,False,False,False
s130,572,-0.0946,0.8515,-0.17553,-0.773191,0.489391,False,False,False,False
s130,573,-0.5204,0.4258,-0.244504,-0.773191,0.489391,False,False,False,False
s130,574,0.3311,0.8515,-0.129383,-0.773191,0.489391,False,False,False,False
s130,575,-0.5204,0.8515,-0.207587,-0.773191,0.489391,False,False,False,False
s130,576,0.2365,0.7569,-0.118769,-0.773191,0.489391,False,False,False,False
s130,577,0.7569,0.5204,0.0563645,-0.773191,0.489391,False,False,False,False
s130,578,0.7569,0,0.196472,-0.773191,0.489391,False,False,False,False
s130,579,-0.5204,1.2773,0.0530973,-0.773191,0.489391,False,False,False,False
s130,580,-1.655,1.1346,-0.288522,-0.773191,0.489391,False,False,False,False
s130,581,0.7569,2.4119,-0.0794378,-0.773191,0.489391,False,False,False,False
s130,582,-0.5204,1.2773,-0.16763,-0.773191,0.489391,False,False,False,False
s130,583,-0.7096,0.1892,-0.276024,-0.773191,0.489391,False,False,False,False
s130,584,-0.1419,0.5677,-0.249199,-0.773191,0.489391,False,False,False,False
s130,585,-0.1419,0,-0.227739,-0.773191,0.489391,False,False,False,False
s130,586,0.7569,0.8988,-0.0308116,-0.773191,0.489391,False,False,False,False
s130,587,0.7569,0,0.126731,-0.773191,0.489391,False,False,False,False
s130,588,-1.655,2.4119,-0.229615,-0.773191,0.489391,False,False,False,False
s130,589,0.7569,2.4119,-0.0323123,-0.773191,0.489391,False,False,False,False
s130,590,-0.1419,0.8988,-0.0542299,-0.773191,0.489391,False,False,False,False
s130,591,-0.5204,0.3785,-0.147464,-0.773191,0.489391,False,False,False,False
s130,592,0.7569,1.2773,0.0334089,-0.773191,0.489391,False,False,False,False
s130,593,1.04,0.2831,0.234727,-0.773191,0.489391,False,False,False,False
s130,594,-0.5204,1.5604,0.0837017,-0.773191,0.489391,False,False,False,False
s130,595,-0.5204,0,-0.0371186,-0.773191,0.489391,False,False,False,False
s130,596,-0.5204,0,-0.133775,-0.773191,0.489391,False,False,False,False
s130,597,-0.1419,0.3785,-0.1354,-0.773191,0.489391,False,False,False,False
s130,598,-0.5204,0.3785,-0.2124,-0.773191,0.489391,False,False,False,False
s130,599,-0.5204,0,-0.274,-0.773191,0.489391,False,False,False,False
s130,600,0.7569,1.2773,-0.06782,-0.773191,0.489391,False,False,False,False
s130,601,-0.5204,1.2773,-0.158336,-0.773191,0.489391,False,False,False,False
s130,602,0.2365,0.7569,-0.0793688,-0.773191,0.489391,False,False,False,False
s130,603,-0.1419,0.3784,-0.091875,-0.773191,0.489391,False,False,False,False
s130,604,-0.1419,0,-0.10188,-0.773191,0.489391,False,False,False,False
s130,605,0.2365,0.3784,-0.034204,-0.773191,0.489391,False,False,False,False
s130,606,-0.1419,0.3784,-0.0557432,-0.773191,0.489391,False,False,False,False
s130,607,-0.1419,0,-0.0729746,-0.773191,0.489391,False,False,False,False
s130,608,-0.1419,0,-0.0867597,-0.773191,0.489391,False,False,False,False
s130,609,-0.5677,0.4258,-0.182948,-0.773191,0.489391,False,False,False,False
s130,610,-0.1419,0.4258,-0.174738,-0.773191,0.489391,False,False,False,False
s130,611,-0.1419,0,-0.168171,-0.773191,0.489391,False,False,False,False
s130,612,-0.0946,0.0473,-0.153456,-0.773191,0.489391,False,False,False,False
s130,613,-0.0946,0,-0.141685,-0.773191,0.489391,False,False,False,False
s130,614,-0.0946,0,-0.132268,-0.773191,0.489391,False,False,False,False
s130,615,-0.2365,0.1419,-0.153114,-0.773191,0.489391,False,False,False,False
s130,616,-0.0946,0.1419,-0.141412,-0.773191,0.489391,False,False,False,False
s130,617,-0.0946,0,-0.132049,-0.773191,0.489391,False,False,False,False
s130,618,-0.0946,0,-0.124559,-0.773191,0.489391,False,False,False,False
s130,619,-0.0946,0,-0.118568,-0.773191,0.489391,False,False,False,False
s130,620,-0.0946,0,-0.113774,-0.773191,0.489391,False,False,False,False
s130,621,-0.0946,0,-0.109939,-0.773191,0.489391,False,False,False,False
s130,622,0.615,0.7096,0.0350486,-0.773191,0.489391,False,False,False,False
s130,623,-0.2365,0.8515,-0.0192611,-0.773191,0.489391,False,False,False,False
s130,624,0.615,0.8515,0.107591,-0.773191,0.489391,False,False,False,False
s130,625,-0.4258,1.0408,0.000912894,-0.773191,0.489391,False,False,False,False
s130,626,0.615,1.0408,0.12373,-0.773191,0.489391,False,False,False,False
s130,627,0,0.615,0.0989843,-0.773191,0.489391,False,False,False,False
s130,628,0,0,0.0791874,-0.773191,0.489391,False,False,False,False
s130,629,0.615,0.615,0.18635,-0.773191,0.489391,False,False,False,False
s130,630,0,0.615,0.14908,-0.773191,0.489391,False,False,False,False
s130,631,0.1892,0.1892,0.157104,-0.773191,0.489391,False,False,False,False
s130,632,0,0.1892,0.125683,-0.773191,0.489391,False,False,False,False
s130,633,0,0,0.100547,-0.773191,0.489391,False,False,False,True
s130,634,0.0473,0.0473,0.0898972,-0.773191,0.489391,False,False,False,True
s130,635,0,0.0473,0.0719178,-0.773191,0.489391,False,False,False,True
s130,636,0,0,0.0575342,-0.773191,0.489391,False,False,False,True
s130,637,0.0473,0.0473,0.0554874,-0.773191,0.489391,False,False,False,True
s130,638,0,0.0473,0.0443899,-0.773191,0.489391,False,False,False,True
s130,639,0.0473,0.0473,0.0449719,-0.773191,0.489391,False,False,False,True
s130,640,0.0473,0,0.0454375,-0.773191,0.489391,False,False,False,True
s130,641,-0.9461,0.9934,-0.15287,-0.773191,0.489391,False,False,False,False
s130,642,0.0473,0.9934,-0.112836,-0.773191,0.489391,False,False,False,False
s130,643,0,0.0473,-0.0902688,-0.773191,0.489391,False,False,False,False
s130,644,-0.9461,0.9461,-0.261435,-0.773191,0.489391,False,False,False,False
s130,645,0,0.9461,-0.209148,-0.773191,0.489391,False,False,False,False
s130,646,0.0473,0.0473,-0.157858,-0.773191,0.489391,False,False,False,False
s130,647,1.939,1.8917,0.261513,-0.773191,0.489391,True,False,False,False
s130,648,-0.9461,2.8851,0.0199906,-0.773191,0.489391,False,False,False,False
s130,649,0.2365,1.1826,0.0632925,-0.773191,0.489391,False,False,False,False
s130,650,0.0473,0.1892,0.060094,-0.773191,0.489391,False,False,False,False
s130,651,0.0473,0,0.0575352,-0.773191,0.489391,False,False,False,False
s130,652,0.2365,0.1892,0.0933282,-0.773191,0.489391,False,False,False,False
s130,653,0.2365,0,0.121963,-0.773191,0.489391,False,False,False,False
s130,654,0.0473,0.1892,0.10703,-0.773191,0.489391,False,False,False,False
s130,655,-0.8042,0.8515,-0.075216,-0.773191,0.489391,False,False,False,False
s130,656,0.0473,0.8515,-0.0507128,-0.773191,0.489391,False,False,False,False
s130,657,0.4258,0.3785,0.0445898,-0.773191,0.489391,False,False,False,False
s130,658,1.939,1.5132,0.423472,-0.773191,0.489391,True,False,False,False
s130,659,0.0473,1.8917,0.348237,-0.773191,0.489391,False,False,False,False
s130,660,1.939,1.8917,0.66639,-0.773191,0.489391,True,True,False,False
s130,661,1.939,0,0.920912,-0.773191,0.489391,True,True,False,False
s130,662,0.4258,1.5132,0.82189,-0.773191,0.489391,False,False,False,False
s130,663,0.0473,0.3785,0.666972,-0.773191,0.489391,False,False,False,True
s130,664,-0.615,0.6623,0.410577,-0.773191,0.489391,False,False,False,False
s130,665,1.939,2.554,0.716262,-0.773191,0.489391,True,False,False,False
s130,666,-0.8042,2.7432,0.412169,-0.773191,0.489391,False,False,False,False
s130,667,1.939,2.7432,0.717536,-0.773191,0.489391,True,True,False,False
s130,668,0.4258,1.5132,0.659188,-0.773191,0.489391,False,False,False,False
s130,669,-0.9461,1.3719,0.338131,-0.773191,0.489391,False,False,False,False
s130,670,0.2365,1.1826,0.317805,-0.773191,0.489391,False,False,False,False
s130,671,-0.1419,0.3784,0.225864,-0.773191,0.489391,False,False,False,False
s130,672,0.0473,0.1892,0.190151,-0.773191,0.489391,False,False,False,False
s130,673,-0.615,0.6623,0.0291208,-0.773191,0.489391,False,False,False,False
s130,674,0.2365,0.8515,0.0705966,-0.773191,0.489391,False,False,False,False
s130,675,-0.615,0.8515,-0.0665227,-0.773191,0.489391,False,False,False,False
s130,676,1.939,2.554,0.334582,-0.773191,0.489391,True,False,False,False
s130,677,0.0473,1.8917,0.277125,-0.773191,0.489391,False,False,False,False
s130,678,0.4258,0.3785,0.30686,-0.773191,0.489391,False,False,False,False
s130,679,-0.615,1.0408,0.122488,-0.773191,0.489391,False,False,False,False
s130,680,-0.615,0,-0.0250094,-0.773191,0.489391,False,False,False,False
s130,681,-0.615,0,-0.143007,-0.773191,0.489391,False,False,False,False
s130,682,-0.615,0,-0.237406,-0.773191,0.489391,False,False,False,False
s130,683,-0.615,0,-0.312925,-0.773191,0.489391,False,False,False,False
s130,684,-0.1419,0.4731,-0.27872,-0.773191,0.489391,False,False,False,False
s130,685,-0.615,0.4731,-0.345976,-0.773191,0.489391,False,False,False,False
s130,686,0.4258,1.0408,-0.191621,-0.773191,0.489391,False,False,False,False
s130,687,0.4258,0,-0.0681366,-0.773191,0.489391,False,False,False,False
s130,688,-0.615,1.0408,-0.177509,-0.773191,0.489391,False,False,False,False
s130,689,0.0473,0.6623,-0.132547,-0.773191,0.489391,False,False,False,False
s130,690,0.4258,0.3785,-0.0208779,-0.773191,0.489391,False,False,False,False
s130,691,0.0473,0.3785,-0.00724233,-0.773191,0.489391,False,False,False,False
s130,692,-0.4731,0.5204,-0.100414,-0.773191,0.489391,False,False,False,False
s130,693,0.0473,0.5204,-0.0708711,-0.773191,0.489391,False,False,False,False
s130,694,1.939,1.8917,0.331103,-0.773191,0.489391,True,False,False,False
s130,695,-0.4731,2.4121,0.170263,-0.773191,0.489391,False,False,False,False
s130,696,0.2365,0.7096,0.18351,-0.773191,0.489391,False,False,False,False
s130,697,0.0473,0.1892,0.156268,-0.773191,0.489391,False,False,False,False
s130,698,0.2365,0.1892,0.172314,-0.773191,0.489391,False,False,False,False
s130,699,-0.4731,0.7096,0.0432315,-0.773191,0.489391,False,False,False,False
s130,700,0.7569,1.23,0.185965,-0.773191,0.489391,False,False,False,False
s130,701,-0.4731,1.23,0.0541522,-0.773191,0.489391,False,False,False,False
s130,702,-0.4731,0,-0.0512983,-0.773191,0.489391,False,False,False,False
s130,703,0.7569,1.23,0.110341,-0.773191,0.489391,False,False,False,False
s130,704,-0.4731,1.23,-0.00634689,-0.773191,0.489391,False,False,False,False
s130,705,0.7569,1.23,0.146302,-0.773191,0.489391,False,False,False,False
s130,706,0.2365,0.5204,0.164342,-0.773191,0.489391,False,False,False,False
s130,707,0.0473,0.1892,0.140934,-0.773191,0.489391,False,False,False,False
s130,708,1.939,1.8917,0.500547,-0.773191,0.489391,True,False,False,False
s130,709,0.7569,1.1821,0.551817,-0.773191,0.489391,False,False,False,False
s130,710,-0.4731,1.23,0.346834,-0.773191,0.489391,False,False,False,False
s130,711,-0.5204,0.0473,0.173387,-0.773191,0.489391,False,False,False,False
s130,712,0.7569,1.2773,0.29009,-0.773191,0.489391,False,False,False,False
s130,713,-0.1892,0.9461,0.194232,-0.773191,0.489391,False,False,False,False
s130,714,0.0473,0.2365,0.164845,-0.773191,0.489391,False,False,False,False
s130,715,0.0473,0,0.141336,-0.773191,0.489391,False,False,False,False
s130,716,0.4258,0.3785,0.198229,-0.773191,0.489391,False,False,False,False
s130,717,0.0473,0.3785,0.168043,-0.773191,0.489391,False,False,False,False
s130,718,0.0473,0,0.143895,-0.773191,0.489391,False,False,False,False
s130,719,0.4258,0.3785,0.200276,-0.773191,0.489391,False,False,False,False
s130,720,-0.5204,0.9462,0.0561406,-0.773191,0.489391,False,False,False,False
s130,721,0.0946,0.615,0.0638324,-0.773191,0.489391,False,False,False,False
s130,722,0.0473,0.0473,0.060526,-0.773191,0.489391,False,False,False,False
s130,723,0.0946,0.0473,0.0673408,-0.773191,0.489391,False,False,False,False
s130,724,0.0946,0,0.0727926,-0.773191,0.489391,False,False,False,False
s130,725,0.0946,0,0.0771541,-0.773191,0.489391,False,False,False,False
s130,726,1.04,0.9454,0.269723,-0.773191,0.489391,False,False,False,False
s130,727,0.0946,0.9454,0.234699,-0.773191,0.489391,False,False,False,False
s130,728,0.0946,0,0.206679,-0.773191,0.489391,False,False,False,True
s130,729,0.0946,0,0.184263,-0.773191,0.489391,False,False,False,True
s130,730,0.0946,0,0.16633,-0.773191,0.489391,False,False,False,True
s130,731,0,0.0946,0.133064,-0.773191,0.489391,False,False,False,True
s130,732,0,0,0.106452,-0.773191,0.489391,False,False,False,True
s130,733,0,0,0.0851612,-0.773191,0.489391,False,False,False,True
s130,734,0,0,0.068129,-0.773191,0.489391,False,False,False,True
s130,735,0.6623,0.6623,0.186963,-0.773191,0.489391,False,False,False,True
s130,736,0,0.6623,0.149571,-0.773191,0.489391,False,False,False,True
s130,737,0,0,0.119656,-0.773191,0.489391,False,False,False,True
s130,738,0,0,0.0957251,-0.773191,0.489391,False,False,False,True
s130,739,0.2838,0.2838,0.13334,-0.773191,0.489391,False,False,False,True
s130,740,0.0473,0.2365,0.116132,-0.773191,0.489391,False,False,False,True
s130,741,0.0473,0,0.102366,-0.773191,0.489391,False,False,False,True
s130,742,0.0473,0,0.0913525,-0.773191,0.489391,False,False,False,True
s130,743,0.2838,0.2365,0.129842,-0.773191,0.489391,False,False,False,True
s130,744,0.0473,0.2365,0.113334,-0.773191,0.489391,False,False,False,True
s130,745,0.0473,0,0.100127,-0.773191,0.489391,False,False,False,True
s130,746,0.0473,0,0.0895615,-0.773191,0.489391,False,False,False,True
s130,747,0.2838,0.2365,0.128409,-0.773191,0.489391,False,False,False,True
s130,748,0.2838,0,0.159487,-0.773191,0.489391,False,False,False,True
s130,749,0.0473,0.2365,0.13705,-0.773191,0.489391,False,False,False,True
s130,750,0.1419,0.0946,0.13802,-0.773191,0.489391,False,False,False,True
s130,751,0.1419,0,0.138796,-0.773191,0.489391,False,False,False,True
s130,752,0.1419,0,0.139417,-0.773191,0.489391,False,False,False,True
s130,753,0.1419,0,0.139913,-0.773191,0.489391,False,False,False,True
s130,754,0.1419,0,0.140311,-0.773191,0.489391,False,False,False,True
s130,755,0.1419,0,0.140629,-0.773191,0.489391,False,False,False,True
s130,756,0.2838,0.1419,0.169263,-0.773191,0.489391,False,False,False,True
s130,757,0.2838,0,0.19217,-0.773191,0.489391,False,False,False,True
s130,758,0.1419,0.1419,0.182116,-0.773191,0.489391,False,False,False,True
s130,759,0.2838,0.1419,0.202453,-0.773191,0.489391,False,False,False,True
s130,760,0.2838,0,0.218722,-0.773191,0.489391,False,False,False,True
s130,761,0.2838,0,0.231738,-0.773191,0.489391,False,False,False,True
s130,762,0.2838,0,0.24215,-0.773191,0.489391,False,False,False,True
s130,763,0.2838,0,0.25048,-0.773191,0.489391,False,False,False,True
s130,764,0.2838,0,0.257144,-0.773191,0.489391,False,False,False,True
s130,765,0.1419,0.1419,0.234095,-0.773191,0.489391,False,False,False,True
s130,766,0,0.1419,0.187276,-0.773191,0.489391,False,False,False,True
s130,767,0,0,0.149821,-0.773191,0.489391,False,False,False,True
s130,768,0.2838,0.2838,0.176617,-0.773191,0.489391,False,False,False,True
s130,769,0.2838,0,0.198053,-0.773191,0.489391,False,False,False,True
s130,770,0.2838,0,0.215203,-0.773191,0.489391,False,False,False,True
s130,771,0.1419,0.1419,0.200542,-0.773191,0.489391,False,False,False,True
s130,772,0.0473,0.0946,0.169894,-0.773191,0.489391,False,False,False,True
s130,773,0.0473,0,0.145375,-0.773191,0.489391,False,False,False,True
s130,774,0.0473,0,0.12576,-0.773191,0.489391,False,False,False,True
s130,775,-0.3784,0.4257,0.024928,-0.773191,0.489391,False,False,False,False
s130,776,0.0473,0.4257,0.0294024,-0.773191,0.489391,False,False,False,False
s130,777,0.0473,0,0.0329819,-0.773191,0.489391,False,False,False,False
s130,778,0.0473,0,0.0358455,-0.773191,0.489391,False,False,False,False
s130,779,-0.3784,0.4257,-0.0470036,-0.773191,0.489391,False,False,False,False
s130,780,0,0.3784,-0.0376029,-0.773191,0.489391,False,False,False,False
s130,781,-0.3784,0.3784,-0.105762,-0.773191,0.489391,False,False,False,False
s130,782,0.0473,0.4257,-0.0751498,-0.773191,0.489391,False,False,False,False
s130,783,-0.3784,0.4257,-0.1358,-0.773191,0.489391,False,False,False,False
s130,784,-0.3784,0,-0.18432,-0.773191,0.489391,False,False,False,False
s130,785,0.0473,0.4257,-0.137996,-0.773191,0.489391,False,False,False,False
s130,786,0,0.0473,-0.110397,-0.773191,0.489391,False,False,False,False
s130,787,0,0,-0.0883174,-0.773191,0.489391,False,False,False,False
s130,788,0.0473,0.0473,-0.0611939,-0.773191,0.489391,False,False,False,False
s130,789,0.0473,0,-0.0394951,-0.773191,0.489391,False,False,False,False
s130,790,0.0473,0,-0.0221361,-0.773191,0.489391,False,False,False,False
s130,791,0,0.0473,-0.0177089,-0.773191,0.489391,False,False,False,False
s130,792,0.0473,0.0473,-0.0047071,-0.773191,0.489391,False,False,False,True
s130,793,0,0.0473,-0.00376568,-0.773191,0.489391,False,False,False,True
s130,794,-0.3784,0.3784,-0.0786925,-0.773191,0.489391,False,False,False,False
s130,795,0.0473,0.4257,-0.053494,-0.773191,0.489391,False,False,False,False
s130,796,0.0473,0,-0.0333352,-0.773191,0.489391,False,False,False,False
s130,797,-0.3784,0.4257,-0.102348,-0.773191,0.489391,False,False,False,False
s130,798,-0.1419,0.2365,-0.110259,-0.773191,0.489391,False,False,False,False
s130,799,-1.135,0.9931,-0.315207,-0.773191,0.489391,False,False,False,False
s130,800,-0.1419,0.9931,-0.280545,-0.773191,0.489391,False,False,False,False
s130,801,-1.135,0.9931,-0.451436,-0.773191,0.489391,False,False,False,False
s130,802,-0.1419,0.9931,-0.389529,-0.773191,0.489391,False,False,False,False
s130,803,-0.5677,0.4258,-0.425163,-0.773191,0.489391,False,False,False,False
s130,804,-0.5677,0,-0.453671,-0.773191,0.489391,False,False,False,False
s130,805,-0.1419,0.4258,-0.391316,-0.773191,0.489391,False,False,False,False
s130,806,-0.1419,0,-0.341433,-0.773191,0.489391,False,False,False,False
s130,807,-0.5677,0.4258,-0.386687,-0.773191,0.489391,False,False,False,False
s130,808,-1.135,0.5673,-0.536349,-0.773191,0.489391,False,False,False,False
s130,809,-0.5677,0.5673,-0.542619,-0.773191,0.489391,False,False,False,False
s130,810,-0.5677,0,-0.547636,-0.773191,0.489391,False,False,False,False
s130,811,-1.135,0.5673,-0.665108,-0.773191,0.489391,False,False,False,False
s130,812,-1.135,0,-0.759087,-0.773191,0.489391,False,False,False,False
s130,813,-0.8988,0.2362,-0.787029,-0.773191,0.489391,False,False,False,False
s130,814,-0.8988,0,-0.809384,-0.773191,0.489391,False,False,True,True
s130,815,-1.135,0.2362,-0.874507,-0.773191,0.489391,False,False,True,True
s130,816,-1.135,0,-0.926605,-0.773191,0.489391,False,False,True,True
s130,817,-0.5677,0.5673,-0.854824,-0.773191,0.489391,False,False,False,True
s130,818,-0.5677,0,-0.797399,-0.773191,0.489391,False,False,False,True
s130,819,-0.8988,0.3311,-0.81768,-0.773191,0.489391,False,False,False,True
s130,820,-0.1419,0.7569,-0.682524,-0.773191,0.489391,False,False,False,False
s130,821,-0.4258,0.2839,-0.631179,-0.773191,0.489391,False,False,False,False
s130,822,-0.8988,0.473,-0.684703,-0.773191,0.489391,False,False,False,False
s130,823,-0.5677,0.3311,-0.661303,-0.773191,0.489391,False,False,False,False
s130,824,-0.4258,0.1419,-0.614202,-0.773191,0.489391,False,False,False,False
s130,825,-0.4258,0,-0.576522,-0.773191,0.489391,False,False,False,False
s130,826,-1.135,0.7092,-0.688217,-0.773191,0.489391,False,False,False,False
s130,827,-0.4258,0.7092,-0.635734,-0.773191,0.489391,False,False,False,False
s130,828,-0.4258,0,-0.593747,-0.773191,0.489391,False,False,False,True
s130,829,-0.8988,0.473,-0.654758,-0.773191,0.489391,False,False,False,True
s130,830,-0.4258,0.473,-0.608966,-0.773191,0.489391,False,False,False,True
s130,831,-0.1419,0.2839,-0.515553,-0.773191,0.489391,False,False,False,False
s130,832,0,0.1419,-0.412442,-0.773191,0.489391,False,False,False,False
s130,833,0,0,-0.329954,-0.773191,0.489391,False,False,False,False
s130,834,0,0,-0.263963,-0.773191,0.489391,False,False,False,False
s130,835,0,0,-0.21117,-0.773191,0.489391,False,False,False,False
s130,836,0.7096,0.7096,-0.0270164,-0.773191,0.489391,False,False,False,False
s130,837,0,0.7096,-0.0216131,-0.773191,0.489391,False,False,False,False
s130,838,0.7096,0.7096,0.12463,-0.773191,0.489391,False,False,False,False
s130,839,0.7096,0,0.241624,-0.773191,0.489391,False,False,False,True
s130,840,0.7096,0,0.335219,-0.773191,0.489391,False,False,True,True
s130,841,0.7096,0,0.410095,-0.773191,0.489391,False,False,True,True
s130,842,0.7096,0,0.469996,-0.773191,0.489391,False,False,True,True
s130,843,0.7096,0,0.517917,-0.773191,0.489391,False,False,True,True
s130,844,0,0.7096,0.414333,-0.773191,0.489391,False,False,False,True
s130,845,-1.229,1.229,0.0856668,-0.773191,0.489391,False,False,False,False
s130,846,0,1.229,0.0685334,-0.773191,0.489391,False,False,False,False
s130,847,0.4731,0.4731,0.149447,-0.773191,0.489391,False,False,False,False
s130,848,-0.4731,0.9462,0.0249374,-0.773191,0.489391,False,False,False,False
s130,849,-0.4731,0,-0.0746701,-0.773191,0.489391,False,False,False,False
s130,850,-0.8515,0.3784,-0.230036,-0.773191,0.489391,False,False,False,False
s130,851,-0.8515,0,-0.354329,-0.773191,0.489391,False,False,False,False
s130,852,-0.0946,0.7569,-0.302383,-0.773191,0.489391,False,False,False,False
s130,853,-0.8515,0.7569,-0.412206,-0.773191,0.489391,False,False,False,False
s130,854,0.7096,1.5611,-0.187845,-0.773191,0.489391,False,False,False,False
s130,855,-0.0946,0.8042,-0.169196,-0.773191,0.489391,False,False,False,False
s130,856,0.7096,0.8042,0.00656309,-0.773191,0.489391,False,False,False,False
s130,857,0.4731,0.2365,0.0998705,-0.773191,0.489391,False,False,False,False
s130,858,-0.5677,1.0408,-0.0336436,-0.773191,0.489391,False,False,False,False
s130,859,-0.5677,0,-0.140455,-0.773191,0.489391,False,False,False,False
s130,860,-0.5677,0,-0.225904,-0.773191,0.489391,False,False,False,False
s130,861,-0.5677,0,-0.294263,-0.773191,0.489391,False,False,False,False
s130,862,-0.5677,0,-0.348951,-0.773191,0.489391,False,False,False,False
s130,863,-0.1419,0.4258,-0.30754,-0.773191,0.489391,False,False,False,False
s130,864,-0.5677,0.4258,-0.359572,-0.773191,0.489391,False,False,False,False
s130,865,-0.8988,0.3311,-0.467418,-0.773191,0.489391,False,False,False,False
s130,866,-0.1419,0.7569,-0.402314,-0.773191,0.489391,False,False,False,False
s130,867,0,0.1419,-0.321851,-0.773191,0.489391,False,False,False,False
s130,868,-0.8988,0.8988,-0.437241,-0.773191,0.489391,False,False,False,False
s130,869,-0.1419,0.7569,-0.378173,-0.773191,0.489391,False,False,False,False
s130,870,-0.1419,0,-0.330918,-0.773191,0.489391,False,False,False,False
s130,871,-0.1419,0,-0.293115,-0.773191,0.489391,False,False,False,False
s130,872,-0.8988,0.7569,-0.414252,-0.773191,0.489391,False,False,False,False
s130,873,-0.1419,0.7569,-0.359781,-0.773191,0.489391,False,False,False,False
s130,874,-1.56,1.4181,-0.599825,-0.773191,0.489391,False,False,False,False
s130,875,-0.8988,0.6612,-0.65962,-0.773191,0.489391,False,False,False,False
s130,876,-1.56,0.6612,-0.839696,-0.773191,0.489391,False,True,True,False
s130,877,0,1.56,-0.671757,-0.773191,0.489391,False,False,False,False
s130,878,-1.56,1.56,-0.849405,-0.773191,0.489391,False,True,True,False
s130,879,-1.56,0,-0.991524,-0.773191,0.489391,False,True,True,False
s130,880,0,1.56,-0.79322,-0.773191,0.489391,False,False,False,False
s130,881,-1.56,1.56,-0.946576,-0.773191,0.489391,False,True,False,False
s130,882,-1.56,0,-1.06926,-0.773191,0.489391,False,True,True,False
s130,883,-0.5677,0.9923,-0.968948,-0.773191,0.489391,False,False,False,False
s130,884,0,0.5677,-0.775159,-0.773191,0.489391,False,False,False,False
s130,885,0.0473,0.0473,-0.610667,-0.773191,0.489391,False,False,False,False
s130,886,0,0.0473,-0.488534,-0.773191,0.489391,False,False,False,False
s130,887,0.0473,0.0473,-0.381367,-0.773191,0.489391,False,False,False,False
s130,888,0.0473,0,-0.295633,-0.773191,0.489391,False,False,False,False
s130,889,0.0473,0,-0.227047,-0.773191,0.489391,False,False,False,False
s130,890,0.0473,0,-0.172177,-0.773191,0.489391,False,False,False,False
s130,891,0,0.0473,-0.137742,-0.773191,0.489391,False,False,False,True
s130,892,-0.4258,0.4258,-0.195354,-0.773191,0.489391,False,False,False,False
s130,893,0,0.4258,-0.156283,-0.773191,0.489391,False,False,False,False
s130,894,0,0,-0.125026,-0.773191,0.489391,False,False,False,False
s130,895,0,0,-0.100021,-0.773191,0.489391,False,False,False,False
s130,896,0,0,-0.0800168,-0.773191,0.489391,False,False,False,False
s130,897,0.0473,0.0473,-0.0545535,-0.773191,0.489391,False,False,False,False
s130,898,0.0473,0,-0.0341828,-0.773191,0.489391,False,False,False,False
s130,899,-0.5677,0.615,-0.140886,-0.773191,0.489391,False,False,False,False
s130,900,-1.608,1.0403,-0.434309,-0.773191,0.489391,False,False,False,False
s130,901,0.0473,1.6553,-0.337987,-0.773191,0.489391,False,False,False,False
s130,902,-1.608,1.6553,-0.59199,-0.773191,0.489391,False,True,False,False
s130,903,-1.608,0,-0.795192,-0.773191,0.489391,False,True,False,False
s130,904,-0.4258,1.1822,-0.721313,-0.773191,0.489391,False,False,False,False
s130,905,-0.4258,0,-0.662211,-0.773191,0.489391,False,False,False,False
s130,906,0.0473,0.4731,-0.520309,-0.773191,0.489391,False,False,False,False
s130,907,-1.608,1.6553,-0.737847,-0.773191,0.489391,False,False,False,False
s130,908,-1.608,0,-0.911878,-0.773191,0.489391,False,True,False,False
s130,909,-1.608,0,-1.0511,-0.773191,0.489391,False,True,False,False
s130,910,-0.4258,1.1822,-0.926042,-0.773191,0.489391,False,False,False,False
s130,911,-1.135,0.7092,-0.967833,-0.773191,0.489391,False,False,True,False
s130,912,-1.135,0,-1.00127,-0.773191,0.489391,False,False,True,False
s130,913,-1.135,0,-1.02801,-0.773191,0.489391,False,False,True,False
s130,914,0,1.135,-0.822411,-0.773191,0.489391,False,False,False,False
s130,915,-1.797,1.797,-1.01733,-0.773191,0.489391,False,False,True,False
s130,916,-1.797,0,-1.17326,-0.773191,0.489391,False,True,True,False
s130,917,-1.797,0,-1.29801,-0.773191,0.489391,False,True,True,False
s130,918,-1.797,0,-1.39781,-0.773191,0.489391,False,True,True,False
s130,919,-1.797,0,-1.47765,-0.773191,0.489391,False,True,True,False
s130,920,-3.496,1.699,-1.88132,-0.773191,0.489391,True,True,True,False
s130,921,-3.496,0,-2.20425,-0.773191,0.489391,True,True,True,False
s130,922,-3.496,0,-2.4626,-0.773191,0.489391,True,True,True,True
s130,923,-3.496,0,-2.66928,-0.773191,0.489391,True,True,True,True
s130,924,-0.4258,3.0702,-2.22059,-0.773191,0.489391,False,False,False,True
s130,925,-1.135,0.7092,-2.00347,-0.773191,0.489391,False,False,True,True
s130,926,0,1.135,-1.60278,-0.773191,0.489391,False,False,False,False
s130,927,-3.496,3.496,-1.98142,-0.773191,0.489391,True,False,False,False
s130,928,-3.496,0,-2.28434,-0.773191,0.489391,True,True,False,False
s130,929,-1.135,2.361,-2.05447,-0.773191,0.489391,False,False,True,False
s130,930,-3.025,1.89,-2.24858,-0.773191,0.489391,True,True,True,False
s130,931,-3.025,0,-2.40386,-0.773191,0.489391,True,True,True,False
s130,932,-3.025,0,-2.52809,-0.773191,0.489391,True,True,True,False
s130,933,-1.135,1.89,-2.24947,-0.773191,0.489391,False,False,True,False
s130,934,-3.496,2.361,-2.49878,-0.773191,0.489391,True,True,True,True
s130,935,-3.496,0,-2.69822,-0.773191,0.489391,True,True,True,True
s130,936,-3.496,0,-2.85778,-0.773191,0.489391,True,True,True,True
s130,937,-3.025,0.471,-2.89122,-0.773191,0.489391,True,True,True,True
s130,938,-3.025,0,-2.91798,-0.773191,0.489391,True,True,True,True
s130,939,-3.025,0,-2.93938,-0.773191,0.489391,True,True,True,True
s130,940,-1.702,1.323,-2.69191,-0.773191,0.489391,False,True,True,True
s130,941,-3.025,1.323,-2.75852,-0.773191,0.489391,True,True,True,True
s130,942,-3.496,0.471,-2.90602,-0.773191,0.489391,True,True,True,True
s130,943,-2.647,0.849,-2.85422,-0.773191,0.489391,True,True,True,True
s130,944,-3.025,0.378,-2.88837,-0.773191,0.489391,True,True,True,True
s130,945,-3.732,0.707,-3.0571,-0.773191,0.489391,True,True,True,True
s130,946,-3.732,0,-3.19208,-0.773191,0.489391,True,True,True,True
s130,947,-3.732,0,-3.30006,-0.773191,0.489391,True,True,True,True
s130,948,-3.496,0.236,-3.33925,-0.773191,0.489391,True,True,True,True
s130,949,-3.732,0.236,-3.4178,-0.773191,0.489391,True,True,True,True
s130,950,-3.732,0,-3.48064,-0.773191,0.489391,True,True,True,True
s130,951,-3.732,0,-3.53091,-0.773191,0.489391,True,True,True,True
s130,952,-2.647,1.085,-3.35413,-0.773191,0.489391,True,True,True,True
s130,953,-3.591,0.944,-3.4015,-0.773191,0.489391,True,True,True,True
s130,954,-3.025,0.566,-3.3262,-0.773191,0.489391,True,True,True,True
s130,955,-3.732,0.707,-3.40736,-0.773191,0.489391,True,True,True,True
s130,956,-2.647,1.085,-3.25529,-0.773191,0.489391,True,True,True,True
s130,957,-2.647,0,-3.13363,-0.773191,0.489391,True,True,True,True
s130,958,-3.732,1.085,-3.25331,-0.773191,0.489391,True,True,True,True
s130,959,-3.591,0.141,-3.32084,-0.773191,0.489391,True,True,True,True
s130,960,-3.591,0,-3.37488,-0.773191,0.489391,True,True,True,True
s130,961,-3.591,0,-3.4181,-0.773191,0.489391,True,True,True,True
s130,962,-3.591,0,-3.45268,-0.773191,0.489391,True,True,True,True
s130,963,-2.647,0.944,-3.29154,-0.773191,0.489391,True,True,True,True
s130,964,-3.779,1.132,-3.38904,-0.773191,0.489391,True,True,True,True
s130,965,-3.779,0,-3.46703,-0.773191,0.489391,True,True,True,True
s130,966,-3.732,0.047,-3.52002,-0.773191,0.489391,True,True,True,True
s130,967,-3.591,0.141,-3.53422,-0.773191,0.489391,True,True,True,True
s130,968,-3.779,0.188,-3.58317,-0.773191,0.489391,True,True,True,True
s130,969,-3.591,0.188,-3.58474,-0.773191,0.489391,True,True,True,True
s130,970,-2.647,0.944,-3.39719,-0.773191,0.489391,True,True,True,True
s130,971,-3.779,1.132,-3.47355,-0.773191,0.489391,True,True,True,True
s130,972,-2.647,1.132,-3.30824,-0.773191,0.489391,True,True,True,True
s130,973,-3.591,0.944,-3.36479,-0.773191,0.489391,True,True,True,True
s130,974,-3.779,0.188,-3.44764,-0.773191,0.489391,True,True,True,True
s130,975,-3.779,0,-3.51391,-0.773191,0.489391,True,True,True,True
s130,976,-3.591,0.188,-3.52933,-0.773191,0.489391,True,True,True,True
s130,977,-2.647,0.944,-3.35286,-0.773191,0.489391,True,True,True,True
s130,978,-3.591,0.944,-3.40049,-0.773191,0.489391,True,True,True,True
s130,979,-3.779,0.188,-3.47619,-0.773191,0.489391,True,True,True,True
s130,980,-3.591,0.188,-3.49915,-0.773191,0.489391,True,True,True,True
s130,981,-3.591,0,-3.51752,-0.773191,0.489391,True,True,True,True
s130,982,-3.591,0,-3.53222,-0.773191,0.489391,True,True,True,True
s130,983,-3.591,0,-3.54397,-0.773191,0.489391,True,True,True,True
s130,984,-3.591,0,-3.55338,-0.773191,0.489391,True,True,True,True
s130,985,-2.647,0.944,-3.3721,-0.773191,0.489391,True,True,True,True
s130,986,-3.732,1.085,-3.44408,-0.773191,0.489391,True,True,True,True
s130,987,-3.732,0,-3.50167,-0.773191,0.489391,True,True,True,True
s130,988,-3.591,0.141,-3.51953,-0.773191,0.489391,True,True,True,True
s130,989,-3.591,0,-3.53383,-0.773191,0.489391,True,True,True,True
s130,990,-3.732,0.141,-3.57346,-0.773191,0.489391,True,True,True,True
s130,991,-3.591,0.141,-3.57697,-0.773191,0.489391,True,True,True,True
s130,992,-3.732,0.141,-3.60798,-0.773191,0.489391,True,True,True,True
s130,993,-3.732,0,-3.63278,-0.773191,0.489391,True,True,True,True
s130,994,-3.732,0,-3.65262,-0.773191,0.489391,True,True,True,True
s130,995,-2.647,1.085,-3.4515,-0.773191,0.489391,True,True,True,True
s130,996,-3.732,1.085,-3.5076,-0.773191,0.489391,True,True,True,True
s130,997,-3.732,0,-3.55248,-0.773191,0.489391,True,True,True,True
s130,998,-3.732,0,-3.58838,-0.773191,0.489391,True,True,True,True
s130,999,-3.732,0,-3.61711,-0.773191,0.489391,True,True,True,True
s130,1000,-3.543,0.189,-3.60229,-0.773191,0.489391,True,True,True,True
s130,1001,-3.543,0,-3.59043,-0.773191,0.489391,True,True,True,True
s130,1002,-3.543,0,-3.58094,-0.773191,0.489391,True,True,True,True
s130,1003,-3.543,0,-3.57335,-0.773191,0.489391,True,True,True,True
s130,1004,-3.543,0,-3.56728,-0.773191,0.489391,True,True,True,True
s130,1005,-2.93,0.613,-3.43983,-0.773191,0.489391,True,True,True,True
s130,1006,-3.543,0.613,-3.46046,-0.773191,0.489391,True,True,True,True
s130,1007,0,3.543,-2.76837,-0.773191,0.489391,False,False,False,False
s130,1008,-2.93,2.93,-2.8007,-0.773191,0.489391,True,True,True,False
s130,1009,-2.93,0,-2.82656,-0.773191,0.489391,True,True,True,False
s130,1010,-2.93,0,-2.84724,-0.773191,0.489391,True,True,True,False
s130,1011,-3.166,0.236,-2.911,-0.773191,0.489391,True,True,True,False
s130,1012,-3.543,0.377,-3.0374,-0.773191,0.489391,True,True,True,False
s130,1013,-3.166,0.377,-3.06312,-0.773191,0.489391,True,True,True,False
s130,1014,-3.449,0.283,-3.14029,-0.773191,0.489391,True,True,True,False
s130,1015,-2.93,0.519,-3.09824,-0.773191,0.489391,True,True,True,True
s130,1016,-3.449,0.519,-3.16839,-0.773191,0.489391,True,True,True,True
s130,1017,-3.449,0,-3.22451,-0.773191,0.489391,True,True,True,True
s130,1018,-3.449,0,-3.26941,-0.773191,0.489391,True,True,True,True
s130,1019,-3.543,0.094,-3.32413,-0.773191,0.489391,True,True,True,True
s130,1020,-2.789,0.754,-3.2171,-0.773191,0.489391,True,True,True,True
s130,1021,-2.789,0,-3.13148,-0.773191,0.489391,True,True,True,True
s130,1022,-2.93,0.141,-3.09118,-0.773191,0.489391,True,True,True,True
s130,1023,-2.93,0,-3.05895,-0.773191,0.489391,True,True,True,True
s130,1024,-2.789,0.141,-3.00496,-0.773191,0.489391,True,True,True,True
s130,1025,0,2.789,-2.40397,-0.773191,0.489391,False,False,False,False
s130,1026,-3.119,3.119,-2.54697,-0.773191,0.489391,True,True,True,False
s130,1027,-3.119,0,-2.66138,-0.773191,0.489391,True,True,True,False
s130,1028,-3.119,0,-2.7529,-0.773191,0.489391,True,True,True,False
s130,1029,0,3.119,-2.20232,-0.773191,0.489391,False,False,False,False
s130,1030,0.0946,0.0946,-1.74294,-0.773191,0.489391,False,False,False,False
s130,1031,0.0946,0,-1.37543,-0.773191,0.489391,False,False,False,False
s130,1032,0.0946,0,-1.08142,-0.773191,0.489391,False,False,False,False
s130,1033,-3.119,3.2136,-1.48894,-0.773191,0.489391,True,False,False,False
s130,1034,-3.119,0,-1.81495,-0.773191,0.489391,True,True,False,False
s130,1035,0.0946,3.2136,-1.43304,-0.773191,0.489391,False,False,False,False
s130,1036,0,0.0946,-1.14643,-0.773191,0.489391,False,False,False,False
s130,1037,0,0,-0.917146,-0.773191,0.489391,False,False,False,False
s130,1038,0.0946,0.0946,-0.714797,-0.773191,0.489391,False,False,False,False
s130,1039,-2.789,2.8836,-1.12964,-0.773191,0.489391,True,False,False,False
s130,1040,-3.449,0.66,-1.59351,-0.773191,0.489391,True,True,False,False
s130,1041,-2.93,0.519,-1.86081,-0.773191,0.489391,True,True,False,False
s130,1042,-3.449,0.519,-2.17845,-0.773191,0.489391,True,True,True,False
s130,1043,-2.364,1.085,-2.21556,-0.773191,0.489391,True,True,True,False
s130,1044,-2.364,0,-2.24525,-0.773191,0.489391,True,True,True,False
s130,1045,-2.364,0,-2.269,-0.773191,0.489391,True,True,True,False
s130,1046,0,2.364,-1.8152,-0.773191,0.489391,False,False,False,False
s130,1047,-3.779,3.779,-2.20796,-0.773191,0.489391,True,True,True,False
s130,1048,-3.543,0.236,-2.47497,-0.773191,0.489391,True,True,True,False
s130,1049,0,3.543,-1.97997,-0.773191,0.489391,False,False,False,False
s130,1050,0,0,-1.58398,-0.773191,0.489391,False,False,False,False
s130,1051,-3.779,3.779,-2.02298,-0.773191,0.489391,True,False,False,False
s130,1052,-3.119,0.66,-2.24219,-0.773191,0.489391,True,True,False,False
s130,1053,-3.119,0,-2.41755,-0.773191,0.489391,True,True,False,False
s130,1054,-2.364,0.755,-2.40684,-0.773191,0.489391,True,True,True,False
s130,1055,-2.364,0,-2.39827,-0.773191,0.489391,True,True,True,False
s130,1056,0,2.364,-1.91862,-0.773191,0.489391,False,False,False,False
s130,1057,-3.779,3.779,-2.29069,-0.773191,0.489391,True,True,True,False
s130,1058,-3.779,0,-2.58835,-0.773191,0.489391,True,True,True,False
s130,1059,0,3.779,-2.07068,-0.773191,0.489391,False,False,False,False
s130,1060,-2.364,2.364,-2.12935,-0.773191,0.489391,True,True,False,False
s130,1061,-3.119,0.755,-2.32728,-0.773191,0.489391,True,True,True,False
s130,1062,0,3.119,-1.86182,-0.773191,0.489391,False,False,False,False
s130,1063,0,0,-1.48946,-0.773191,0.489391,False,False,False,False
s130,1064,-3.779,3.779,-1.94737,-0.773191,0.489391,True,False,False,False
s130,1065,-3.119,0.66,-2.18169,-0.773191,0.489391,True,True,False,False
s130,1066,-1.939,1.18,-2.13315,-0.773191,0.489391,False,True,False,False
s130,1067,-2.93,0.991,-2.29252,-0.773191,0.489391,True,True,True,False
s130,1068,-2.553,0.377,-2.34462,-0.773191,0.489391,True,True,True,False
s130,1069,-2.033,0.52,-2.2823,-0.773191,0.489391,False,True,True,False
s130,1070,-2.553,0.52,-2.33644,-0.773191,0.489391,True,True,True,False
s130,1071,-3.072,0.519,-2.48355,-0.773191,0.489391,True,True,True,True
s130,1072,-2.505,0.567,-2.48784,-0.773191,0.489391,True,True,True,True
s130,1073,-2.458,0.047,-2.48187,-0.773191,0.489391,True,True,True,True
s130,1074,-2.553,0.095,-2.4961,-0.773191,0.489391,True,True,True,True
s130,1075,-2.458,0.095,-2.48848,-0.773191,0.489391,True,True,True,True
s130,1076,-2.553,0.095,-2.50138,-0.773191,0.489391,True,True,True,True
s130,1077,-2.6,0.047,-2.52111,-0.773191,0.489391,True,True,True,True
s130,1078,-2.222,0.378,-2.46128,-0.773191,0.489391,True,True,True,True
s130,1079,-2.175,0.047,-2.40403,-0.773191,0.489391,True,True,True,True
s130,1080,-2.175,0,-2.35822,-0.773191,0.489391,True,True,True,True
s130,1081,-2.08,0.095,-2.30258,-0.773191,0.489391,True,True,True,True
s130,1082,-2.6,0.52,-2.36206,-0.773191,0.489391,True,True,True,True
s130,1083,-2.505,0.095,-2.39065,-0.773191,0.489391,True,True,True,True
s130,1084,-2.08,0.425,-2.32852,-0.773191,0.489391,True,True,True,True
s130,1085,-2.553,0.473,-2.37342,-0.773191,0.489391,True,True,True,True
s130,1086,-2.505,0.048,-2.39973,-0.773191,0.489391,True,True,True,True
s130,1087,-2.505,0,-2.42079,-0.773191,0.489391,True,True,True,True
s130,1088,-2.175,0.33,-2.37163,-0.773191,0.489391,True,True,True,True
s130,1089,-2.175,0,-2.3323,-0.773191,0.489391,True,True,True,True
s130,1090,-2.08,0.095,-2.28184,-0.773191,0.489391,True,True,True,True
s130,1091,-2.647,0.567,-2.35487,-0.773191,0.489391,True,True,True,True
s130,1092,-2.647,0,-2.4133,-0.773191,0.489391,True,True,True,True
s130,1093,-2.647,0,-2.46004,-0.773191,0.489391,True,True,True,True
s130,1094,-2.647,0,-2.49743,-0.773191,0.489391,True,True,True,True
s130,1095,-2.647,0,-2.52735,-0.773191,0.489391,True,True,True,True
s130,1096,-3.025,0.378,-2.62688,-0.773191,0.489391,True,True,True,True
s130,1097,-2.505,0.52,-2.6025,-0.773191,0.489391,True,True,True,True
s130,1098,-2.317,0.188,-2.5454,-0.773191,0.489391,True,True,True,True
s130,1099,-2.505,0.188,-2.53732,-0.773191,0.489391,True,True,True,True
s130,1100,-2.647,0.142,-2.55926,-0.773191,0.489391,True,True,True,True
s130,1101,-1.797,0.85,-2.40681,-0.773191,0.489391,False,True,True,True
s130,1102,-2.175,0.378,-2.36044,-0.773191,0.489391,True,True,True,True
s130,1103,-2.175,0,-2.32336,-0.773191,0.489391,True,True,True,True
s130,1104,-2.505,0.33,-2.35968,-0.773191,0.489391,True,True,True,True
s130,1105,-2.458,0.047,-2.37935,-0.773191,0.489391,True,True,True,True
s130,1106,-3.072,0.614,-2.51788,-0.773191,0.489391,True,True,True,True
s130,1107,-2.6,0.472,-2.5343,-0.773191,0.489391,True,True,True,True
s130,1108,-1.797,0.803,-2.38684,-0.773191,0.489391,False,True,True,True
s130,1109,-2.505,0.708,-2.41047,-0.773191,0.489391,True,True,True,True
s130,1110,-2.553,0.048,-2.43898,-0.773191,0.489391,True,True,True,True
s130,1111,-2.6,0.047,-2.47118,-0.773191,0.489391,True,True,True,True
s130,1112,-3.025,0.425,-2.58195,-0.773191,0.489391,True,True,True,True
s130,1113,-2.6,0.425,-2.58556,-0.773191,0.489391,True,True,True,True
s130,1114,-2.553,0.047,-2.57905,-0.773191,0.489391,True,True,True,True
s130,1115,-3.025,0.472,-2.66824,-0.773191,0.489391,True,True,True,True
s130,1116,-1.939,1.086,-2.52239,-0.773191,0.489391,False,True,True,True
s130,1117,-2.505,0.566,-2.51891,-0.773191,0.489391,True,True,True,True
s130,1118,-2.08,0.425,-2.43113,-0.773191,0.489391,True,True,True,True
s130,1119,-2.458,0.378,-2.4365,-0.773191,0.489391,True,True,True,True
s130,1120,-2.317,0.141,-2.4126,-0.773191,0.489391,True,True,True,True
s130,1121,-2.458,0.141,-2.42168,-0.773191,0.489391,True,True,True,True
s130,1122,-3.072,0.614,-2.55175,-0.773191,0.489391,True,True,True,True
s130,1123,-2.08,0.992,-2.4574,-0.773191,0.489391,True,True,True,True
s130,1124,-2.08,0,-2.38192,-0.773191,0.489391,True,True,True,True
s130,1125,-3.025,0.945,-2.51053,-0.773191,0.489391,True,True,True,True
s130,1126,-2.505,0.52,-2.50943,-0.773191,0.489391,True,True,True,True
s130,1127,-3.072,0.567,-2.62194,-0.773191,0.489391,True,True,True,True
s130,1128,-2.458,0.614,-2.58915,-0.773191,0.489391,True,True,True,True
s130,1129,-2.647,0.189,-2.60072,-0.773191,0.489391,True,True,True,True
s130,1130,-1.939,0.708,-2.46838,-0.773191,0.489391,False,True,True,True
s130,1131,-2.458,0.519,-2.4663,-0.773191,0.489391,True,True,True,True
s130,1132,-2.08,0.378,-2.38904,-0.773191,0.489391,True,True,True,True
s130,1133,-2.458,0.378,-2.40283,-0.773191,0.489391,True,True,True,True
s130,1134,-1.797,0.661,-2.28167,-0.773191,0.489391,False,True,True,True
s130,1135,-2.175,0.378,-2.26033,-0.773191,0.489391,True,True,True,True
s130,1136,-2.08,0.095,-2.22427,-0.773191,0.489391,True,True,True,True
s130,1137,-2.6,0.52,-2.29941,-0.773191,0.489391,True,True,True,True
s130,1138,-2.317,0.283,-2.30293,-0.773191,0.489391,True,True,True,True
s130,1139,-3.025,0.708,-2.44734,-0.773191,0.489391,True,True,True,True
s130,1140,-2.6,0.425,-2.47788,-0.773191,0.489391,True,True,True,True
s130,1141,-1.939,0.661,-2.3701,-0.773191,0.489391,False,True,True,True
s130,1142,-2.789,0.85,-2.45388,-0.773191,0.489391,True,True,True,True
s130,1143,-2.553,0.236,-2.4737,-0.773191,0.489391,True,True,True,True
s130,1144,-2.08,0.473,-2.39496,-0.773191,0.489391,True,True,True,True
s130,1145,-2.458,0.378,-2.40757,-0.773191,0.489391,True,True,True,True
s130,1146,-2.08,0.378,-2.34206,-0.773191,0.489391,True,True,True,True
s130,1147,-2.458,0.378,-2.36525,-0.773191,0.489391,True,True,True,True
s130,1148,-2.789,0.331,-2.45,-0.773191,0.489391,True,True,True,True
s130,1149,0.0473,2.8363,-1.95054,-0.773191,0.489391,False,False,False,False
s130,1150,-3.072,3.1193,-2.17483,-0.773191,0.489391,True,True,True,False
s130,1151,-2.789,0.283,-2.29766,-0.773191,0.489391,True,True,True,False
s130,1152,-2.647,0.142,-2.36753,-0.773191,0.489391,True,True,True,False
s130,1153,-2.647,0,-2.42342,-0.773191,0.489391,True,True,True,False
s130,1154,-1.986,0.661,-2.33594,-0.773191,0.489391,False,True,True,False
s130,1155,-2.647,0.661,-2.39815,-0.773191,0.489391,True,True,True,False
s130,1156,-2.647,0,-2.44792,-0.773191,0.489391,True,True,True,False
s130,1157,0.0473,2.6943,-1.94888,-0.773191,0.489391,False,False,False,False
s130,1158,0.0473,0,-1.54964,-0.773191,0.489391,False,False,False,False
s130,1159,-2.789,2.8363,-1.79751,-0.773191,0.489391,True,False,False,False
s130,1160,-2.553,0.236,-1.94861,-0.773191,0.489391,True,True,False,False
s130,1161,-2.789,0.236,-2.11669,-0.773191,0.489391,True,True,False,False
s130,1162,-2.458,0.331,-2.18495,-0.773191,0.489391,True,True,True,False
s130,1163,-1.986,0.472,-2.14516,-0.773191,0.489391,False,True,True,False
s130,1164,-2.033,0.047,-2.12273,-0.773191,0.489391,False,True,True,False
s130,1165,-2.647,0.614,-2.22758,-0.773191,0.489391,True,True,True,False
s130,1166,-2.694,0.047,-2.32087,-0.773191,0.489391,True,True,True,True
s130,1167,-2.033,0.661,-2.26329,-0.773191,0.489391,False,True,True,True
s130,1168,-2.694,0.661,-2.34943,-0.773191,0.489391,True,True,True,True
s130,1169,0.0473,2.7413,-1.87009,-0.773191,0.489391,False,False,False,False
s130,1170,-2.033,2.0803,-1.90267,-0.773191,0.489391,False,True,True,False
s130,1171,-2.789,0.756,-2.07994,-0.773191,0.489391,True,True,True,False
s130,1172,-2.694,0.095,-2.20275,-0.773191,0.489391,True,True,True,False
s130,1173,-1.655,1.039,-2.0932,-0.773191,0.489391,False,True,True,False
s130,1174,0,1.655,-1.67456,-0.773191,0.489391,False,False,False,False
s130,1175,-2.222,2.222,-1.78405,-0.773191,0.489391,True,True,True,False
s130,1176,-2.222,0,-1.87164,-0.773191,0.489391,True,True,True,False
s130,1177,-2.222,0,-1.94171,-0.773191,0.489391,True,True,True,False
s130,1178,-2.458,0.236,-2.04497,-0.773191,0.489391,True,True,True,False
s130,1179,-2.222,0.236,-2.08037,-0.773191,0.489391,True,True,True,False
s130,1180,-2.128,0.094,-2.0899,-0.773191,0.489391,True,True,True,False
s130,1181,-2.033,0.095,-2.07852,-0.773191,0.489391,False,True,True,False
s130,1182,-2.742,0.709,-2.21122,-0.773191,0.489391,True,True,True,True
s130,1183,-2.694,0.048,-2.30777,-0.773191,0.489391,True,True,True,True
s130,1184,-1.088,1.606,-2.06382,-0.773191,0.489391,False,False,True,True
s130,1185,-2.742,1.654,-2.19945,-0.773191,0.489391,True,True,True,True
s130,1186,-2.222,0.52,-2.20396,-0.773191,0.489391,True,True,True,True
s130,1187,-2.694,0.472,-2.30197,-0.773191,0.489391,True,True,True,True
s130,1188,-1.939,0.755,-2.22938,-0.773191,0.489391,False,True,True,True
s130,1189,-2.742,0.803,-2.3319,-0.773191,0.489391,True,True,True,True
s130,1190,0.0473,2.7893,-1.85606,-0.773191,0.489391,False,False,False,False
s130,1191,-2.033,2.0803,-1.89145,-0.773191,0.489391,False,True,True,False
s130,1192,0,2.033,-1.51316,-0.773191,0.489391,False,False,False,False
s130,1193,-2.6,2.6,-1.73053,-0.773191,0.489391,True,True,False,False
s130,1194,-2.742,0.142,-1.93282,-0.773191,0.489391,True,True,False,False
s130,1195,-1.088,1.654,-1.76386,-0.773191,0.489391,False,False,True,False
s130,1196,-2.6,1.512,-1.93109,-0.773191,0.489391,True,True,True,False
s130,1197,-2.128,0.472,-1.97047,-0.773191,0.489391,True,True,True,False
s130,1198,-2.08,0.048,-1.99238,-0.773191,0.489391,True,True,True,False
s130,1199,-2.789,0.709,-2.1517,-0.773191,0.489391,True,True,True,False
s130,1200,0.0473,2.8363,-1.7119,-0.773191,0.489391,False,False,False,False
s130,1201,-2.694,2.7413,-1.90832,-0.773191,0.489391,True,True,True,False
s130,1202,-2.742,0.048,-2.07506,-0.773191,0.489391,True,True,True,False
s130,1203,0.0473,2.7893,-1.65058,-0.773191,0.489391,False,False,False,False
s130,1204,-2.789,2.8363,-1.87827,-0.773191,0.489391,True,True,False,False
s130,1205,-3.072,0.283,-2.11701,-0.773191,0.489391,True,True,True,False
s130,1206,-2.553,0.519,-2.20421,-0.773191,0.489391,True,True,True,False
s130,1207,-2.789,0.236,-2.32117,-0.773191,0.489391,True,True,True,False
s130,1208,-2.317,0.472,-2.32034,-0.773191,0.489391,True,True,True,False
s130,1209,-2.694,0.377,-2.39507,-0.773191,0.489391,True,True,True,False
s130,1210,-2.128,0.566,-2.34165,-0.773191,0.489391,True,True,True,False
s130,1211,-1.939,0.189,-2.26112,-0.773191,0.489391,False,True,True,True
s130,1212,-0.2365,1.7025,-1.8562,-0.773191,0.489391,False,False,False,True
s130,1213,-0.2365,0,-1.53226,-0.773191,0.489391,False,False,False,True
s130,1214,-0.2365,0,-1.27311,-0.773191,0.489391,False,False,False,True
s130,1215,-0.2365,0,-1.06579,-0.773191,0.489391,False,False,False,True
s130,1216,-0.2365,0,-0.899929,-0.773191,0.489391,False,False,False,True
s130,1217,0,0.2365,-0.719943,-0.773191,0.489391,False,False,False,False
s130,1218,-0.2365,0.2365,-0.623254,-0.773191,0.489391,False,False,False,False
s130,1219,-3.072,2.8355,-1.113,-0.773191,0.489391,True,False,False,False
s130,1220,0,3.072,-0.890403,-0.773191,0.489391,False,False,False,False
s130,1221,0.2838,0.2838,-0.655562,-0.773191,0.489391,False,False,False,False
s130,1222,0.2838,0,-0.46769,-0.773191,0.489391,False,False,False,False
s130,1223,0.2838,0,-0.317392,-0.773191,0.489391,False,False,False,False
s130,1224,0.9934,0.7096,-0.0552335,-0.773191,0.489391,False,False,False,False
s130,1225,0.9934,0,0.154493,-0.773191,0.489391,False,False,False,False
s130,1226,0.9934,0,0.322275,-0.773191,0.489391,False,False,False,False
s130,1227,0.2838,0.7096,0.31458,-0.773191,0.489391,False,False,False,True
s130,1228,-0.1419,0.4257,0.223284,-0.773191,0.489391,False,False,False,False
s130,1229,-0.1419,0,0.150247,-0.773191,0.489391,False,False,False,False
s130,1230,-0.1419,0,0.0918176,-0.773191,0.489391,False,False,False,False
s130,1231,0.9934,1.1353,0.272134,-0.773191,0.489391,False,False,False,False
s130,1232,0.2838,0.7096,0.274467,-0.773191,0.489391,False,False,False,False
s130,1233,-0.1419,0.4257,0.191194,-0.773191,0.489391,False,False,False,False
s130,1234,0.2838,0.4257,0.209715,-0.773191,0.489391,False,False,False,False
s130,1235,1.513,1.2292,0.470372,-0.773191,0.489391,False,False,False,False
s130,1236,-0.1419,1.6549,0.347918,-0.773191,0.489391,False,False,False,False
s130,1237,-0.1419,0,0.249954,-0.773191,0.489391,False,False,False,False
s130,1238,0.9934,1.1353,0.398643,-0.773191,0.489391,False,False,False,False
s130,1239,-0.1419,1.1353,0.290535,-0.773191,0.489391,False,False,False,False
s130,1240,-0.1419,0,0.204048,-0.773191,0.489391,False,False,False,False
s130,1241,0.9934,1.1353,0.361918,-0.773191,0.489391,False,False,False,False
s130,1242,0.2838,0.7096,0.346295,-0.773191,0.489391,False,False,False,False
s130,1243,1.419,1.1352,0.560836,-0.773191,0.489391,False,False,False,False
s130,1244,1.419,0,0.732468,-0.773191,0.489391,False,True,False,False
s130,1245,-2.033,3.452,0.179375,-0.773191,0.489391,False,False,False,False
s130,1246,0.5204,2.5534,0.24758,-0.773191,0.489391,False,False,False,False
s130,1247,1.419,0.8986,0.481864,-0.773191,0.489391,False,False,True,False
s130,1248,1.419,0,0.669291,-0.773191,0.489391,False,True,True,False
s130,1249,1.419,0,0.819233,-0.773191,0.489391,False,True,True,False
s130,1250,1.513,0.094,0.957986,-0.773191,0.489391,False,True,True,False
s130,1251,1.419,0.094,1.05019,-0.773191,0.489391,False,True,True,False
s130,1252,1.513,0.094,1.14275,-0.773191,0.489391,False,True,True,False
s130,1253,0.5204,0.9926,1.01828,-0.773191,0.489391,False,False,True,True
s130,1254,0.5204,0,0.918705,-0.773191,0.489391,False,False,True,True
s130,1255,0.5204,0,0.839044,-0.773191,0.489391,False,False,True,True
s130,1256,1.419,0.8986,0.955035,-0.773191,0.489391,False,False,True,True
s130,1257,0.5204,0.8986,0.868108,-0.773191,0.489391,False,False,True,True
s130,1258,-0.5204,1.0408,0.590406,-0.773191,0.489391,False,False,False,False
s130,1259,0.5204,1.0408,0.576405,-0.773191,0.489391,False,False,True,False
s130,1260,-0.5204,1.0408,0.357044,-0.773191,0.489391,False,False,False,False
s130,1261,1.419,1.9394,0.569435,-0.773191,0.489391,False,False,False,False
s130,1262,0.5204,0.8986,0.559628,-0.773191,0.489391,False,False,False,False
s130,1263,1.419,0.8986,0.731503,-0.773191,0.489391,False,True,True,False
s130,1264,1.419,0,0.869002,-0.773191,0.489391,False,True,True,False
s130,1265,1.419,0,0.979002,-0.773191,0.489391,False,True,True,False
s130,1266,1.419,0,1.067,-0.773191,0.489391,False,True,True,False
s130,1267,0.5204,0.8986,0.957681,-0.773191,0.489391,False,False,True,False
s130,1268,0.5204,0,0.870225,-0.773191,0.489391,False,False,True,True
s130,1269,0.9461,0.4257,0.8854,-0.773191,0.489391,False,False,True,True
s130,1270,-0.7569,1.703,0.55694,-0.773191,0.489391,False,False,False,False
s130,1271,-0.7569,0,0.294172,-0.773191,0.489391,False,False,False,False
s130,1272,-1.83,1.0731,-0.130662,-0.773191,0.489391,False,False,False,False
s130,1273,2.458,4.288,0.38707,-0.773191,0.489391,True,False,False,False
s130,1274,2.458,0,0.801256,-0.773191,0.489391,True,True,False,False
s130,1275,2.458,0,1.1326,-0.773191,0.489391,True,True,False,False
s130,1276,2.458,0,1.39768,-0.773191,0.489391,True,True,True,False
s130,1277,2.458,0,1.60975,-0.773191,0.489391,True,True,True,False
s130,1278,1.419,1.039,1.5716,-0.773191,0.489391,False,True,True,False
s130,1279,-1.83,3.249,0.891278,-0.773191,0.489391,False,False,False,False
s130,1280,-1.83,0,0.347023,-0.773191,0.489391,False,True,False,False
s130,1281,-0.5204,1.3096,0.173538,-0.773191,0.489391,False,False,False,False
s130,1282,-1.83,1.3096,-0.22717,-0.773191,0.489391,False,True,False,False
s130,1283,0.9461,2.7761,0.00748432,-0.773191,0.489391,False,False,False,False
s130,1284,-0.5204,1.4665,-0.0980925,-0.773191,0.489391,False,False,False,False
s130,1285,0.9461,1.4665,0.110746,-0.773191,0.489391,False,False,False,False
s130,1286,-0.5204,1.4665,-0.0154832,-0.773191,0.489391,False,False,False,False
s130,1287,0.1419,0.6623,0.0159934,-0.773191,0.489391,False,False,False,False
s130,1288,-0.9934,1.1353,-0.185885,-0.773191,0.489391,False,False,False,False
s130,1289,-0.5204,0.473,-0.252788,-0.773191,0.489391,False,False,False,False
s130,1290,-0.9934,0.473,-0.400911,-0.773191,0.489391,False,False,False,False
s130,1291,-0.9934,0,-0.519408,-0.773191,0.489391,False,False,False,False
s130,1292,0.9461,1.9395,-0.226307,-0.773191,0.489391,False,False,False,False
s130,1293,0.9461,0,0.00817459,-0.773191,0.489391,False,False,False,False
s130,1294,-1.83,2.7761,-0.35946,-0.773191,0.489391,False,False,False,False
s130,1295,0.1419,1.9719,-0.259188,-0.773191,0.489391,False,False,False,False
s130,1296,-0.5204,0.6623,-0.311431,-0.773191,0.489391,False,False,False,False
s130,1297,0.9461,1.4665,-0.0599245,-0.773191,0.489391,False,False,False,False
s130,1298,0.1419,0.8042,-0.0195596,-0.773191,0.489391,False,False,False,False
s130,1299,-0.7569,0.8988,-0.167028,-0.773191,0.489391,False,False,False,False
s130,1300,-1.83,1.0731,-0.499622,-0.773191,0.489391,False,False,False,False
s130,1301,-0.9934,0.8366,-0.598378,-0.773191,0.489391,False,False,False,False
s130,1302,-1.83,0.8366,-0.844702,-0.773191,0.489391,False,True,False,False
s130,1303,-0.7569,1.0731,-0.827142,-0.773191,0.489391,False,False,False,False
s130,1304,0.1419,0.8988,-0.633333,-0.773191,0.489391,False,False,False,False
s130,1305,-0.7569,0.8988,-0.658047,-0.773191,0.489391,False,False,False,False
s130,1306,-0.7569,0,-0.677817,-0.773191,0.489391,False,False,False,False
s130,1307,-0.5204,0.2365,-0.646334,-0.773191,0.489391,False,False,False,False
s130,1308,0.2365,0.7569,-0.469767,-0.773191,0.489391,False,False,False,False
s130,1309,-0.7569,0.9934,-0.527194,-0.773191,0.489391,False,False,False,False
s130,1310,0.2365,0.9934,-0.374455,-0.773191,0.489391,False,False,False,False
s130,1311,-0.5204,0.7569,-0.403644,-0.773191,0.489391,False,False,False,False
s130,1312,0.2365,0.7569,-0.275615,-0.773191,0.489391,False,False,False,False
s130,1313,0.2365,0,-0.173192,-0.773191,0.489391,False,False,False,False
s130,1314,0.2365,0,-0.0912537,-0.773191,0.489391,False,False,False,False
s130,1315,-0.8042,1.0407,-0.233843,-0.773191,0.489391,False,False,False,False
s130,1316,-0.8042,0,-0.347914,-0.773191,0.489391,False,False,False,False
s130,1317,0.1419,0.9461,-0.249951,-0.773191,0.489391,False,False,False,False
s130,1318,-0.8042,0.9461,-0.360801,-0.773191,0.489391,False,False,False,False
s130,1319,-0.5204,0.2838,-0.392721,-0.773191,0.489391,False,False,False,False
s130,1320,0.1419,0.6623,-0.285797,-0.773191,0.489391,False,False,False,False
s130,1321,0.1419,0,-0.200257,-0.773191,0.489391,False,False,False,False
s130,1322,-0.8042,0.9461,-0.321046,-0.773191,0.489391,False,False,False,False
s130,1323,-0.8042,0,-0.417677,-0.773191,0.489391,False,False,False,False
s130,1324,-0.5204,0.2838,-0.438221,-0.773191,0.489391,False,False,False,False
s130,1325,1.419,1.9394,-0.0667771,-0.773191,0.489391,False,False,False,False
s130,1326,-0.7569,2.1759,-0.204802,-0.773191,0.489391,False,False,False,False
s130,1327,2.458,3.2149,0.327759,-0.773191,0.489391,True,True,False,False
s130,1328,1.419,1.039,0.546007,-0.773191,0.489391,False,True,False,False
s130,1329,0,1.419,0.436806,-0.773191,0.489391,False,False,False,False
s130,1330,-0.8042,0.8042,0.188604,-0.773191,0.489391,False,False,False,False
s130,1331,-1.277,0.4728,-0.104516,-0.773191,0.489391,False,False,False,False
s130,1332,-1.277,0,-0.339013,-0.773191,0.489391,False,False,False,False
s130,1333,-1.277,0,-0.526611,-0.773191,0.489391,False,False,True,False
s130,1334,-1.277,0,-0.676688,-0.773191,0.489391,False,False,True,False
s130,1335,-0.615,0.662,-0.664351,-0.773191,0.489391,False,False,False,False
s130,1336,1.655,2.27,-0.200481,-0.773191,0.489391,False,False,False,False
s130,1337,-0.615,2.27,-0.283384,-0.773191,0.489391,False,False,False,False
s130,1338,-1.277,0.662,-0.482108,-0.773191,0.489391,False,False,False,False
s130,1339,-0.615,0.662,-0.508686,-0.773191,0.489391,False,False,False,False
s130,1340,-0.615,0,-0.529949,-0.773191,0.489391,False,False,False,False
s130,1341,-0.615,0,-0.546959,-0.773191,0.489391,False,False,False,False
s130,1342,-0.7569,0.1419,-0.588947,-0.773191,0.489391,False,False,False,False
s130,1343,-1.83,1.0731,-0.837158,-0.773191,0.489391,False,False,False,False
s130,1344,1.655,3.485,-0.338726,-0.773191,0.489391,False,False,False,False
s130,1345,-0.615,2.27,-0.393981,-0.773191,0.489391,False,False,False,False
s130,1346,-0.615,0,-0.438185,-0.773191,0.489391,False,False,False,False
s130,1347,-0.615,0,-0.473548,-0.773191,0.489391,False,False,False,False
s130,1348,-0.615,0,-0.501838,-0.773191,0.489391,False,False,False,False
s130,1349,0,0.615,-0.401471,-0.773191,0.489391,False,False,False,False
s130,1350,0,0,-0.321176,-0.773191,0.489391,False,False,False,False
s130,1351,1.655,1.655,0.0740588,-0.773191,0.489391,False,False,False,False
s130,1352,0,1.655,0.059247,-0.773191,0.489391,False,False,False,False
s130,1353,1.655,1.655,0.378398,-0.773191,0.489391,False,True,False,False
s130,1354,-1.229,2.884,0.0569181,-0.773191,0.489391,False,False,False,False
s130,1355,0.0473,1.2763,0.0549945,-0.773191,0.489391,False,False,False,False
s130,1356,1.655,1.6077,0.374996,-0.773191,0.489391,False,False,False,False
s130,1357,-1.371,3.026,0.0257965,-0.773191,0.489391,False,False,False,False
s130,1358,0.0473,1.4183,0.0300972,-0.773191,0.489391,False,False,False,False
s130,1359,0,0.0473,0.0240777,-0.773191,0.489391,False,False,False,False
s130,1360,0,0,0.0192622,-0.773191,0.489391,False,False,False,False
s130,1361,0.0473,0.0473,0.0248698,-0.773191,0.489391,False,False,False,False
s130,1362,0.0473,0,0.0293558,-0.773191,0.489391,False,False,False,False
s130,1363,0.2838,0.2365,0.0802446,-0.773191,0.489391,False,False,False,False
s130,1364,1.419,1.1352,0.347996,-0.773191,0.489391,False,False,False,False
s130,1365,-0.615,2.034,0.155397,-0.773191,0.489391,False,False,False,False
s130,1366,0,0.615,0.124317,-0.773191,0.489391,False,False,False,False
s130,1367,0,0,0.0994538,-0.773191,0.489391,False,False,False,False
s130,1368,0,0,0.079563,-0.773191,0.489391,False,False,False,False
s130,1369,0,0,0.0636504,-0.773191,0.489391,False,False,False,False
s130,1370,0,0,0.0509203,-0.773191,0.489391,False,False,False,False
s130,1371,-0.8042,0.8042,-0.120104,-0.773191,0.489391,False,False,False,False
s130,1372,-0.8042,0,-0.256923,-0.773191,0.489391,False,False,False,False
s130,1373,-0.8042,0,-0.366378,-0.773191,0.489391,False,False,False,False
s130,1374,0,0.8042,-0.293103,-0.773191,0.489391,False,False,False,False
s130,1375,-0.8042,0.8042,-0.395322,-0.773191,0.489391,False,False,True,False
s130,1376,-0.8042,0,-0.477098,-0.773191,0.489391,False,False,True,False
s130,1377,-0.8988,0.0946,-0.561438,-0.773191,0.489391,False,False,True,False
s130,1378,-0.8988,0,-0.628911,-0.773191,0.489391,False,False,True,False
s130,1379,-0.8988,0,-0.682888,-0.773191,0.489391,False,False,True,False
s130,1380,-0.8042,0.0946,-0.707151,-0.773191,0.489391,False,False,True,False
s130,1381,-0.8988,0.0946,-0.745481,-0.773191,0.489391,False,False,True,False
s130,1382,-0.8042,0.0946,-0.757224,-0.773191,0.489391,False,False,True,True
s130,1383,-0.8988,0.0946,-0.78554,-0.773191,0.489391,False,False,True,True
s130,1384,-0.8042,0.0946,-0.789272,-0.773191,0.489391,False,False,True,True
s130,1385,-0.8988,0.0946,-0.811177,-0.773191,0.489391,False,False,True,True
s130,1386,-0.8042,0.0946,-0.809782,-0.773191,0.489391,False,False,True,True
s130,1387,0.6623,1.4665,-0.515365,-0.773191,0.489391,False,False,False,False
s130,1388,0.6623,0,-0.279832,-0.773191,0.489391,False,False,False,False
s130,1389,0.5204,0.1419,-0.119786,-0.773191,0.489391,False,False,False,False
s130,1390,0.6623,0.1419,0.0366313,-0.773191,0.489391,False,False,True,False
s130,1391,0.5204,0.1419,0.133385,-0.773191,0.489391,False,False,True,False
s130,1392,0.5204,0,0.210788,-0.773191,0.489391,False,False,True,False
s130,1393,0.6623,0.1419,0.30109,-0.773191,0.489391,False,False,True,False
s130,1394,0.6623,0,0.373332,-0.773191,0.489391,False,False,True,True
s130,1395,0.5204,0.1419,0.402746,-0.773191,0.489391,False,False,True,True
s130,1396,0.3784,0.142,0.397877,-0.773191,0.489391,False,False,False,True
s130,1397,0.6623,0.2839,0.450761,-0.773191,0.489391,False,False,True,True
s130,1398,0.5204,0.1419,0.464689,-0.773191,0.489391,False,False,True,True
s130,1399,0.5204,0,0.475831,-0.773191,0.489391,False,False,True,True
s130,1400,0.2838,0.2366,0.437425,-0.773191,0.489391,False,False,False,True
s130,1401,0.5204,0.2366,0.45402,-0.773191,0.489391,False,False,True,True
s130,1402,0.5204,0,0.467296,-0.773191,0.489391,False,False,True,True
s130,1403,0.3784,0.142,0.449517,-0.773191,0.489391,False,False,False,True
s130,1404,-0.3311,0.7095,0.293393,-0.773191,0.489391,False,False,False,False
s130,1405,0.3784,0.7095,0.310395,-0.773191,0.489391,False,False,False,False
s130,1406,-0.3311,0.7095,0.182096,-0.773191,0.489391,False,False,False,False
s130,1407,0.3784,0.7095,0.221357,-0.773191,0.489391,False,False,False,False
s130,1408,0.3784,0,0.252765,-0.773191,0.489391,False,False,False,False
s130,1409,-1.466,1.8444,-0.0909877,-0.773191,0.489391,False,False,False,False
s130,1410,0.3784,1.8444,0.0028898,-0.773191,0.489391,False,False,False,False
s130,1411,0.9461,0.5677,0.191532,-0.773191,0.489391,False,False,False,False
s130,1412,-0.9461,1.8922,-0.0359945,-0.773191,0.489391,False,False,False,False
s130,1413,-0.9461,0,-0.218016,-0.773191,0.489391,False,False,False,False
s130,1414,0,0.9461,-0.174412,-0.773191,0.489391,False,False,False,False
s130,1415,-0.9461,0.9461,-0.32875,-0.773191,0.489391,False,False,False,False
s130,1416,-0.3311,0.615,-0.32922,-0.773191,0.489391,False,False,False,False
s130,1417,-0.9461,0.615,-0.452596,-0.773191,0.489391,False,False,False,False
s130,1418,-0.3311,0.615,-0.428297,-0.773191,0.489391,False,False,False,False
s130,1419,-0.9461,0.615,-0.531857,-0.773191,0.489391,False,False,False,False
s130,1420,0,0.9461,-0.425486,-0.773191,0.489391,False,False,False,False
s130,1421,0,0,-0.340389,-0.773191,0.489391,False,False,False,False
s130,1422,-0.9461,0.9461,-0.461531,-0.773191,0.489391,False,False,False,False
s130,1423,0,0.9461,-0.369225,-0.773191,0.489391,False,False,False,False
s130,1424,0,0,-0.29538,-0.773191,0.489391,False,False,False,False
s130,1425,0,0,-0.236304,-0.773191,0.489391,False,False,False,False
s130,1426,0,0,-0.189043,-0.773191,0.489391,False,False,False,False
s130,1427,0,0,-0.151234,-0.773191,0.489391,False,False,False,False
s130,1428,-0.9461,0.9461,-0.310208,-0.773191,0.489391,False,False,False,False
s130,1429,0.3784,1.3245,-0.172486,-0.773191,0.489391,False,False,False,False
s130,1430,0,0.3784,-0.137989,-0.773191,0.489391,False,False,False,False
s130,1431,0,0,-0.110391,-0.773191,0.489391,False,False,False,False
s130,1432,0.2365,0.2365,-0.0410129,-0.773191,0.489391,False,False,False,False
s130,1433,-1.797,2.0335,-0.39221,-0.773191,0.489391,False,False,False,False
s130,1434,0,1.797,-0.313768,-0.773191,0.489391,False,False,False,False
s130,1435,-0.3311,0.3311,-0.317235,-0.773191,0.489391,False,False,False,False
s130,1436,-0.9461,0.615,-0.443008,-0.773191,0.489391,False,False,False,False
s130,1437,0,0.9461,-0.354406,-0.773191,0.489391,False,False,False,False
s130,1438,0.3784,0.3784,-0.207845,-0.773191,0.489391,False,False,False,False
s130,1439,0,0.3784,-0.166276,-0.773191,0.489391,False,False,False,False
s130,1440,0,0,-0.133021,-0.773191,0.489391,False,False,False,False
s130,1441,0,0,-0.106417,-0.773191,0.489391,False,False,False,False
s130,1442,0,0,-0.0851333,-0.773191,0.489391,False,False,False,False
s130,1443,-0.3311,0.3311,-0.134327,-0.773191,0.489391,False,False,False,False
s130,1444,0,0.3311,-0.107461,-0.773191,0.489391,False,False,False,False
s130,1445,-0.4258,0.4258,-0.171129,-0.773191,0.489391,False,False,False,False
s130,1446,-0.4258,0,-0.222063,-0.773191,0.489391,False,False,False,False
s130,1447,-0.4258,0,-0.262811,-0.773191,0.489391,False,False,False,False
s130,1448,-0.4258,0,-0.295408,-0.773191,0.489391,False,False,False,False
s130,1449,-0.4258,0,-0.321487,-0.773191,0.489391,False,False,False,False
s130,1450,-0.4258,0,-0.342349,-0.773191,0.489391,False,False,False,False
s130,1451,0,0.4258,-0.27388,-0.773191,0.489391,False,False,False,False
s130,1452,-0.0473,0.0473,-0.228564,-0.773191,0.489391,False,False,False,False
s130,1453,-0.8515,0.8042,-0.353151,-0.773191,0.489391,False,False,False,False
s130,1454,-0.0473,0.8042,-0.291981,-0.773191,0.489391,False,False,False,False
s130,1455,-0.0473,0,-0.243045,-0.773191,0.489391,False,False,False,False
s130,1456,-0.0946,0.0473,-0.213356,-0.773191,0.489391,False,False,False,False
s130,1457,-0.0473,0.0473,-0.180145,-0.773191,0.489391,False,False,False,False
s130,1458,-0.0946,0.0473,-0.163036,-0.773191,0.489391,False,False,False,False
s130,1459,-0.7096,0.615,-0.272348,-0.773191,0.489391,False,False,False,False
s130,1460,-0.0473,0.6623,-0.227339,-0.773191,0.489391,False,False,False,False
s130,1461,-0.8042,0.7569,-0.342711,-0.773191,0.489391,False,False,False,False
s130,1462,-0.8042,0,-0.435009,-0.773191,0.489391,False,False,False,False
s130,1463,-0.8042,0,-0.508847,-0.773191,0.489391,False,False,False,False
s130,1464,-1.229,0.4248,-0.652878,-0.773191,0.489391,False,False,True,False
s130,1465,-1.229,0,-0.768102,-0.773191,0.489391,False,False,True,False
s130,1466,-0.8042,0.4248,-0.775322,-0.773191,0.489391,False,False,True,False
s130,1467,-0.0473,0.7569,-0.629717,-0.773191,0.489391,False,False,False,False
s130,1468,-1.229,1.1817,-0.749574,-0.773191,0.489391,False,False,True,False
s130,1469,-0.0473,1.1817,-0.609119,-0.773191,0.489391,False,False,False,False
s130,1470,-0.8042,0.7569,-0.648135,-0.773191,0.489391,False,False,False,False
s130,1471,-0.1419,0.6623,-0.546888,-0.773191,0.489391,False,False,False,False
s130,1472,-0.1419,0,-0.465891,-0.773191,0.489391,False,False,False,False
s130,1473,0,0.1419,-0.372712,-0.773191,0.489391,False,False,False,False
s130,1474,0,0,-0.29817,-0.773191,0.489391,False,False,False,False
s130,1475,-1.088,1.088,-0.456136,-0.773191,0.489391,False,False,False,False
s130,1476,0,1.088,-0.364909,-0.773191,0.489391,False,False,False,False
s130,1477,-0.7569,0.7569,-0.443307,-0.773191,0.489391,False,False,False,False
s130,1478,-1.277,0.5201,-0.610046,-0.773191,0.489391,False,False,False,False
s130,1479,-1.277,0,-0.743436,-0.773191,0.489391,False,False,False,False
s130,1480,-0.7569,0.5201,-0.746129,-0.773191,0.489391,False,False,False,False
s130,1481,-1.088,0.3311,-0.814503,-0.773191,0.489391,False,False,False,False
s130,1482,-1.088,0,-0.869203,-0.773191,0.489391,False,False,True,False
s130,1483,-1.088,0,-0.912962,-0.773191,0.489391,False,False,True,False
s130,1484,-1.088,0,-0.94797,-0.773191,0.489391,False,False,True,True
s130,1485,-0.8988,0.1892,-0.938136,-0.773191,0.489391,False,False,True,True
s130,1486,-0.8988,0,-0.930269,-0.773191,0.489391,False,False,True,True
s130,1487,-0.9934,0.0946,-0.942895,-0.773191,0.489391,False,False,True,True
s130,1488,-0.8988,0.0946,-0.934076,-0.773191,0.489391,False,False,True,True
s130,1489,-0.8988,0,-0.927021,-0.773191,0.489391,False,False,True,True
s130,1490,-0.8988,0,-0.921377,-0.773191,0.489391,False,False,True,True
s130,1491,-0.8988,0,-0.916861,-0.773191,0.489391,False,False,True,True
s130,1492,-0.9934,0.0946,-0.932169,-0.773191,0.489391,False,False,True,True
s130,1493,-1.277,0.2836,-1.00114,-0.773191,0.489391,False,False,True,True
s130,1494,-0.8988,0.3782,-0.980668,-0.773191,0.489391,False,False,True,True
s130,1495,0,0.8988,-0.784535,-0.773191,0.489391,False,False,False,False
s130,1496,-0.8988,0.8988,-0.807388,-0.773191,0.489391,False,False,True,False
s130,1497,-0.8988,0,-0.82567,-0.773191,0.489391,False,False,True,False
s130,1498,-1.277,0.3782,-0.915936,-0.773191,0.489391,False,False,True,False
s130,1499,-0.7709,0.5061,-0.886929,-0.773191,0.489391,False,False,False,False
s130,1500,-0.7709,0,-0.863723,-0.773191,0.489391,False,False,False,False
s130,1501,-0.7709,0,-0.845158,-0.773191,0.489391,False,False,False,False
s130,1502,-0.7569,0.014,-0.827507,-0.773191,0.489391,False,False,False,False
s130,1503,-0.7709,0.014,-0.816185,-0.773191,0.489391,False,False,False,True
s130,1504,-0.0946,0.6763,-0.671868,-0.773191,0.489391,False,False,False,False
s130,1505,-0.0946,0,-0.556415,-0.773191,0.489391,False,False,False,False
s130,1506,-0.7709,0.6763,-0.599312,-0.773191,0.489391,False,False,False,False
s130,1507,0.6623,1.4332,-0.346989,-0.773191,0.489391,False,False,False,False
s130,1508,-0.0946,0.7569,-0.296512,-0.773191,0.489391,False,False,False,False
s130,1509,-0.1892,0.0946,-0.275049,-0.773191,0.489391,False,False,False,False
s130,1510,0.6623,0.8515,-0.0875794,-0.773191,0.489391,False,False,False,False
s130,1511,-0.8515,1.5138,-0.240363,-0.773191,0.489391,False,False,False,False
s130,1512,-0.9461,0.0946,-0.381511,-0.773191,0.489391,False,False,False,False
s130,1513,0.6623,1.6084,-0.172749,-0.773191,0.489391,False,False,False,False
s130,1514,-0.0946,0.7569,-0.157119,-0.773191,0.489391,False,False,False,False
s130,1515,0.6623,0.7569,0.00676487,-0.773191,0.489391,False,False,False,False
s130,1516,-0.8515,1.5138,-0.164888,-0.773191,0.489391,False,False,False,False
s130,1517,-0.0946,0.7569,-0.15083,-0.773191,0.489391,False,False,False,False
s130,1518,0.6623,0.7569,0.0117956,-0.773191,0.489391,False,False,False,False
s130,1519,0.3784,0.2839,0.0851165,-0.773191,0.489391,False,False,False,False
s130,1520,-0.0946,0.473,0.0491732,-0.773191,0.489391,False,False,False,False
s130,1521,-0.7709,0.6763,-0.114841,-0.773191,0.489391,False,False,False,False
s130,1522,0,0.7709,-0.0918732,-0.773191,0.489391,False,False,False,False
s130,1523,-0.1892,0.1892,-0.111339,-0.773191,0.489391,False,False,False,False
s130,1524,-1.088,0.8988,-0.306671,-0.773191,0.489391,False,False,False,False
s130,1525,-1.088,0,-0.462937,-0.773191,0.489391,False,False,False,False
s130,1526,-1.088,0,-0.587949,-0.773191,0.489391,False,False,False,False
s130,1527,-1.088,0,-0.687959,-0.773191,0.489391,False,False,True,False
s130,1528,-0.0946,0.9934,-0.569288,-0.773191,0.489391,False,False,False,False
s130,1529,-0.8988,0.8042,-0.63519,-0.773191,0.489391,False,False,True,False
s130,1530,-0.9934,0.0946,-0.706832,-0.773191,0.489391,False,False,True,False
s130,1531,-0.0946,0.8988,-0.584386,-0.773191,0.489391,False,False,False,False
s130,1532,-0.5677,0.4731,-0.581049,-0.773191,0.489391,False,False,False,False
s130,1533,-0.9934,0.4257,-0.663519,-0.773191,0.489391,False,False,False,False
s130,1534,-0.9934,0,-0.729495,-0.773191,0.489391,False,False,False,False
s130,1535,-0.9934,0,-0.782276,-0.773191,0.489391,False,False,False,False
s130,1536,-0.9934,0,-0.824501,-0.773191,0.489391,False,False,True,False
s130,1537,-0.5677,0.4257,-0.773141,-0.773191,0.489391,False,False,False,False
s130,1538,-0.9934,0.4257,-0.817193,-0.773191,0.489391,False,False,True,False
s130,1539,-0.9934,0,-0.852434,-0.773191,0.489391,False,False,True,True
s130,1540,-0.9934,0,-0.880627,-0.773191,0.489391,False,False,True,True
s130,1541,-0.9934,0,-0.903182,-0.773191,0.489391,False,False,True,True
s130,1542,0,0.9934,-0.722545,-0.773191,0.489391,False,False,False,False
s130,1543,0,0,-0.578036,-0.773191,0.489391,False,False,False,False
s130,1544,0,0,-0.462429,-0.773191,0.489391,False,False,False,False
s130,1545,0,0,-0.369943,-0.773191,0.489391,False,False,False,False
s130,1546,0,0,-0.295955,-0.773191,0.489391,False,False,False,False
s130,1547,-0.5677,0.5677,-0.350304,-0.773191,0.489391,False,False,False,False
s130,1548,0,0.5677,-0.280243,-0.773191,0.489391,False,False,False,False
s130,1549,-0.8515,0.8515,-0.394494,-0.773191,0.489391,False,False,False,False
s130,1550,-0.5677,0.2838,-0.429135,-0.773191,0.489391,False,False,False,False
s130,1551,-0.1419,0.4258,-0.371688,-0.773191,0.489391,False,False,False,False
s130,1552,0,0.1419,-0.297351,-0.773191,0.489391,False,False,False,False
s130,1553,0,0,-0.237881,-0.773191,0.489391,False,False,False,False
s130,1554,-0.1419,0.1419,-0.218684,-0.773191,0.489391,False,False,False,False
s130,1555,-0.1419,0,-0.203328,-0.773191,0.489391,False,False,False,False
s130,1556,0,0.1419,-0.162662,-0.773191,0.489391,False,False,False,False
s130,1557,-0.1419,0.1419,-0.15851,-0.773191,0.489391,False,False,False,False
s130,1558,-0.8515,0.7096,-0.297108,-0.773191,0.489391,False,False,False,False
s130,1559,-0.8515,0,-0.407986,-0.773191,0.489391,False,False,False,False
s130,1560,-0.8515,0,-0.496689,-0.773191,0.489391,False,False,False,False
s130,1561,,,-0.496689,-0.773191,0.489391,False,False,False,False
s130,1562,0,,-0.397351,-0.773191,0.489391,False,False,False,False
s130,1563,-0.1419,0.1419,-0.346261,-0.773191,0.489391,False,False,False,False
s130,1564,,,-0.346261,-0.773191,0.489391,False,False,False,False
s130,1565,-0.9934,,-0.475689,-0.773191,0.489391,False,False,False,False
s130,1566,,,-0.475689,-0.773191,0.489391,False,False,False,False
s060,0,-1.7264,,0.6882,-3.29954,5.88324,False,False,False,False
s060,1,0.8073,2.5337,0.71202,-3.29954,5.88324,False,False,False,False
s060,2,23.8245,23.0172,5.33452,-3.29954,5.88324,True,False,False,False
s060,3,24.3791,0.5546,9.14343,-3.29954,5.88324,True,True,False,False
s060,4,-12.2945,36.6736,4.85585,-3.29954,5.88324,False,False,False,False
s060,5,28.2955,40.59,9.54378,-3.29954,5.88324,True,True,False,False
s060,6,2.1109,26.1846,8.0572,-3.29954,5.88324,False,False,False,False
s060,7,29.1309,27.02,12.2719,-3.29954,5.88324,True,True,False,False
s060,8,26.9791,2.1518,15.2134,-3.29954,5.88324,True,True,False,False
s060,9,28.3118,1.3327,17.8331,-3.29954,5.88324,True,True,True,False
s060,10,27.8373,0.4745,19.8339,-3.29954,5.88324,True,True,True,False
s060,11,25.0836,2.7537,20.8838,-3.29954,5.88324,True,True,True,False
s060,12,22.6227,2.4609,21.2316,-3.29954,5.88324,True,True,True,True
s060,13,-1.1927,23.8154,16.7468,-3.29954,5.88324,False,False,False,False
s060,14,17.6382,18.8309,16.925,-3.29954,5.88324,True,True,True,False
s060,15,20.4209,2.7827,17.6242,-3.29954,5.88324,True,True,True,False
s060,16,-8.1182,28.5391,12.4757,-3.29954,5.88324,False,False,False,False
s060,17,-5.5327,2.5855,8.87404,-3.29954,5.88324,False,False,False,False
s060,18,0.4836,6.0163,7.19596,-3.29954,5.88324,False,False,False,False
s060,19,22.4736,21.99,10.2515,-3.29954,5.88324,True,False,False,False
s060,20,3.97,18.5036,8.99519,-3.29954,5.88324,False,False,False,False
s060,21,0.12,3.85,7.22015,-3.29954,5.88324,False,False,False,False
s060,22,-3.6564,3.7764,5.04484,-3.29954,5.88324,False,False,False,False
s060,23,18.3936,22.05,7.71459,-3.29954,5.88324,True,False,False,False
s060,24,15.3536,3.04,9.24239,-3.29954,5.88324,True,True,False,False
s060,25,2.9964,12.3572,7.99319,-3.29954,5.88324,False,False,False,False
s060,26,-6.9155,9.9119,5.01146,-3.29954,5.88324,False,False,False,False
s060,27,17.3873,24.3028,7.48662,-3.29954,5.88324,True,False,False,False
s060,28,13.1136,4.2737,8.61202,-3.29954,5.88324,False,True,False,False
s060,29,14.7073,1.5937,9.83108,-3.29954,5.88324,False,True,False,False
s060,30,29.5109,14.8036,13.767,-3.29954,5.88324,True,True,True,False
s060,31,13.1482,16.3627,13.6433,-3.29954,5.88324,False,True,True,False
s060,32,-3.3864,16.5346,10.2373,-3.29954,5.88324,False,False,False,False
s060,33,4.4036,7.79,9.07059,-3.29954,5.88324,False,False,False,False
s060,34,17.5473,13.1437,10.7659,-3.29954,5.88324,True,False,False,False
s060,35,-10.1245,27.6718,6.58785,-3.29954,5.88324,False,False,False,False
s060,36,13.9782,24.1027,8.06592,-3.29954,5.88324,False,True,False,False
s060,37,13.4891,0.4891,9.15055,-3.29954,5.88324,False,True,False,False
s060,38,24.9027,11.4136,12.301,-3.29954,5.88324,True,True,True,False
s060,39,23.4736,1.4291,14.5355,-3.29954,5.88324,True,True,True,False
s060,40,15.1509,8.3227,14.6586,-3.29954,5.88324,True,True,True,False
s060,41,-2.6636,17.8145,11.1941,-3.29954,5.88324,False,False,False,False
s060,42,-2.4636,0.2,8.4626,-3.29954,5.88324,False,False,False,False
s060,43,19.3136,21.7772,10.6328,-3.29954,5.88324,True,False,False,False
s060,44,8.3045,11.0091,10.1671,-3.29954,5.88324,False,False,False,False
s060,45,5.03,3.2745,9.13971,-3.29954,5.88324,False,False,False,False
s060,46,12.0945,7.0645,9.73067,-3.29954,5.88324,False,False,False,False
s060,47,23.1373,11.0428,12.412,-3.29954,5.88324,True,True,True,False
s060,48,25.0382,1.9009,14.9372,-3.29954,5.88324,True,True,True,False
s060,49,23.3109,1.7273,16.612,-3.29954,5.88324,True,True,True,False
s060,50,23.9555,0.6446,18.0807,-3.29954,5.88324,True,True,True,True
s060,51,21.39,2.5655,18.7425,-3.29954,5.88324,True,True,True,True
s060,52,1.5882,19.8018,15.3117,-3.29954,5.88324,False,False,False,True
s060,53,0.6782,0.91,12.385,-3.29954,5.88324,False,False,False,False
s060,54,20.0455,19.3673,13.9171,-3.29954,5.88324,True,False,False,False
s060,55,21.8964,1.8509,15.5129,-3.29954,5.88324,True,True,False,False
s060,56,22.8809,0.9845,16.9865,-3.29954,5.88324,True,True,False,False
s060,57,2.5209,20.36,14.0934,-3.29954,5.88324,False,False,False,False
s060,58,15.9527,13.4318,14.4653,-3.29954,5.88324,True,True,True,False
s060,59,-1.6545,17.6072,11.2413,-3.29954,5.88324,False,False,False,False
s060,60,6.7391,8.3936,10.3409,-3.29954,5.88324,False,False,False,False
s060,61,13.8118,7.0727,11.0351,-3.29954,5.88324,False,False,False,False
s060,62,18.3209,4.5091,12.4922,-3.29954,5.88324,True,True,True,False
s060,63,16.4582,1.8627,13.2854,-3.29954,5.88324,True,True,True,False
s060,64,9.05,7.4082,12.4383,-3.29954,5.88324,False,False,True,False
s060,65,18.8309,9.7809,13.7168,-3.29954,5.88324,True,True,True,False
s060,66,18.2809,0.55,14.6297,-3.29954,5.88324,True,True,True,False
s060,67,19.8,1.5191,15.6637,-3.29954,5.88324,True,True,True,True
s060,68,11.6818,8.1182,14.8673,-3.29954,5.88324,False,True,True,True
s060,69,22.4345,10.7527,16.3808,-3.29954,5.88324,True,True,True,True
s060,70,17.1627,5.2718,16.5372,-3.29954,5.88324,True,True,True,True
s060,71,25.4573,8.2946,18.3212,-3.29954,5.88324,True,True,True,True
s060,72,20.5509,4.9064,18.7671,-3.29954,5.88324,True,True,True,True
s060,73,18.6827,1.8682,18.7502,-3.29954,5.88324,True,True,True,True
s060,74,25.4427,6.76,20.0887,-3.29954,5.88324,True,True,True,True
s060,75,17.6373,7.8054,19.5984,-3.29954,5.88324,True,True,True,True
s060,76,24.3509,6.7136,20.5489,-3.29954,5.88324,True,True,True,True
s060,77,12.0627,12.2882,18.8517,-3.29954,5.88324,False,True,True,True
s060,78,9.5227,2.54,16.9859,-3.29954,5.88324,False,False,True,True
s060,79,22.9245,13.4018,18.1736,-3.29954,5.88324,True,True,True,True
s060,80,9.3336,13.5909,16.4056,-3.29954,5.88324,False,False,True,True
s060,81,12.5391,3.2055,15.6323,-3.29954,5.88324,False,True,True,True
s060,82,12.4309,0.1082,14.992,-3.29954,5.88324,False,True,True,True
s060,83,28.6355,16.2046,17.7207,-3.29954,5.88324,True,True,True,True
s060,84,8.6927,19.9428,15.9151,-3.29954,5.88324,False,False,True,True
s060,85,-5.3055,13.9982,11.671,-3.29954,5.88324,False,False,False,False
s060,86,-8.7491,3.4436,7.58698,-3.29954,5.88324,False,False,False,False
s060,87,26.6582,35.4073,11.4012,-3.29954,5.88324,True,False,False,False
s060,88,28.7064,2.0482,14.8623,-3.29954,5.88324,True,True,False,False
s060,89,-8.2255,36.9319,10.2447,-3.29954,5.88324,False,False,False,False
s060,90,28.1191,36.3446,13.8196,-3.29954,5.88324,True,True,False,False
s060,91,8.6673,19.4518,12.7891,-3.29954,5.88324,False,False,True,False
s060,92,3.8509,4.8164,11.0015,-3.29954,5.88324,False,False,False,False
s060,93,-15.1964,19.0473,5.76191,-3.29954,5.88324,True,False,False,False
s060,94,-6.4836,8.7128,3.3128,-3.29954,5.88324,False,False,False,False
s060,95,-11.2182,4.7346,0.406603,-3.29954,5.88324,False,True,False,False
s060,96,11.5591,22.7773,2.6371,-3.29954,5.88324,False,False,False,False
s060,97,28.4227,16.8636,7.79422,-3.29954,5.88324,True,True,False,False
s060,98,24.4727,3.95,11.1299,-3.29954,5.88324,True,True,False,False
s060,99,5.1345,19.3382,9.93083,-3.29954,5.88324,False,False,False,False
s060,100,24.8064,19.6719,12.9059,-3.29954,5.88324,True,True,True,False
s060,101,27.6182,2.8118,15.8484,-3.29954,5.88324,True,True,True,False
s060,102,20.5864,7.0318,16.796,-3.29954,5.88324,True,True,True,False
s060,103,27.6655,7.0791,18.9699,-3.29954,5.88324,True,True,True,True
s060,104,29.0264,1.3609,20.9812,-3.29954,5.88324,True,True,True,True
s060,105,27.7364,1.29,22.3322,-3.29954,5.88324,True,True,True,True
s060,106,24.8282,2.9082,22.8314,-3.29954,5.88324,True,True,True,True
s060,107,24.6118,0.2164,23.1875,-3.29954,5.88324,True,True,True,True
s060,108,27.7155,3.1037,24.0931,-3.29954,5.88324,True,True,True,True
s060,109,23.7864,3.9291,24.0318,-3.29954,5.88324,True,True,True,True
s060,110,20.6,3.1864,23.3454,-3.29954,5.88324,True,True,True,True
s060,111,29.7509,9.1509,24.6265,-3.29954,5.88324,True,True,True,True
s060,112,23.9945,5.7564,24.5001,-3.29954,5.88324,True,True,True,True
s060,113,16.7909,7.2036,22.9583,-3.29954,5.88324,True,True,True,True
s060,114,23.7136,6.9227,23.1093,-3.29954,5.88324,True,True,True,True
s060,115,18.5764,5.1372,22.2027,-3.29954,5.88324,True,True,True,True
s060,116,24.2918,5.7154,22.6206,-3.29954,5.88324,True,True,True,True
s060,117,25.5127,1.2209,23.199,-3.29954,5.88324,True,True,True,True
s060,118,26.7064,1.1937,23.9005,-3.29954,5.88324,True,True,True,True
s060,119,8.9136,17.7928,20.9031,-3.29954,5.88324,False,False,True,True
s060,120,8.9418,0.0282,18.5108,-3.29954,5.88324,False,False,True,True
s060,121,6.9918,1.95,16.207,-3.29954,5.88324,False,False,True,True
s060,122,16.6036,9.6118,16.2863,-3.29954,5.88324,True,False,True,True
s060,123,16.5255,0.0781,16.3342,-3.29954,5.88324,True,True,True,True
s060,124,29.1918,12.6663,18.9057,-3.29954,5.88324,True,True,True,True
s060,125,10.08,19.1118,17.1406,-3.29954,5.88324,False,False,True,True
s060,126,3.9055,6.1745,14.4935,-3.29954,5.88324,False,False,False,True
s060,127,26.6527,22.7472,16.9254,-3.29954,5.88324,True,False,True,True
s060,128,17.6864,8.9663,17.0776,-3.29954,5.88324,True,True,True,True
s060,129,15.0182,2.6682,16.6657,-3.29954,5.88324,False,True,True,True
s060,130,15.7936,0.7754,16.4913,-3.29954,5.88324,True,True,True,True
s060,131,6.6636,9.13,14.5257,-3.29954,5.88324,False,False,True,True
s060,132,10.2109,3.5473,13.6628,-3.29954,5.88324,False,False,True,True
s060,133,-19.1518,29.3627,7.09986,-3.29954,5.88324,True,False,False,False
s060,134,22.2164,41.3682,10.1232,-3.29954,5.88324,True,False,True,False
s060,135,25.8364,3.62,13.2658,-3.29954,5.88324,True,True,True,False
s060,136,25.9591,0.1227,15.8045,-3.29954,5.88324,True,True,True,False
s060,137,23.8864,2.0727,17.4209,-3.29954,5.88324,True,True,True,False
s060,138,23.0364,0.85,18.544,-3.29954,5.88324,True,True,True,False
s060,139,22.7418,0.2946,19.3835,-3.29954,5.88324,True,True,True,False
s060,140,-9.2836,32.0254,13.6501,-3.29954,5.88324,False,False,False,False
s060,141,-17.9336,8.65,7.33337,-3.29954,5.88324,True,True,False,False
s060,142,23.5609,41.4945,10.5789,-3.29954,5.88324,True,False,False,False
s060,143,-8.3127,31.8736,6.80056,-3.29954,5.88324,False,True,False,False
s060,144,5.3382,13.6509,6.50809,-3.29954,5.88324,False,False,False,False
s060,145,23.8745,18.5363,9.98137,-3.29954,5.88324,True,False,False,False
s060,146,27.3427,3.4682,13.4536,-3.29954,5.88324,True,True,False,False
s060,147,17.3018,10.0409,14.2233,-3.29954,5.88324,True,True,False,False
s060,148,26.2655,8.9637,16.6317,-3.29954,5.88324,True,True,True,False
s060,149,-21.2055,47.471,9.06427,-3.29954,5.88324,True,False,False,False
s060,150,-7.5382,13.6673,5.74378,-3.29954,5.88324,False,False,False,False
s060,151,4.3109,11.8491,5.4572,-3.29954,5.88324,False,False,False,False
s060,152,29.1164,24.8055,10.189,-3.29954,5.88324,True,False,False,False
s060,153,15.8609,13.2555,11.3234,-3.29954,5.88324,True,True,False,False
s060,154,26.7745,10.9136,14.4136,-3.29954,5.88324,True,True,False,False
s060,155,-3.2509,30.0254,10.8807,-3.29954,5.88324,False,False,False,False
s060,156,0.2309,3.4818,8.75076,-3.29954,5.88324,False,False,False,False
s060,157,26.4509,26.22,12.2908,-3.29954,5.88324,True,False,False,False
s060,158,-12.1527,38.6036,7.40209,-3.29954,5.88324,False,False,False,False
s060,159,-1.5664,10.5863,5.60839,-3.29954,5.88324,False,False,False,False
s060,160,14.6455,16.2119,7.41581,-3.29954,5.88324,False,False,False,False
s060,161,9.6745,4.971,7.86755,-3.29954,5.88324,False,False,False,False
s060,162,9.8418,0.1673,8.2624,-3.29954,5.88324,False,False,False,False
s060,163,-5.8682,15.71,5.43628,-3.29954,5.88324,False,False,False,False
s060,164,-12.1373,6.2691,1.92156,-3.29954,5.88324,False,False,False,False
s060,165,12.8364,24.9737,4.10453,-3.29954,5.88324,False,False,False,False
s060,166,9.4982,3.3382,5.18327,-3.29954,5.88324,False,False,False,False
s060,167,2.5827,6.9155,4.66315,-3.29954,5.88324,False,False,False,False
s060,168,15.1073,12.5246,6.75198,-3.29954,5.88324,True,False,False,False
s060,169,4.4282,10.6791,6.28723,-3.29954,5.88324,False,False,False,False
s060,170,17.7927,13.3645,8.58832,-3.29954,5.88324,True,True,False,False
s060,171,22.7927,5,11.4292,-3.29954,5.88324,True,True,False,False
s060,172,4.6609,18.1318,10.0755,-3.29954,5.88324,False,False,False,True
s060,173,26.0509,21.39,13.2706,-3.29954,5.88324,True,True,False,True
s060,174,17.1673,8.8836,14.0499,-3.29954,5.88324,True,True,True,True
s060,175,27.7282,10.5609,16.7856,-3.29954,5.88324,True,True,True,True
s060,176,-13.1245,40.8527,10.8036,-3.29954,5.88324,True,False,False,False
s060,177,-10.8745,2.25,6.46796,-3.29954,5.88324,False,True,False,False
s060,178,-13.3573,2.4828,2.50291,-3.29954,5.88324,True,True,False,False
s060,179,-2.2809,11.0764,1.54615,-3.29954,5.88324,False,False,False,False
s060,180,4.9745,7.2554,2.23182,-3.29954,5.88324,False,False,False,False
s060,181,0.3764,4.5981,1.86073,-3.29954,5.88324,False,False,False,False
s060,182,27.4136,27.0372,6.97131,-3.29954,5.88324,True,False,False,False
s060,183,-10.1291,37.5427,3.55123,-3.29954,5.88324,False,False,False,False
s060,184,-11.4709,1.3418,0.546801,-3.29954,5.88324,False,True,False,False
s060,185,3.8964,15.3673,1.21672,-3.29954,5.88324,False,False,False,False
s060,186,12.8982,9.0018,3.55302,-3.29954,5.88324,False,False,False,False
s060,187,0.4836,12.4146,2.93913,-3.29954,5.88324,False,False,False,False
s060,188,12.3073,11.8237,4.81277,-3.29954,5.88324,False,True,False,False
s060,189,21.7573,9.45,8.20167,-3.29954,5.88324,True,True,False,False
s060,190,10.0236,11.7337,8.56606,-3.29954,5.88324,False,False,True,False
s060,191,8.0636,1.96,8.46557,-3.29954,5.88324,False,False,True,False
s060,192,2.0427,6.0209,7.18099,-3.29954,5.88324,False,False,False,False
s060,193,17.4,15.3573,9.22479,-3.29954,5.88324,True,False,True,False
s060,194,3.28,14.12,8.03584,-3.29954,5.88324,False,False,False,False
s060,195,9.2527,5.9727,8.27921,-3.29954,5.88324,False,False,False,True
s060,196,-17.3591,26.6118,3.15155,-3.29954,5.88324,True,False,False,False
s060,197,-9.4964,7.8627,0.621958,-3.29954,5.88324,False,True,False,False
s060,198,-7.9627,1.5337,-1.09497,-3.29954,5.88324,False,True,False,False
s060,199,1.1173,9.08,-0.652519,-3.29954,5.88324,False,False,False,False
s060,200,8.3918,7.2745,1.15634,-3.29954,5.88324,False,False,False,False
s060,201,-15.5318,23.9236,-2.18128,-3.29954,5.88324,True,False,False,False
s060,202,9.6564,25.1882,0.186253,-3.29954,5.88324,False,False,False,False
s060,203,13.7,4.0436,2.889,-3.29954,5.88324,False,False,False,False
s060,204,6.5191,7.1809,3.61502,-3.29954,5.88324,False,False,True,False
s060,205,5.3118,1.2073,3.95438,-3.29954,5.88324,False,False,False,False
s060,206,7.7745,2.4627,4.7184,-3.29954,5.88324,False,False,True,False
s060,207,23.9018,16.1273,8.55508,-3.29954,5.88324,True,False,True,False
s060,208,-0.3327,24.2345,6.77753,-3.29954,5.88324,False,False,False,False
s060,209,20.7782,21.1109,9.57766,-3.29954,5.88324,True,True,False,False
s060,210,24.26,3.4818,12.5141,-3.29954,5.88324,True,True,True,False
s060,211,6.7073,17.5527,11.3528,-3.29954,5.88324,False,False,True,False
s060,212,29.7264,23.0191,15.0275,-3.29954,5.88324,True,True,True,False
s060,213,11.4855,18.2409,14.3191,-3.29954,5.88324,False,True,True,False
s060,214,28.3127,16.8272,17.1178,-3.29954,5.88324,True,True,True,False
s060,215,13.7255,14.5872,16.4394,-3.29954,5.88324,False,True,True,False
s060,216,18.8673,5.1418,16.9249,-3.29954,5.88324,True,True,True,True
s060,217,5.5782,13.2891,14.6556,-3.29954,5.88324,False,False,False,True
s060,218,25.5282,19.95,16.8301,-3.29954,5.88324,True,True,True,True
s060,219,5.9945,19.5337,14.663,-3.29954,5.88324,False,False,True,True
s060,220,2.7764,3.2181,12.2857,-3.29954,5.88324,False,False,False,True
s060,221,2.6173,0.1591,10.352,-3.29954,5.88324,False,False,False,True
s060,222,20.8336,18.2163,12.4483,-3.29954,5.88324,True,False,False,True
s060,223,27.3,6.4664,15.4187,-3.29954,5.88324,True,True,False,True
s060,224,5.4191,21.8809,13.4187,-3.29954,5.88324,False,False,False,True
s060,225,5.9136,0.4945,11.9177,-3.29954,5.88324,False,False,False,True
s060,226,5.3782,0.5354,10.6098,-3.29954,5.88324,False,False,False,True
s060,227,-11.2309,16.6091,6.24167,-3.29954,5.88324,False,False,False,False
s060,228,-1.8473,9.3836,4.62388,-3.29954,5.88324,False,False,False,False
s060,229,25.43,27.2773,8.7851,-3.29954,5.88324,True,False,False,False
s060,230,15.4555,9.9745,10.1192,-3.29954,5.88324,True,True,False,False
s060,231,0.7582,14.6973,8.24698,-3.29954,5.88324,False,False,False,False
s060,232,-12.0473,12.8055,4.18813,-3.29954,5.88324,False,False,False,False
s060,233,-10.2673,1.78,1.29704,-3.29954,5.88324,False,True,False,False
s060,234,1.1591,11.4264,1.26945,-3.29954,5.88324,False,False,False,False
s060,235,-11.8245,12.9836,-1.34934,-3.29954,5.88324,False,True,False,False
s060,236,8.4236,20.2481,0.60525,-3.29954,5.88324,False,False,False,False
s060,237,18.6045,10.1809,4.2051,-3.29954,5.88324,True,False,False,False
s060,238,8.9764,9.6281,5.15936,-3.29954,5.88324,False,False,False,False
s060,239,0.7218,8.2546,4.27185,-3.29954,5.88324,False,False,False,False
s060,240,-1.42,2.1418,3.13348,-3.29954,5.88324,False,False,False,False
s060,241,9.2082,10.6282,4.34842,-3.29954,5.88324,False,False,False,False
s060,242,12.1609,2.9527,5.91092,-3.29954,5.88324,False,False,False,False
s060,243,8.5273,3.6336,6.43419,-3.29954,5.88324,False,False,False,False
s060,244,17.1745,8.6472,8.58226,-3.29954,5.88324,True,True,True,False
s060,245,5.7855,11.389,8.0229,-3.29954,5.88324,False,False,False,False
s060,246,14.4382,8.6527,9.30596,-3.29954,5.88324,False,True,True,False
s060,247,11.6964,2.7418,9.78405,-3.29954,5.88324,False,True,True,False
s060,248,18.0545,6.3581,11.4381,-3.29954,5.88324,True,True,True,True
s060,249,20.7055,2.651,13.2916,-3.29954,5.88324,True,True,True,True
s060,250,1.1273,19.5782,10.8588,-3.29954,5.88324,False,False,False,False
s060,251,16.4073,15.28,11.9685,-3.29954,5.88324,True,True,True,False
s060,252,5.4018,11.0055,10.6551,-3.29954,5.88324,False,False,False,False
s060,253,26.8609,21.4591,13.8963,-3.29954,5.88324,True,True,False,False
s060,254,23.7709,3.09,15.8712,-3.29954,5.88324,True,True,False,False
s060,255,-0.84,24.6109,12.529,-3.29954,5.88324,False,False,False,False
s060,256,25.4264,26.2664,15.1085,-3.29954,5.88324,True,True,False,False
s060,257,26.6136,1.1872,17.4095,-3.29954,5.88324,True,True,True,False
s060,258,-6.5391,33.1527,12.6198,-3.29954,5.88324,False,False,False,False
s060,259,0.1518,6.6909,10.1262,-3.29954,5.88324,False,False,False,False
s060,260,2.8245,2.6727,8.66584,-3.29954,5.88324,False,False,False,False
s060,261,12.1818,9.3573,9.36903,-3.29954,5.88324,False,False,False,False
s060,262,19.5609,7.3791,11.4074,-3.29954,5.88324,True,True,False,False
s060,263,-1.1609,20.7218,8.89374,-3.29954,5.88324,False,False,False,False
s060,264,18.63,19.7909,10.841,-3.29954,5.88324,True,True,False,False
s060,265,20.7118,2.0818,12.8152,-3.29954,5.88324,True,True,True,False
s060,266,-11.9682,32.68,7.85848,-3.29954,5.88324,False,False,False,False
s060,267,16.8445,28.8127,9.65569,-3.29954,5.88324,True,True,False,False
s060,268,14.0382,2.8063,10.5322,-3.29954,5.88324,False,True,True,False
s060,269,28.4009,14.3627,14.1059,-3.29954,5.88324,True,True,True,False
s060,270,22.1827,6.2182,15.7213,-3.29954,5.88324,True,True,True,False
s060,271,9.1882,12.9945,14.4147,-3.29954,5.88324,False,False,True,False
s060,272,1.5018,7.6864,11.8321,-3.29954,5.88324,False,False,False,False
s060,273,16.0155,14.5137,12.6688,-3.29954,5.88324,True,False,True,False
s060,274,2.5027,13.5128,10.6356,-3.29954,5.88324,False,False,False,True
s060,275,87.0391,84.5364,25.9163,-3.29954,5.88324,True,True,False,True
s060,276,0.7591,86.28,20.8848,-3.29954,5.88324,False,False,False,False
s060,277,9.8782,9.1191,18.6835,-3.29954,5.88324,False,False,False,False
s060,278,15.6791,5.8009,18.0826,-3.29954,5.88324,True,False,False,False
s060,279,16.2418,0.5627,17.7145,-3.29954,5.88324,True,True,True,False
s060,280,10.3745,5.8673,16.2465,-3.29954,5.88324,False,False,True,False
s060,281,2.5045,7.87,13.4981,-3.29954,5.88324,False,False,False,False
s060,282,24.14,21.6355,15.6265,-3.29954,5.88324,True,False,True,False
s060,283,23.7109,0.4291,17.2433,-3.29954,5.88324,True,True,True,False
s060,284,5.78,17.9309,14.9507,-3.29954,5.88324,False,False,False,True
s060,285,-0.18,5.96,11.9245,-3.29954,5.88324,False,False,False,False
s060,286,-8.6082,8.4282,7.81799,-3.29954,5.88324,False,False,False,False
s060,287,22.7173,31.3255,10.7979,-3.29954,5.88324,True,False,False,False
s060,288,20.0236,2.6937,12.643,-3.29954,5.88324,True,True,False,False
s060,289,17.9782,2.0454,13.71,-3.29954,5.88324,True,True,False,False
s060,290,17.7327,0.2455,14.5146,-3.29954,5.88324,True,True,True,False
s060,291,1.3718,16.3609,11.886,-3.29954,5.88324,False,False,False,False
s060,292,2.0373,0.6655,9.91628,-3.29954,5.88324,False,False,False,False
s060,293,1.4218,0.6155,8.21738,-3.29954,5.88324,False,False,False,False
s060,294,22.4382,21.0164,11.0615,-3.29954,5.88324,True,False,False,True
s060,295,14.9018,7.5364,11.8296,-3.29954,5.88324,False,True,False,True
s060,296,4.4391,10.4627,10.3515,-3.29954,5.88324,False,False,False,True
s060,297,-15.31,19.7491,5.2192,-3.29954,5.88324,True,False,False,False
s060,298,27.3227,42.6327,9.6399,-3.29954,5.88324,True,False,False,False
s060,299,2.78,24.5427,8.26792,-3.29954,5.88324,False,False,False,False
s060,300,18.1782,15.3982,10.25,-3.29954,5.88324,True,True,False,False
s060,301,22.3736,4.1954,12.6747,-3.29954,5.88324,True,True,False,False
s060,302,24.4791,2.1055,15.0356,-3.29954,5.88324,True,True,True,False
s060,303,20.7209,3.7582,16.1726,-3.29954,5.88324,True,True,True,False
s060,304,6.2045,14.5164,14.179,-3.29954,5.88324,False,False,True,False
s060,305,6.9082,0.7037,12.7249,-3.29954,5.88324,False,False,True,True
s060,306,23.2655,16.3573,14.833,-3.29954,5.88324,True,False,True,True
s060,307,-7.8309,31.0964,10.3002,-3.29954,5.88324,False,False,False,False
s060,308,0.5373,8.3682,8.34762,-3.29954,5.88324,False,False,False,False
s060,309,3.1136,2.5763,7.30082,-3.29954,5.88324,False,False,False,False
s060,310,25.1891,22.0755,10.8785,-3.29954,5.88324,True,False,False,False
s060,311,1.23,23.9591,8.94878,-3.29954,5.88324,False,False,False,False
s060,312,13.5955,12.3655,9.87812,-3.29954,5.88324,False,True,False,False
s060,313,-2.9273,16.5228,7.31704,-3.29954,5.88324,False,False,False,False
s060,314,13.3745,16.3018,8.52853,-3.29954,5.88324,False,True,False,False
s060,315,27.4627,14.0882,12.3154,-3.29954,5.88324,True,True,False,False
s060,316,4.9991,22.4636,10.8521,-3.29954,5.88324,False,False,False,False
s060,317,1.9145,3.0846,9.06459,-3.29954,5.88324,False,False,False,False
s060,318,9.5927,7.6782,9.17021,-3.29954,5.88324,False,False,False,False
s060,319,1.8182,7.7745,7.69981,-3.29954,5.88324,False,False,False,False
s060,320,22.6936,20.8754,10.6986,-3.29954,5.88324,True,False,False,False
s060,321,19.1027,3.5909,12.3794,-3.29954,5.88324,True,True,False,True
s060,322,3.3055,15.7972,10.5646,-3.29954,5.88324,False,False,False,True
s060,323,13.6809,10.3754,11.1879,-3.29954,5.88324,False,True,False,True
s060,324,26.9136,13.2327,14.333,-3.29954,5.88324,True,True,True,True
s060,325,0.1427,26.7709,11.495,-3.29954,5.88324,False,False,False,False
s060,326,14.75,14.6073,12.146,-3.29954,5.88324,False,True,False,False
s060,327,8.0955,6.6545,11.3359,-3.29954,5.88324,False,False,True,False
s060,328,0.8873,7.2082,9.24616,-3.29954,5.88324,False,False,False,False
s060,329,1.77,0.8827,7.75093,-3.29954,5.88324,False,False,False,False
s060,330,21.1082,19.3382,10.4224,-3.29954,5.88324,True,False,False,False
s060,331,4.6327,16.4755,9.26444,-3.29954,5.88324,False,False,False,False
s060,332,10.7709,6.1382,9.56574,-3.29954,5.88324,False,True,False,False
s060,333,4.4155,6.3554,8.53569,-3.29954,5.88324,False,False,False,False
s060,334,4.4091,0.0064,7.71037,-3.29954,5.88324,False,False,False,False
s060,335,-10.37,14.7791,4.0943,-3.29954,5.88324,False,False,False,False
s060,336,5.8091,16.1791,4.43726,-3.29954,5.88324,False,False,False,False
s060,337,2.0664,3.7427,3.96309,-3.29954,5.88324,False,False,False,False
s060,338,-0.2173,2.2837,3.12701,-3.29954,5.88324,False,False,False,False
s060,339,4.97,5.1873,3.49561,-3.29954,5.88324,False,False,False,False
s060,340,1.4036,3.5664,3.07721,-3.29954,5.88324,False,False,False,False
s060,341,2.9536,1.55,3.05248,-3.29954,5.88324,False,False,False,False
s060,342,-0.5691,3.5227,2.32817,-3.29954,5.88324,False,False,False,False
s060,343,5.8727,6.4418,3.03707,-3.29954,5.88324,False,False,False,False
s060,344,14.0673,8.1946,5.24312,-3.29954,5.88324,False,False,False,False
s060,345,-5.6018,19.6691,3.07414,-3.29954,5.88324,False,False,False,False
s060,346,2.0009,7.6027,2.85949,-3.29954,5.88324,False,False,False,False
s060,347,20.81,18.8091,6.44959,-3.29954,5.88324,True,False,False,False
s060,348,-5.9045,26.7145,3.97877,-3.29954,5.88324,False,False,False,False
s060,349,-0.3264,5.5781,3.11774,-3.29954,5.88324,False,False,False,False
s060,350,4.3055,4.6319,3.35529,-3.29954,5.88324,False,False,False,False
s060,351,5.0809,0.7754,3.70041,-3.29954,5.88324,False,False,False,False
s060,352,6.3364,1.2555,4.22761,-3.29954,5.88324,False,False,False,False
s060,353,3.1418,3.1946,4.01045,-3.29954,5.88324,False,False,False,False
s060,354,22.1027,18.9609,7.6289,-3.29954,5.88324,True,False,False,False
s060,355,-0.8891,22.9918,5.9253,-3.29954,5.88324,False,False,False,False
s060,356,-6.8555,5.9664,3.36914,-3.29954,5.88324,False,False,False,False
s060,357,2.1473,9.0028,3.12477,-3.29954,5.88324,False,False,False,False
s060,358,-8.4836,10.6309,0.803097,-3.29954,5.88324,False,False,False,False
s060,359,3.9382,12.4218,1.43012,-3.29954,5.88324,False,False,False,False
s060,360,-0.2618,4.2,1.09173,-3.29954,5.88324,False,False,False,False
s060,361,-2.7936,2.5318,0.314667,-3.29954,5.88324,False,False,False,False
s060,362,9.8518,12.6454,2.22209,-3.29954,5.88324,False,False,False,False
s060,363,3.8936,5.9582,2.5564,-3.29954,5.88324,False,False,False,False
s060,364,-5.9236,9.8172,0.860396,-3.29954,5.88324,False,False,False,False
s060,365,4.0991,10.0227,1.50814,-3.29954,5.88324,False,False,False,False
s060,366,6.3436,2.2445,2.47523,-3.29954,5.88324,False,False,False,False
s060,367,0.31,6.0336,2.04218,-3.29954,5.88324,False,False,False,False
s060,368,28.5145,28.2045,7.33665,-3.29954,5.88324,True,False,False,False
s060,369,4.0209,24.4936,6.6735,-3.29954,5.88324,False,False,False,False
s060,370,3.2182,0.8027,5.98244,-3.29954,5.88324,False,False,False,False
s060,371,14.3891,11.1709,7.66377,-3.29954,5.88324,False,False,False,False
s060,372,6.2455,8.1436,7.38012,-3.29954,5.88324,False,False,False,False
s060,373,3.7982,2.4473,6.66373,-3.29954,5.88324,False,False,False,False
s060,374,-1.9555,5.7537,4.93989,-3.29954,5.88324,False,False,False,False
s060,375,-10.6036,8.6481,1.83119,-3.29954,5.88324,False,False,False,False
s060,376,3.88,14.4836,2.24095,-3.29954,5.88324,False,False,False,False
s060,377,5.7945,1.9145,2.95166,-3.29954,5.88324,False,False,False,False
s060,378,0.8018,4.9927,2.52169,-3.29954,5.88324,False,False,False,False
s060,379,10.8955,10.0937,4.19645,-3.29954,5.88324,False,False,False,False
s060,380,15.2791,4.3836,6.41298,-3.29954,5.88324,True,True,False,False
s060,381,18.7173,3.4382,8.87384,-3.29954,5.88324,True,True,False,False
s060,382,3.3955,15.3218,7.77818,-3.29954,5.88324,False,False,False,False
s060,383,0.1227,3.2728,6.24708,-3.29954,5.88324,False,False,False,False
s060,384,3.5336,3.4109,5.70438,-3.29954,5.88324,False,False,False,False
s060,385,-5.3355,8.8691,3.49641,-3.29954,5.88324,False,False,False,False
s060,386,1.4355,6.771,3.08423,-3.29954,5.88324,False,False,False,False
s060,387,7.3918,5.9563,3.94574,-3.29954,5.88324,False,False,False,False
s060,388,4.8018,2.59,4.11695,-3.29954,5.88324,False,False,False,False
s060,389,-7.4155,12.2173,1.81046,-3.29954,5.88324,False,False,False,False
s060,390,0.0945,7.51,1.46727,-3.29954,5.88324,False,False,False,False
s060,391,8.9073,8.8128,2.95528,-3.29954,5.88324,False,False,False,False
s060,392,5.0473,3.86,3.37368,-3.29954,5.88324,False,False,False,False
s060,393,26.1536,21.1063,7.92966,-3.29954,5.88324,True,False,False,False
s060,394,-2.9973,29.1509,5.74427,-3.29954,5.88324,False,False,False,False
s060,395,-5.6473,2.65,3.46596,-3.29954,5.88324,False,False,False,False
s060,396,-1.2182,4.4291,2.52913,-3.29954,5.88324,False,False,False,False
s060,397,1.2264,2.4446,2.26858,-3.29954,5.88324,False,False,False,False
s060,398,2.8355,1.6091,2.38196,-3.29954,5.88324,False,False,False,False
s060,399,5.9073,3.0718,3.08703,-3.29954,5.88324,False,False,False,False
s060,400,4.5027,1.4046,3.37017,-3.29954,5.88324,False,False,False,False
s060,401,3.2591,1.2436,3.34795,-3.29954,5.88324,False,False,False,False
s060,402,4.1509,0.8918,3.50854,-3.29954,5.88324,False,False,False,False
s060,403,4.4564,0.3055,3.69811,-3.29954,5.88324,False,False,False,False
s060,404,0.4591,3.9973,3.05031,-3.29954,5.88324,False,False,False,False
s060,405,-1.0773,1.5364,2.22479,-3.29954,5.88324,False,False,False,False
s060,406,10.9955,12.0728,3.97893,-3.29954,5.88324,False,False,False,False
s060,407,2.0064,8.9891,3.58442,-3.29954,5.88324,False,False,False,False
s060,408,18.4,16.3936,6.54754,-3.29954,5.88324,True,True,False,False
s060,409,0.3036,18.0964,5.29875,-3.29954,5.88324,False,False,False,False
s060,410,22.7636,22.46,8.79172,-3.29954,5.88324,True,True,False,False
s060,411,6.1527,16.6109,8.26392,-3.29954,5.88324,False,False,False,False
s060,412,20.2627,14.11,10.6637,-3.29954,5.88324,True,True,True,False
s060,413,-3.09,23.3527,7.91294,-3.29954,5.88324,False,False,False,False
s060,414,1.9855,5.0755,6.72745,-3.29954,5.88324,False,False,False,False
s060,415,8.3018,6.3163,7.04232,-3.29954,5.88324,False,False,False,False
s060,416,2.9964,5.3054,6.23314,-3.29954,5.88324,False,False,False,False
s060,417,4.5645,1.5681,5.89941,-3.29954,5.88324,False,False,False,False
s060,418,1.14,3.4245,4.94753,-3.29954,5.88324,False,False,False,False
s060,419,8.8173,7.6773,5.72148,-3.29954,5.88324,False,False,False,False
s060,420,2.4345,6.3828,5.06409,-3.29954,5.88324,False,False,False,False
s060,421,-28.9882,31.4227,-1.74637,-3.29954,5.88324,True,False,False,False
s060,422,6.6,35.5882,-0.0770972,-3.29954,5.88324,False,False,False,False
s060,423,25.2736,18.6736,4.99304,-3.29954,5.88324,True,False,False,False
s060,424,-5.7182,30.9918,2.85079,-3.29954,5.88324,False,False,False,False
s060,425,-1.4345,4.2837,1.99374,-3.29954,5.88324,False,False,False,False
s060,426,-0.3327,1.1018,1.52845,-3.29954,5.88324,False,False,False,False
s060,427,0.5682,0.9009,1.3364,-3.29954,5.88324,False,False,False,False
s060,428,2.9518,2.3836,1.65948,-3.29954,5.88324,False,False,False,False
s060,429,7.7727,4.8209,2.88212,-3.29954,5.88324,False,False,False,False
s060,430,2.75,5.0227,2.8557,-3.29954,5.88324,False,False,False,False
s060,431,15.81,13.06,5.44656,-3.29954,5.88324,True,False,False,False
s060,432,3.4882,12.3218,5.05489,-3.29954,5.88324,False,False,False,False
s060,433,1.2673,2.2209,4.29737,-3.29954,5.88324,False,False,False,False
s060,434,4.7864,3.5191,4.39518,-3.29954,5.88324,False,False,False,False
s060,435,14.7345,9.9481,6.46304,-3.29954,5.88324,False,False,False,False
s060,436,-8.3955,23.13,3.49133,-3.29954,5.88324,False,False,False,False
s060,437,1.2209,9.6164,3.03725,-3.29954,5.88324,False,False,False,False
s060,438,1.0345,0.1864,2.6367,-3.29954,5.88324,False,False,False,False
s060,439,1.0636,0.0291,2.32208,-3.29954,5.88324,False,False,False,False
s060,440,1.6173,0.5537,2.18112,-3.29954,5.88324,False,False,False,False
s060,441,2.4173,0.8,2.22836,-3.29954,5.88324,False,False,False,False
s060,442,-7.1564,9.5737,0.351406,-3.29954,5.88324,False,False,False,False
s060,443,0.6991,7.8555,0.420945,-3.29954,5.88324,False,False,False,False
s060,444,2.5964,1.8973,0.856036,-3.29954,5.88324,False,False,False,False
s060,445,-0.4091,3.0055,0.603009,-3.29954,5.88324,False,False,False,False
s060,446,-5.0245,4.6154,-0.522493,-3.29954,5.88324,False,False,False,False
s060,447,-0.7236,4.3009,-0.562714,-3.29954,5.88324,False,False,False,False
s060,448,1.9482,2.6718,-0.0605316,-3.29954,5.88324,False,False,False,False
s060,449,1.3255,0.6227,0.216675,-3.29954,5.88324,False,False,False,False
s060,450,-6.8627,8.1882,-1.1992,-3.29954,5.88324,False,False,False,False
s060,451,7.0591,13.9218,0.45246,-3.29954,5.88324,False,False,False,False
s060,452,2.2118,4.8473,0.804328,-3.29954,5.88324,False,False,False,False
s060,453,7.9373,5.7255,2.23092,-3.29954,5.88324,False,False,False,False
s060,454,0.8745,7.0628,1.95964,-3.29954,5.88324,False,False,False,False
s060,455,3.99,3.1155,2.36571,-3.29954,5.88324,False,False,False,False
s060,456,4.4455,0.4555,2.78167,-3.29954,5.88324,False,False,False,False
s060,457,168.145,163.7,35.8544,-3.29954,5.88324,True,False,False,False
s060,458,-0.2845,168.43,28.6266,-3.29954,5.88324,False,False,False,False
s060,459,2.0609,2.3454,23.3135,-3.29954,5.88324,False,False,False,False
s060,460,1.7373,0.3236,18.9983,-3.29954,5.88324,False,False,False,False
s060,461,3.1191,1.3818,15.8224,-3.29954,5.88324,False,False,False,False
s060,462,0.2818,2.8373,12.7143,-3.29954,5.88324,False,False,False,False
s060,463,4.06,3.7782,10.9834,-3.29954,5.88324,False,False,False,False
s060,464,-0.3182,4.3782,8.72311,-3.29954,5.88324,False,False,False,False
s060,465,-0.0636,0.2546,6.96577,-3.29954,5.88324,False,False,False,False
s060,466,36.3682,36.4318,12.8463,-3.29954,5.88324,True,False,False,False
s060,467,1.0291,35.3391,10.4828,-3.29954,5.88324,False,False,False,False
s060,468,1.9591,0.93,8.77808,-3.29954,5.88324,False,False,False,False
s060,469,1.6373,0.3218,7.34992,-3.29954,5.88324,False,False,False,False
s060,470,-1.2209,2.8582,5.63576,-3.29954,5.88324,False,False,False,False
s060,471,8.8445,10.0654,6.27751,-3.29954,5.88324,False,False,False,False
s060,472,-1.1255,9.97,4.79691,-3.29954,5.88324,False,False,False,False
s060,473,2.9409,4.0664,4.4257,-3.29954,5.88324,False,False,False,False
s060,474,-4.4845,7.4254,2.64366,-3.29954,5.88324,False,False,False,False
s060,475,8.1418,12.6263,3.74329,-3.29954,5.88324,False,False,False,False
s060,476,9.4864,1.3446,4.89191,-3.29954,5.88324,False,False,False,False
s060,477,-7.5073,16.9937,2.41207,-3.29954,5.88324,False,False,False,False
s060,478,3.8264,11.3337,2.69494,-3.29954,5.88324,False,False,False,False
s060,479,10.2355,6.4091,4.20305,-3.29954,5.88324,False,False,False,False
s060,480,1.0218,9.2137,3.5668,-3.29954,5.88324,False,False,False,False
s060,481,3.8664,2.8446,3.62672,-3.29954,5.88324,False,False,False,False
s060,482,-6.0545,9.9209,1.69048,-3.29954,5.88324,False,False,False,False
s060,483,2.8745,8.929,1.92728,-3.29954,5.88324,False,False,False,False
s060,484,-0.81,3.6845,1.37982,-3.29954,5.88324,False,False,False,False
s060,485,8.1445,8.9545,2.73276,-3.29954,5.88324,False,False,False,False
s060,486,11.4855,3.341,4.48331,-3.29954,5.88324,False,False,False,False
s060,487,1.4745,10.011,3.88155,-3.29954,5.88324,False,False,False,False
s060,488,2.0127,0.5382,3.50778,-3.29954,5.88324,False,False,False,False
s060,489,0.91,1.1027,2.98822,-3.29954,5.88324,False,False,False,False
s060,490,-1.5118,2.4218,2.08822,-3.29954,5.88324,False,False,False,False
s060,491,0.9091,2.4209,1.85239,-3.29954,5.88324,False,False,False,False
s060,492,0.6191,0.29,1.60573,-3.29954,5.88324,False,False,False,False
s060,493,3.3655,2.7464,1.95769,-3.29954,5.88324,False,False,False,False
s060,494,-2.63,5.9955,1.04015,-3.29954,5.88324,False,False,False,False
s060,495,1.0045,3.6345,1.03302,-3.29954,5.88324,False,False,False,False
s060,496,1.1527,0.1482,1.05696,-3.29954,5.88324,False,False,False,False
s060,497,0.2055,0.9472,0.886665,-3.29954,5.88324,False,False,False,False
s060,498,-3.8982,4.1037,-0.070308,-3.29954,5.88324,False,False,False,False
s060,499,3.2764,7.1746,0.599034,-3.29954,5.88324,False,False,False,False
s060,500,-4.0373,7.3137,-0.328233,-3.29954,5.88324,False,False,False,False
s060,501,0.1618,4.1991,-0.230226,-3.29954,5.88324,False,False,False,False
s060,502,-3.9436,4.1054,-0.972901,-3.29954,5.88324,False,False,False,False
s060,503,-1.2518,2.6918,-1.02868,-3.29954,5.88324,False,False,False,False
s060,504,1.3664,2.6182,-0.549665,-3.29954,5.88324,False,False,False,False
s060,505,5.65,4.2836,0.690268,-3.29954,5.88324,False,False,False,False
s060,506,7.8264,2.1764,2.11749,-3.29954,5.88324,False,False,False,False
s060,507,-1.1927,9.0191,1.45546,-3.29954,5.88324,False,False,False,False
s060,508,5.4991,6.6918,2.26418,-3.29954,5.88324,False,False,False,False
s060,509,-0.0309,5.53,1.80517,-3.29954,5.88324,False,False,False,False
s060,510,0.5091,0.54,1.54595,-3.29954,5.88324,False,False,False,False
s060,511,,,1.54595,-3.29954,5.88324,False,False,False,False
s060,512,,,1.54595,-3.29954,5.88324,False,False,False,False
s060,513,0.2573,,1.28822,-3.29954,5.88324,False,False,False,False
s060,514,0.5755,0.3182,1.14568,-3.29954,5.88324,False,False,False,False
s060,515,9.2827,8.7072,2.77308,-3.29954,5.88324,False,False,False,False
s060,516,-1.0482,10.3309,2.00883,-3.29954,5.88324,False,False,False,False
s060,517,5.6309,6.6791,2.73324,-3.29954,5.88324,False,False,False,False
s060,518,13.3709,7.74,4.86077,-3.29954,5.88324,False,False,False,False
s060,519,5.1736,8.1973,4.92334,-3.29954,5.88324,False,False,False,False
s060,520,4.8373,0.3363,4.90613,-3.29954,5.88324,False,False,False,False
s060,521,6.3691,1.5318,5.19872,-3.29954,5.88324,False,False,False,False
s060,522,0.2818,6.0873,4.21534,-3.29954,5.88324,False,False,False,False
s060,523,-0.8964,1.1782,3.19299,-3.29954,5.88324,False,False,False,False
s060,524,-0.1745,0.7219,2.51949,-3.29954,5.88324,False,False,False,False
s060,525,7.0709,7.2454,3.42977,-3.29954,5.88324,False,False,False,False
s060,526,0.4545,6.6164,2.83472,-3.29954,5.88324,False,False,False,False
s060,527,2.2518,1.7973,2.71814,-3.29954,5.88324,False,False,False,False
s060,528,0.9991,1.2527,2.37433,-3.29954,5.88324,False,False,False,False
s060,529,2.3691,1.37,2.37328,-3.29954,5.88324,False,False,False,False
s060,530,3.43,1.0609,2.58463,-3.29954,5.88324,False,False,False,False
s060,531,2.3755,1.0545,2.5428,-3.29954,5.88324,False,False,False,False
s060,532,1.1682,1.2073,2.26788,-3.29954,5.88324,False,False,False,False
s060,533,0.1691,0.9991,1.84812,-3.29954,5.88324,False,False,False,False
s060,534,2.6491,2.48,2.00832,-3.29954,5.88324,False,False,False,False
s060,535,3.1382,0.4891,2.2343,-3.29954,5.88324,False,False,False,False
s060,536,4.4364,1.2982,2.67472,-3.29954,5.88324,False,False,False,False
s060,537,2.1045,2.3319,2.56067,-3.29954,5.88324,False,False,False,False
s060,538,3.9818,1.8773,2.8449,-3.29954,5.88324,False,False,False,False
s060,539,2.8182,1.1636,2.83956,-3.29954,5.88324,False,False,False,False
s060,540,-0.1209,2.9391,2.24747,-3.29954,5.88324,False,False,False,False
s060,541,1.1782,1.2991,2.03361,-3.29954,5.88324,False,False,False,False
s060,542,0.1664,1.0118,1.66017,-3.29954,5.88324,False,False,False,False
s060,543,4.92,4.7536,2.31214,-3.29954,5.88324,False,False,False,False
s060,544,-1.3227,6.2427,1.58517,-3.29954,5.88324,False,False,False,False
s060,545,-0.7845,0.5382,1.11124,-3.29954,5.88324,False,False,False,False
s060,546,0.2655,1.05,0.942088,-3.29954,5.88324,False,False,False,False
s060,547,-3.6855,3.951,0.0165707,-3.29954,5.88324,False,False,False,False
s060,548,-1.7609,1.9246,-0.338923,-3.29954,5.88324,False,False,False,False
s060,549,2.9691,4.73,0.322681,-3.29954,5.88324,False,False,False,False
s060,550,-1.7982,4.7673,-0.101495,-3.29954,5.88324,False,False,False,False
s060,551,-0.3736,1.4246,-0.155916,-3.29954,5.88324,False,False,False,False
s060,552,4.9073,5.2809,0.856727,-3.29954,5.88324,False,False,False,False
s060,553,1.49,3.4173,0.983382,-3.29954,5.88324,False,False,False,False
s060,554,3.2491,1.7591,1.43653,-3.29954,5.88324,False,False,False,False
s060,555,-1.0927,4.3418,0.93068,-3.29954,5.88324,False,False,False,False
s060,556,0.2536,1.3463,0.795264,-3.29954,5.88324,False,False,False,False
s060,557,-0.7036,0.9572,0.495491,-3.29954,5.88324,False,False,False,False
s060,558,3.73,4.4336,1.14239,-3.29954,5.88324,False,False,False,False
s060,559,-0.4173,4.1473,0.830455,-3.29954,5.88324,False,False,False,False
s060,560,1.4464,1.8637,0.953644,-3.29954,5.88324,False,False,False,False
s060,561,4.8364,3.39,1.73019,-3.29954,5.88324,False,False,False,False
s060,562,-2.6655,7.5019,0.851056,-3.29954,5.88324,False,False,False,False
s060,563,-0.3455,2.32,0.611745,-3.29954,5.88324,False,False,False,False
s060,564,-6.6055,6.26,-0.831704,-3.29954,5.88324,False,False,False,False
s060,565,-0.0191,6.5864,-0.669183,-3.29954,5.88324,False,False,False,False
s060,566,1.4845,1.5036,-0.238447,-3.29954,5.88324,False,False,False,False
s060,567,8.9864,7.5019,1.60652,-3.29954,5.88324,False,False,False,False
s060,568,-0.95,9.9364,1.09522,-3.29954,5.88324,False,False,False,False
s060,569,2.8618,3.8118,1.44853,-3.29954,5.88324,False,False,False,False
s060,570,-2.0764,4.9382,0.743548,-3.29954,5.88324,False,False,False,False
s060,571,3.36,5.4364,1.26684,-3.29954,5.88324,False,False,False,False
s060,572,4.0427,0.6827,1.82201,-3.29954,5.88324,False,False,False,False
s060,573,2.8618,1.1809,2.02997,-3.29954,5.88324,False,False,False,False
s060,574,-1.9909,4.8527,1.22579,-3.29954,5.88324,False,False,False,False
s060,575,0.7655,2.7564,1.13374,-3.29954,5.88324,False,False,False,False
s060,576,1.9245,1.159,1.29189,-3.29954,5.88324,False,False,False,False
s060,577,-0.1973,2.1218,0.994051,-3.29954,5.88324,False,False,False,False
s060,578,-1.9855,1.7882,0.398141,-3.29954,5.88324,False,False,False,False
s060,579,2.4718,4.4573,0.812873,-3.29954,5.88324,False,False,False,False
s060,580,3.7127,1.2409,1.39284,-3.29954,5.88324,False,False,False,False
s060,581,-0.66,4.3727,0.98227,-3.29954,5.88324,False,False,False,False
s060,582,-1.0573,0.3973,0.574356,-3.29954,5.88324,False,False,False,False
s060,583,11.2909,12.3482,2.71767,-3.29954,5.88324,False,False,False,False
s060,584,-1.9573,13.2482,1.78267,-3.29954,5.88324,False,False,False,False
s060,585,-0.4482,1.5091,1.3365,-3.29954,5.88324,False,False,False,False
s060,586,-3.9318,3.4836,0.282838,-3.29954,5.88324,False,False,False,False
s060,587,-2.3355,1.5963,-0.24083,-3.29954,5.88324,False,False,False,False
s060,588,-0.2173,2.1182,-0.236124,-3.29954,5.88324,False,False,False,False
s060,589,-0.6464,0.4291,-0.318179,-3.29954,5.88324,False,False,False,False
s060,590,7.24,7.8864,1.19346,-3.29954,5.88324,False,False,False,False
s060,591,-2.8818,10.1218,0.378406,-3.29954,5.88324,False,False,False,False
s060,592,-0.9409,1.9409,0.114544,-3.29954,5.88324,False,False,False,False
s060,593,2.2855,3.2264,0.548736,-3.29954,5.88324,False,False,False,False
s060,594,0.7227,1.5628,0.583528,-3.29954,5.88324,False,False,False,False
s060,595,4.9073,4.1846,1.44828,-3.29954,5.88324,False,False,False,False
s060,596,2.28,2.6273,1.61463,-3.29954,5.88324,False,False,False,False
s060,597,0.9518,1.3282,1.48206,-3.29954,5.88324,False,False,False,False
s060,598,1.2836,0.3318,1.44237,-3.29954,5.88324,False,False,False,False
s060,599,0.7064,0.5772,1.29518,-3.29954,5.88324,False,False,False,False
s060,600,2.6873,1.9809,1.5736,-3.29954,5.88324,False,False,False,False
s060,601,15.3073,12.62,4.32034,-3.29954,5.88324,True,False,False,False
s060,602,7.9755,7.3318,5.05137,-3.29954,5.88324,False,False,False,False
s060,603,-0.6591,8.6346,3.90928,-3.29954,5.88324,False,False,False,False
s060,604,-2.4609,1.8018,2.63524,-3.29954,5.88324,False,False,False,False
s060,605,1.8173,4.2782,2.47165,-3.29954,5.88324,False,False,False,False
s060,606,-1.1391,2.9564,1.7495,-3.29954,5.88324,False,False,False,False
s060,607,-4.1518,3.0127,0.569242,-3.29954,5.88324,False,False,False,False
s060,608,-0.6936,3.4582,0.316674,-3.29954,5.88324,False,False,False,False
s060,609,0.1891,0.8827,0.291159,-3.29954,5.88324,False,False,False,False
s060,610,2.39,2.2009,0.710927,-3.29954,5.88324,False,False,False,False
s060,611,-0.9127,3.3027,0.386202,-3.29954,5.88324,False,False,False,False
s060,612,0.9409,1.8536,0.497141,-3.29954,5.88324,False,False,False,False
s060,613,-2.0555,2.9964,-0.0133868,-3.29954,5.88324,False,False,False,False
s060,614,-3.1455,1.09,-0.639809,-3.29954,5.88324,False,False,False,False
s060,615,1.5445,4.69,-0.202948,-3.29954,5.88324,False,False,False,False
s060,616,1.4373,0.1072,0.125102,-3.29954,5.88324,False,False,False,False
s060,617,-6.0445,7.4818,-1.10882,-3.29954,5.88324,False,False,False,False
s060,618,1.3791,7.4236,-0.611235,-3.29954,5.88324,False,False,False,False
s060,619,-0.9618,2.3409,-0.681348,-3.29954,5.88324,False,False,False,False
s060,620,1.6073,2.5691,-0.223618,-3.29954,5.88324,False,False,False,False
s060,621,-2.5727,4.18,-0.693435,-3.29954,5.88324,False,False,False,False
s060,622,3.3918,5.9645,0.123612,-3.29954,5.88324,False,False,False,False
s060,623,-1.3773,4.7691,-0.17657,-3.29954,5.88324,False,False,False,False
s060,624,2.0336,3.4109,0.265464,-3.29954,5.88324,False,False,False,False
s060,625,1.5755,0.4581,0.527471,-3.29954,5.88324,False,False,False,False
s060,626,2.5336,0.9581,0.928697,-3.29954,5.88324,False,False,False,False
s060,627,-1.7327,4.2663,0.396418,-3.29954,5.88324,False,False,False,False
s060,628,-5.1655,3.4328,-0.715966,-3.29954,5.88324,False,False,False,False
s060,629,-5.0027,0.1628,-1.57331,-3.29954,5.88324,False,False,False,False
s060,630,-1.0082,3.9945,-1.46029,-3.29954,5.88324,False,False,False,False
s060,631,2.0591,3.0673,-0.756412,-3.29954,5.88324,False,False,False,False
s060,632,-0.17,2.2291,-0.63913,-3.29954,5.88324,False,False,False,False
s060,633,-1.8791,1.7091,-0.887124,-3.29954,5.88324,False,False,False,False
s060,634,53.6818,55.5609,10.0267,-3.29954,5.88324,True,False,False,False
s060,635,2.1145,51.5673,8.44423,-3.29954,5.88324,False,False,False,False
s060,636,-0.9918,3.1063,6.55702,-3.29954,5.88324,False,False,False,False
s060,637,-0.8045,0.1873,5.08472,-3.29954,5.88324,False,False,False,False
s060,638,0.5791,1.3836,4.18359,-3.29954,5.88324,False,False,False,False
s060,639,-4.8145,5.3936,2.38398,-3.29954,5.88324,False,False,False,False
s060,640,-0.0964,4.7181,1.8879,-3.29954,5.88324,False,False,False,False
s060,641,0.34,0.4364,1.57832,-3.29954,5.88324,False,False,False,False
s060,642,1.5127,1.1727,1.5652,-3.29954,5.88324,False,False,False,False
s060,643,-19.9927,21.5054,-2.74638,-3.29954,5.88324,True,False,False,False
s060,644,0.0855,20.0782,-2.18001,-3.29954,5.88324,False,False,False,False
s060,645,3.65,3.5645,-1.01401,-3.29954,5.88324,False,False,False,False
s060,646,5.1,1.45,0.208796,-3.29954,5.88324,False,False,False,False
s060,647,2.4673,2.6327,0.660497,-3.29954,5.88324,False,False,False,False
s060,648,3.8,1.3327,1.2884,-3.29954,5.88324,False,False,False,False
s060,649,-2.6673,6.4673,0.497258,-3.29954,5.88324,False,False,False,False
s060,650,0.3418,3.0091,0.466166,-3.29954,5.88324,False,False,False,False
s060,651,0.23,0.1118,0.418933,-3.29954,5.88324,False,False,False,False
s060,652,-0.7482,0.9782,0.185506,-3.29954,5.88324,False,False,False,False
s060,653,2.74,3.4882,0.696405,-3.29954,5.88324,False,False,False,False
s060,654,0.1491,2.5909,0.586944,-3.29954,5.88324,False,False,False,False
s060,655,1.4982,1.3491,0.769195,-3.29954,5.88324,False,False,False,False
s060,656,-0.3518,1.85,0.544996,-3.29954,5.88324,False,False,False,False
s060,657,1.7991,2.1509,0.795817,-3.29954,5.88324,False,False,False,False
s060,658,-1.71,3.5091,0.294654,-3.29954,5.88324,False,False,False,False
s060,659,2.1918,3.9018,0.674083,-3.29954,5.88324,False,False,False,False
s060,660,-0.2282,2.42,0.493626,-3.29954,5.88324,False,False,False,False
s060,661,-2.7427,2.5145,-0.153639,-3.29954,5.88324,False,False,False,False
s060,662,1.0336,3.7763,0.0838088,-3.29954,5.88324,False,False,False,False
s060,663,-1.2336,2.2672,-0.179673,-3.29954,5.88324,False,False,False,False
s060,664,3.9309,5.1645,0.642442,-3.29954,5.88324,False,False,False,False
s060,665,3.1845,0.7464,1.15085,-3.29954,5.88324,False,False,False,False
s060,666,3.5264,0.3419,1.62596,-3.29954,5.88324,False,False,False,False
s060,667,0.8764,2.65,1.47605,-3.29954,5.88324,False,False,False,False
s060,668,-1.9682,2.8446,0.7872,-3.29954,5.88324,False,False,False,False
s060,669,3.2964,5.2646,1.28904,-3.29954,5.88324,False,False,False,False
s060,670,4.3818,1.0854,1.90759,-3.29954,5.88324,False,False,False,False
s060,671,0.5082,3.8736,1.62771,-3.29954,5.88324,False,False,False,False
s060,672,0.4373,0.0709,1.38963,-3.29954,5.88324,False,False,False,False
s060,673,-0.6609,1.0982,0.979525,-3.29954,5.88324,False,False,False,False
s060,674,2.5055,3.1664,1.28472,-3.29954,5.88324,False,False,False,False
s060,675,0.4027,2.1028,1.10832,-3.29954,5.88324,False,False,False,False
s060,676,-1.2973,1.7,0.627193,-3.29954,5.88324,False,False,False,False
s060,677,4.4827,5.78,1.39829,-3.29954,5.88324,False,False,False,False
s060,678,0.3036,4.1791,1.17936,-3.29954,5.88324,False,False,False,False
s060,679,2.5718,2.2682,1.45784,-3.29954,5.88324,False,False,False,False
s060,680,-0.0555,2.6273,1.15518,-3.29954,5.88324,False,False,False,False
s060,681,-0.4455,0.39,0.83504,-3.29954,5.88324,False,False,False,False
s060,682,-1.1582,0.7127,0.436392,-3.29954,5.88324,False,False,False,False
s060,683,-0.4073,0.7509,0.267654,-3.29954,5.88324,False,False,False,False
s060,684,0.1155,0.5228,0.237223,-3.29954,5.88324,False,False,False,False
s060,685,-8.64,8.7555,-1.53822,-3.29954,5.88324,False,False,False,False
s060,686,3.19,11.83,-0.592577,-3.29954,5.88324,False,False,False,False
s060,687,-2.0836,5.2736,-0.890782,-3.29954,5.88324,False,False,False,False
s060,688,-1.1527,0.9309,-0.943165,-3.29954,5.88324,False,False,False,False
s060,689,2.99,4.1427,-0.156532,-3.29954,5.88324,False,False,False,False
s060,690,1.5582,1.4318,0.186414,-3.29954,5.88324,False,False,False,False
s060,691,-0.5464,2.1046,0.0398513,-3.29954,5.88324,False,False,False,False
s060,692,2.8618,3.4082,0.604241,-3.29954,5.88324,False,False,False,False
s060,693,-4.4482,7.31,-0.406247,-3.29954,5.88324,False,False,False,False
s060,694,2.43,6.8782,0.161002,-3.29954,5.88324,False,False,False,False
s060,695,1.17,1.26,0.362802,-3.29954,5.88324,False,False,False,False
s060,696,-1.93,3.1,-0.0957586,-3.29954,5.88324,False,False,False,False
s060,697,2.6373,4.5673,0.450853,-3.29954,5.88324,False,False,False,False
s060,698,3.4827,0.8454,1.05722,-3.29954,5.88324,False,False,False,False
s060,699,2.0173,1.4654,1.24924,-3.29954,5.88324,False,False,False,False
s060,700,1.5527,0.4646,1.30993,-3.29954,5.88324,False,False,False,False
s060,701,-8.6982,10.2509,-0.691696,-3.29954,5.88324,False,False,False,False
s060,702,-2.3391,6.3591,-1.02118,-3.29954,5.88324,False,False,False,False
s060,703,4.1782,6.5173,0.0186988,-3.29954,5.88324,False,False,False,False
s060,704,4.1455,0.0327,0.844059,-3.29954,5.88324,False,False,False,False
s060,705,4.0555,0.09,1.48635,-3.29954,5.88324,False,False,False,False
s060,706,1.54,2.5155,1.49708,-3.29954,5.88324,False,False,False,False
s060,707,2.8627,1.3227,1.7702,-3.29954,5.88324,False,False,False,False
s060,708,1.7755,1.0872,1.77126,-3.29954,5.88324,False,False,False,False
s060,709,16.6491,14.8736,4.74683,-3.29954,5.88324,True,False,False,False
s060,710,1.9255,14.7236,4.18256,-3.29954,5.88324,False,False,False,True
s060,711,-1.3727,3.2982,3.07151,-3.29954,5.88324,False,False,False,False
s060,712,2.6218,3.9945,2.98157,-3.29954,5.88324,False,False,False,False
s060,713,-0.7782,3.4,2.22961,-3.29954,5.88324,False,False,False,False
s060,714,-0.3918,0.3864,1.70533,-3.29954,5.88324,False,False,False,False
s060,715,-0.9691,0.5773,1.17045,-3.29954,5.88324,False,False,False,False
s060,716,5.0955,6.0646,1.95546,-3.29954,5.88324,False,False,False,False
s060,717,-1.1173,6.2128,1.34091,-3.29954,5.88324,False,False,False,False
s060,718,3.3364,4.4537,1.74,-3.29954,5.88324,False,False,False,False
s060,719,0.9827,2.3537,1.58854,-3.29954,5.88324,False,False,False,False
s060,720,-0.6727,1.6554,1.13629,-3.29954,5.88324,False,False,False,False
s060,721,-0.7891,0.1164,0.751216,-3.29954,5.88324,False,False,False,False
s060,722,1.7618,2.5509,0.953333,-3.29954,5.88324,False,False,False,False
s060,723,2.4582,0.6964,1.25431,-3.29954,5.88324,False,False,False,False
s060,724,2.9373,0.4791,1.5909,-3.29954,5.88324,False,False,False,False
s060,725,1.9491,0.9882,1.66254,-3.29954,5.88324,False,False,False,False
s060,726,-1.4191,3.3682,1.04622,-3.29954,5.88324,False,False,False,False
s060,727,0.2527,1.6718,0.887512,-3.29954,5.88324,False,False,False,False
s060,728,1.5927,1.34,1.02855,-3.29954,5.88324,False,False,False,False
s060,729,1.1845,0.4082,1.05974,-3.29954,5.88324,False,False,False,False
s060,730,-1.5764,2.7609,0.532512,-3.29954,5.88324,False,False,False,False
s060,731,-0.2718,1.3046,0.371649,-3.29954,5.88324,False,False,False,False
s060,732,-2.0291,1.7573,-0.1085,-3.29954,5.88324,False,False,False,False
s060,733,3.5355,5.5646,0.6203,-3.29954,5.88324,False,False,False,False
s060,734,0.8236,2.7119,0.66096,-3.29954,5.88324,False,False,False,False
s060,735,-2.5836,3.4072,0.0120478,-3.29954,5.88324,False,False,False,False
s060,736,3.4491,6.0327,0.699458,-3.29954,5.88324,False,False,False,False
s060,737,1.0518,2.3973,0.769927,-3.29954,5.88324,False,False,False,False
s060,738,3.4391,2.3873,1.30376,-3.29954,5.88324,False,False,False,False
s060,739,-1.89,5.3291,0.665009,-3.29954,5.88324,False,False,False,False
s060,740,1.1627,3.0527,0.764547,-3.29954,5.88324,False,False,False,False
s060,741,-0.3236,1.4863,0.546918,-3.29954,5.88324,False,False,False,False
s060,742,2.1645,2.4881,0.870434,-3.29954,5.88324,False,False,False,False
s060,743,-1.9891,4.1536,0.298527,-3.29954,5.88324,False,False,False,False
s060,744,-0.2482,1.7409,0.189182,-3.29954,5.88324,False,False,False,False
s060,745,-1.6436,1.3954,-0.177374,-3.29954,5.88324,False,False,False,False
s060,746,5.1773,6.8209,0.89356,-3.29954,5.88324,False,False,False,False
s060,747,5.8045,0.6272,1.87575,-3.29954,5.88324,False,False,False,False
s060,748,-2.3691,8.1736,1.02678,-3.29954,5.88324,False,False,False,False
s060,749,5.9491,8.3182,2.01124,-3.29954,5.88324,False,False,False,False
s060,750,5.4964,0.4527,2.70827,-3.29954,5.88324,False,False,False,False
s060,751,4.1464,1.35,2.9959,-3.29954,5.88324,False,False,False,False
s060,752,3.8164,0.33,3.16,-3.29954,5.88324,False,False,False,False
s060,753,2.7582,1.0582,3.07964,-3.29954,5.88324,False,False,False,False
s060,754,-3.0355,5.7937,1.85661,-3.29954,5.88324,False,False,False,False
s060,755,-1.0991,1.9364,1.26547,-3.29954,5.88324,False,False,False,False
s060,756,-0.9045,0.1946,0.831476,-3.29954,5.88324,False,False,False,False
s060,757,0.0282,0.9327,0.67082,-3.29954,5.88324,False,False,False,False
s060,758,-2.1173,2.1455,0.113196,-3.29954,5.88324,False,False,False,False
s060,759,-3.1518,1.0345,-0.539803,-3.29954,5.88324,False,False,False,False
s060,760,-1.4173,1.7345,-0.715302,-3.29954,5.88324,False,False,False,False
s060,761,0.8536,2.2709,-0.401522,-3.29954,5.88324,False,False,False,True
s060,762,-0.1391,0.9927,-0.349038,-3.29954,5.88324,False,False,False,True
s060,763,-1.9982,1.8591,-0.67887,-3.29954,5.88324,False,False,False,True
s060,764,0.5564,2.5546,-0.431816,-3.29954,5.88324,False,False,False,True
s060,765,-0.2418,0.7982,-0.393813,-3.29954,5.88324,False,False,False,True
s060,766,-1.7136,1.4718,-0.65777,-3.29954,5.88324,False,False,False,True
s060,767,-1.3073,0.4063,-0.787676,-3.29954,5.88324,False,False,False,True
s060,768,0.8827,2.19,-0.453601,-3.29954,5.88324,False,False,False,True
s060,769,3.2655,2.3828,0.290219,-3.29954,5.88324,False,False,False,False
s060,770,1.0673,2.1982,0.445635,-3.29954,5.88324,False,False,False,False
s060,771,-0.1773,1.2446,0.321048,-3.29954,5.88324,False,False,False,False
s060,772,3.0791,3.2564,0.872659,-3.29954,5.88324,False,False,False,False
s060,773,3.6664,0.5873,1.43141,-3.29954,5.88324,False,False,False,False
s060,774,4.0555,0.3891,1.95623,-3.29954,5.88324,False,False,False,False
s060,775,-3.2082,7.2637,0.92334,-3.29954,5.88324,False,False,False,False
s060,776,-2.1182,1.09,0.315032,-3.29954,5.88324,False,False,False,False
s060,777,0.4855,2.6037,0.349126,-3.29954,5.88324,False,False,False,False
s060,778,0.3391,0.1464,0.347121,-3.29954,5.88324,False,False,False,False
s060,779,1.4345,1.0954,0.564597,-3.29954,5.88324,False,False,False,False
s060,780,1.8164,0.3819,0.814957,-3.29954,5.88324,False,False,False,False
s060,781,0.56,1.2564,0.763966,-3.29954,5.88324,False,False,False,False
s060,782,-1.1427,1.7027,0.382633,-3.29954,5.88324,False,False,False,False
s060,783,5.4718,6.6145,1.40047,-3.29954,5.88324,False,False,False,False
s060,784,-4.6736,10.1454,0.185653,-3.29954,5.88324,False,False,False,False
s060,785,1.2691,5.9427,0.402342,-3.29954,5.88324,False,False,False,False
s060,786,1.6309,0.3618,0.648054,-3.29954,5.88324,False,False,False,False
s060,787,3.1382,1.5073,1.14608,-3.29954,5.88324,False,False,False,False
s060,788,1.91,1.2282,1.29887,-3.29954,5.88324,False,False,False,False
s060,789,4.3955,2.4855,1.91819,-3.29954,5.88324,False,False,False,False
s060,790,2.1173,2.2782,1.95801,-3.29954,5.88324,False,False,False,False
s060,791,2.3855,0.2682,2.04351,-3.29954,5.88324,False,False,False,False
s060,792,1.2882,1.0973,1.89245,-3.29954,5.88324,False,False,False,False
s060,793,3.9027,2.6145,2.2945,-3.29954,5.88324,False,False,False,False
s060,794,-2.5482,6.4509,1.32596,-3.29954,5.88324,False,False,False,False
s060,795,1.5218,4.07,1.36513,-3.29954,5.88324,False,False,False,False
s060,796,-0.8736,2.3954,0.917382,-3.29954,5.88324,False,False,False,False
s060,797,1.7073,2.5809,1.07537,-3.29954,5.88324,False,False,False,False
s060,798,2.1982,0.4909,1.29993,-3.29954,5.88324,False,False,False,False
s060,799,2.4218,0.2236,1.52431,-3.29954,5.88324,False,False,False,False
s060,800,4.9555,2.5337,2.21054,-3.29954,5.88324,False,False,False,False
s060,801,1.8709,3.0846,2.14262,-3.29954,5.88324,False,False,False,False
s060,802,0.7355,1.1354,1.86119,-3.29954,5.88324,False,False,False,False
s060,803,1.2809,0.5454,1.74513,-3.29954,5.88324,False,False,False,False
s060,804,5.5318,4.2509,2.50247,-3.29954,5.88324,False,False,False,False
s060,805,-3.1227,8.6545,1.37743,-3.29954,5.88324,False,False,False,False
s060,806,6.1855,9.3082,2.33905,-3.29954,5.88324,False,False,False,False
s060,807,1.9936,4.1919,2.26996,-3.29954,5.88324,False,False,False,False
s060,808,0.2436,1.75,1.86469,-3.29954,5.88324,False,False,False,False
s060,809,2.9073,2.6637,2.07321,-3.29954,5.88324,False,False,False,False
s060,810,0.3491,2.5582,1.72839,-3.29954,5.88324,False,False,False,False
s060,811,1.1136,0.7645,1.60543,-3.29954,5.88324,False,False,False,False
s060,812,1.3009,0.1873,1.54452,-3.29954,5.88324,False,False,False,False
s060,813,2.1918,0.8909,1.67398,-3.29954,5.88324,False,False,False,False
s060,814,,,1.67398,-3.29954,5.88324,False,False,False,False
s060,815,0.1809,,1.37536,-3.29954,5.88324,False,False,False,False
s060,816,0.7482,0.5673,1.24993,-3.29954,5.88324,False,False,False,False
s060,817,2.5491,1.8009,1.50976,-3.29954,5.88324,False,False,False,False
s060,818,-0.6645,3.2136,1.07491,-3.29954,5.88324,False,False,False,False
s060,819,6.1882,6.8527,2.09757,-3.29954,5.88324,False,False,False,False
s060,820,4.6209,1.5673,2.60224,-3.29954,5.88324,False,False,False,False
s060,821,3.0345,1.5864,2.68869,-3.29954,5.88324,False,False,False,False
s060,822,-4.2064,7.2409,1.30967,-3.29954,5.88324,False,False,False,False
s060,823,6.1727,10.3791,2.28228,-3.29954,5.88324,False,False,False,False
s060,824,7.3164,1.1437,3.2891,-3.29954,5.88324,False,False,False,False
s060,825,4.5918,2.7246,3.54964,-3.29954,5.88324,False,False,False,False
s060,826,3.2273,1.3645,3.48517,-3.29954,5.88324,False,False,False,False
s060,827,6.6827,3.4554,4.12468,-3.29954,5.88324,False,False,False,False
s060,828,-4.6636,11.3463,2.36702,-3.29954,5.88324,False,False,False,False
s060,829,3.5945,8.2581,2.61252,-3.29954,5.88324,False,False,False,False
s060,830,2.4182,1.1763,2.57365,-3.29954,5.88324,False,False,False,False
s060,831,4.6209,2.2027,2.9831,-3.29954,5.88324,False,False,False,False
s060,832,2.2336,2.3873,2.8332,-3.29954,5.88324,False,False,False,False
s060,833,5.2064,2.9728,3.30784,-3.29954,5.88324,False,False,False,False
s060,834,-0.5718,5.7782,2.53191,-3.29954,5.88324,False,False,False,False
s060,835,7.0273,7.5991,3.43099,-3.29954,5.88324,False,False,False,False
s060,836,2.1145,4.9128,3.16769,-3.29954,5.88324,False,False,False,False
s060,837,2.1973,0.0828,2.97361,-3.29954,5.88324,False,False,False,False
s060,838,4.9118,2.7145,3.36125,-3.29954,5.88324,False,False,False,False
s060,839,4.8127,0.0991,3.65154,-3.29954,5.88324,False,False,False,False
s060,840,4.4445,0.3682,3.81013,-3.29954,5.88324,False,False,False,False
s060,841,5.6155,1.171,4.17121,-3.29954,5.88324,False,False,False,False
s060,842,2.8136,2.8019,3.89969,-3.29954,5.88324,False,False,False,True
s060,843,3.9527,1.1391,3.91029,-3.29954,5.88324,False,False,False,True
s060,844,3.4482,0.5045,3.81787,-3.29954,5.88324,False,False,False,True
s060,845,1.3445,2.1037,3.3232,-3.29954,5.88324,False,False,False,True
s060,846,,,3.3232,-3.29954,5.88324,False,False,False,False
s060,847,0.9591,,2.85038,-3.29954,5.88324,False,False,False,False
s060,848,5.3191,4.36,3.34412,-3.29954,5.88324,False,False,False,False
s060,849,-2.1555,7.4746,2.2442,-3.29954,5.88324,False,False,False,False
s060,850,1.7627,3.9182,2.1479,-3.29954,5.88324,False,False,False,False
s060,851,1.9273,0.1646,2.10378,-3.29954,5.88324,False,False,False,False
s060,852,1.2327,0.6946,1.92956,-3.29954,5.88324,False,False,False,False
s060,853,5.4209,4.1882,2.62783,-3.29954,5.88324,False,False,False,False
s060,854,5.0818,0.3391,3.11862,-3.29954,5.88324,False,False,False,False
s060,855,5.5109,0.4291,3.59708,-3.29954,5.88324,False,False,False,False
s060,856,-0.07,5.5809,2.86366,-3.29954,5.88324,False,False,False,False
s060,857,0.5609,0.6309,2.40311,-3.29954,5.88324,False,False,False,False
s060,858,5.5964,5.0355,3.04177,-3.29954,5.88324,False,False,False,False
s060,859,5.3973,0.1991,3.51287,-3.29954,5.88324,False,False,False,False
s060,860,2.3182,3.0791,3.27394,-3.29954,5.88324,False,False,False,False
s060,861,6.0773,3.7591,3.83461,-3.29954,5.88324,False,False,False,False
s060,862,4.3136,1.7637,3.93041,-3.29954,5.88324,False,False,False,False
s060,863,-2.3509,6.6645,2.67415,-3.29954,5.88324,False,False,False,False
s060,864,1.1618,3.5127,2.37168,-3.29954,5.88324,False,False,False,False
s060,865,0.5764,0.5854,2.01262,-3.29954,5.88324,False,False,False,False
s060,866,6.8491,6.2727,2.97992,-3.29954,5.88324,False,False,False,False
s060,867,-0.7245,7.5736,2.23903,-3.29954,5.88324,False,False,False,False
s060,868,-0.2227,0.5018,1.74669,-3.29954,5.88324,False,False,False,False
s060,869,5.9155,6.1382,2.58045,-3.29954,5.88324,False,False,False,False
s060,870,2.4209,3.4946,2.54854,-3.29954,5.88324,False,False,False,False
s060,871,13.5518,11.1309,4.74919,-3.29954,5.88324,False,False,False,False
s060,872,3.0945,10.4573,4.41825,-3.29954,5.88324,False,False,False,False
s060,873,-1.2336,4.3281,3.28788,-3.29954,5.88324,False,False,False,False
s060,874,4.4409,5.6745,3.51849,-3.29954,5.88324,False,False,False,False
s060,875,-4.6109,9.0518,1.89261,-3.29954,5.88324,False,False,False,False
s060,876,1.89,6.5009,1.89209,-3.29954,5.88324,False,False,False,False
s060,877,0.4527,1.4373,1.60421,-3.29954,5.88324,False,False,False,False
s060,878,-0.2036,0.6563,1.24265,-3.29954,5.88324,False,False,False,False
s060,879,-3.7536,3.55,0.243398,-3.29954,5.88324,False,False,False,False
s060,880,-3.9045,0.1509,-0.586181,-3.29954,5.88324,False,False,False,False
s060,881,-2.81,1.0945,-1.03095,-3.29954,5.88324,False,False,False,False
s060,882,-2.6109,0.1991,-1.34694,-3.29954,5.88324,False,False,False,False
s060,883,-2.6273,0.0164,-1.60301,-3.29954,5.88324,False,False,False,False
s060,884,5.4709,8.0982,-0.188227,-3.29954,5.88324,False,False,False,False
s060,885,0.5218,4.9491,-0.0462217,-3.29954,5.88324,False,False,False,False
s060,886,4.3982,3.8764,0.842663,-3.29954,5.88324,False,False,False,False
s060,887,0.5518,3.8464,0.78449,-3.29954,5.88324,False,False,False,False
s060,888,1.4418,0.89,0.915952,-3.29954,5.88324,False,False,False,False
s060,889,-2.5955,4.0373,0.213662,-3.29954,5.88324,False,False,False,False
s060,890,-4.9018,2.3063,-0.809431,-3.29954,5.88324,False,False,False,False
s060,891,0.7636,5.6654,-0.494825,-3.29954,5.88324,False,False,False,False
s060,892,-2.7845,3.5481,-0.95276,-3.29954,5.88324,False,False,False,False
s060,893,-2.4709,0.3136,-1.25639,-3.29954,5.88324,False,False,False,False
s060,894,-3.2718,0.8009,-1.65947,-3.29954,5.88324,False,False,False,False
s060,895,2.1136,5.3854,-0.904856,-3.29954,5.88324,False,False,False,False
s060,896,3.9291,1.8155,0.0619351,-3.29954,5.88324,False,False,False,False
s060,897,-0.5336,4.4627,-0.0571719,-3.29954,5.88324,False,False,False,False
s060,898,-1.1836,0.65,-0.282458,-3.29954,5.88324,False,False,False,False
s060,899,5.7945,6.9781,0.932934,-3.29954,5.88324,False,False,False,False
s060,900,-4.9682,10.7627,-0.247293,-3.29954,5.88324,False,False,False,False
s060,901,-0.9136,4.0546,-0.380554,-3.29954,5.88324,False,False,False,False
s060,902,-3.65,2.7364,-1.03444,-3.29954,5.88324,False,False,False,False
s060,903,-2.5345,1.1155,-1.33445,-3.29954,5.88324,False,False,False,False
s060,904,0.86,3.3945,-0.895564,-3.29954,5.88324,False,False,False,False
s060,905,-3.4991,4.3591,-1.41627,-3.29954,5.88324,False,False,False,False
s060,906,-5.2327,1.7336,-2.17956,-3.29954,5.88324,False,False,False,False
s060,907,-1.79,3.4427,-2.10165,-3.29954,5.88324,False,False,False,True
s060,908,1.0309,2.8209,-1.47514,-3.29954,5.88324,False,False,False,True
s060,909,-4.0109,5.0418,-1.98229,-3.29954,5.88324,False,False,False,True
s060,910,1.4727,5.4836,-1.29129,-3.29954,5.88324,False,False,False,False
s060,911,-1.2427,2.7154,-1.28157,-3.29954,5.88324,False,False,False,False
s060,912,2.4845,3.7272,-0.528358,-3.29954,5.88324,False,False,False,False
s060,913,0.79,1.6945,-0.264687,-3.29954,5.88324,False,False,False,False
s060,914,5.6618,4.8718,0.920611,-3.29954,5.88324,False,False,False,False
s060,915,-2.4345,8.0963,0.249588,-3.29954,5.88324,False,False,False,False
s060,916,-1.4027,1.0318,-0.0808692,-3.29954,5.88324,False,False,False,False
s060,917,-4.5936,3.1909,-0.983415,-3.29954,5.88324,False,False,False,False
s060,918,-0.3309,4.2627,-0.852912,-3.29954,5.88324,False,False,False,False
s060,919,2.6718,3.0027,-0.14797,-3.29954,5.88324,False,False,False,False
s060,920,4.9845,2.3127,0.878524,-3.29954,5.88324,False,False,False,False
s060,921,-3.4445,8.429,0.0139193,-3.29954,5.88324,False,False,False,False
s060,922,2.2855,5.73,0.468235,-3.29954,5.88324,False,False,False,False
s060,923,22.4673,20.1818,4.86805,-3.29954,5.88324,True,False,False,False
s060,924,6.5645,15.9028,5.20734,-3.29954,5.88324,False,False,False,False
s060,925,-4.6227,11.1872,3.24133,-3.29954,5.88324,False,False,False,False
s060,926,5.5455,10.1682,3.70216,-3.29954,5.88324,False,False,False,False
s060,927,-2.1518,7.6973,2.53137,-3.29954,5.88324,False,False,False,False
s060,928,6.25,8.4018,3.2751,-3.29954,5.88324,False,False,False,False
s060,929,3.2509,2.9991,3.27026,-3.29954,5.88324,False,False,False,False
s060,930,0.9909,2.26,2.81439,-3.29954,5.88324,False,False,False,False
s060,931,-3.8655,4.8564,1.47841,-3.29954,5.88324,False,False,False,False
s060,932,-0.75,3.1155,1.03273,-3.29954,5.88324,False,False,False,False
s060,933,0.2745,1.0245,0.881082,-3.29954,5.88324,False,False,False,False
s060,934,-5.9273,6.2018,-0.480595,-3.29954,5.88324,False,False,False,False
s060,935,-2.9209,3.0064,-0.968656,-3.29954,5.88324,False,False,False,False
s060,936,-3.74,0.8191,-1.52292,-3.29954,5.88324,False,False,False,False
s060,937,-0.0691,3.6709,-1.23216,-3.29954,5.88324,False,False,False,True
s060,938,5.1136,5.1827,0.0369923,-3.29954,5.88324,False,False,False,False
s060,939,1.7082,3.4054,0.371234,-3.29954,5.88324,False,False,False,False
s060,940,1.5555,0.1527,0.608087,-3.29954,5.88324,False,False,False,False
s060,941,1.3136,0.2419,0.74919,-3.29954,5.88324,False,False,False,False
s060,942,-1.0182,2.3318,0.395712,-3.29954,5.88324,False,False,False,False
s060,943,-0.9945,0.0237,0.117669,-3.29954,5.88324,False,False,False,False
s060,944,-0.9236,0.0709,-0.0905845,-3.29954,5.88324,False,False,False,False
s060,945,-0.6609,0.2627,-0.204648,-3.29954,5.88324,False,False,False,False
s060,946,-0.1918,0.4691,-0.202078,-3.29954,5.88324,False,False,False,False
s060,947,-2.2818,2.09,-0.618022,-3.29954,5.88324,False,False,False,False
s060,948,-5.9336,3.6518,-1.68114,-3.29954,5.88324,False,False,False,False
s060,949,5.7182,11.6518,-0.20127,-3.29954,5.88324,False,False,False,False
s060,950,-5.1255,10.8437,-1.18612,-3.29954,5.88324,False,False,False,False
s060,951,-2.1309,2.9946,-1.37507,-3.29954,5.88324,False,False,False,False
s060,952,0.42,2.5509,-1.01606,-3.29954,5.88324,False,False,False,False
s060,953,-1.1945,1.6145,-1.05175,-3.29954,5.88324,False,False,False,False
s060,954,-3.5291,2.3346,-1.54722,-3.29954,5.88324,False,False,False,False
s060,955,-3.4291,0.1,-1.92359,-3.29954,5.88324,False,False,False,False
s060,956,-2.1709,1.2582,-1.97306,-3.29954,5.88324,False,False,False,False
s060,957,-5.9573,3.7864,-2.7699,-3.29954,5.88324,False,False,False,True
s060,958,-1.0464,4.9109,-2.4252,-3.29954,5.88324,False,False,False,True
s060,959,4.2391,5.2855,-1.09234,-3.29954,5.88324,False,False,False,False
s060,960,-1.6873,5.9264,-1.21133,-3.29954,5.88324,False,False,False,False
s060,961,1.0145,2.7018,-0.766167,-3.29954,5.88324,False,False,False,False
s060,962,-0.8727,1.8872,-0.787474,-3.29954,5.88324,False,False,False,False
s060,963,-4.2364,3.3637,-1.47726,-3.29954,5.88324,False,False,False,False
s060,964,-5.1391,0.9027,-2.20963,-3.29954,5.88324,False,False,False,False
s060,965,1.54,6.6791,-1.4597,-3.29954,5.88324,False,False,False,False
s060,966,0.1082,1.4318,-1.14612,-3.29954,5.88324,False,False,False,False
s060,967,-1.67,1.7782,-1.2509,-3.29954,5.88324,False,False,False,False
s060,968,-4.89,3.22,-1.97872,-3.29954,5.88324,False,False,False,False
s060,969,-6.5282,1.6382,-2.88861,-3.29954,5.88324,False,False,False,False
s060,970,7.03,13.5582,-0.904891,-3.29954,5.88324,False,False,False,False
s060,971,-2.6355,9.6655,-1.25101,-3.29954,5.88324,False,False,False,False
s060,972,1.3936,4.0291,-0.72209,-3.29954,5.88324,False,False,False,False
s060,973,-3.7045,5.0981,-1.31857,-3.29954,5.88324,False,False,False,False
s060,974,-0.45,3.2545,-1.14486,-3.29954,5.88324,False,False,False,False
s060,975,-1.4564,1.0064,-1.20717,-3.29954,5.88324,False,False,False,False
s060,976,-2.6364,1.18,-1.49301,-3.29954,5.88324,False,False,False,False
s060,977,3.9818,6.6182,-0.39805,-3.29954,5.88324,False,False,False,False
s060,978,-4.2327,8.2145,-1.16498,-3.29954,5.88324,False,False,False,False
s060,979,-0.8045,3.4282,-1.09288,-3.29954,5.88324,False,False,False,False
s060,980,-0.0164,0.7881,-0.877587,-3.29954,5.88324,False,False,False,False
s060,981,0.7827,0.7991,-0.54553,-3.29954,5.88324,False,False,False,False
s060,982,-0.4409,1.2236,-0.524604,-3.29954,5.88324,False,False,False,False
s060,983,2.1136,2.5545,0.00303684,-3.29954,5.88324,False,False,False,False
s060,984,-1.66,3.7736,-0.329571,-3.29954,5.88324,False,False,False,False
s060,985,3.0982,4.7582,0.355984,-3.29954,5.88324,False,False,False,False
s060,986,1.4009,1.6973,0.564967,-3.29954,5.88324,False,False,False,False
s060,987,1.1855,0.2154,0.689073,-3.29954,5.88324,False,False,False,False
s060,988,-2.6655,3.851,0.0181588,-3.29954,5.88324,False,False,False,False
s060,989,-1.31,1.3555,-0.247473,-3.29954,5.88324,False,False,False,False
s060,990,-3.8836,2.5736,-0.974698,-3.29954,5.88324,False,False,False,False
s060,991,-1.5945,2.2891,-1.09866,-3.29954,5.88324,False,False,False,False
s060,992,-1.7155,0.121,-1.22203,-3.29954,5.88324,False,False,False,False
s060,993,-3.2882,1.5727,-1.63526,-3.29954,5.88324,False,False,False,False
s060,994,-2.9182,0.37,-1.89185,-3.29954,5.88324,False,False,False,True
s060,995,,,-1.89185,-3.29954,5.88324,False,False,False,False
s060,996,-3.0882,,-2.13112,-3.29954,5.88324,False,False,False,False
s060,997,-0.0045,3.0837,-1.7058,-3.29954,5.88324,False,False,False,False
s060,998,-5.8564,5.8519,-2.53592,-3.29954,5.88324,False,False,False,False
s060,999,3.9673,9.8237,-1.23527,-3.29954,5.88324,False,False,False,False
s060,1000,0.7,3.2673,-0.848219,-3.29954,5.88324,False,False,False,False
s060,1001,-6.6618,7.3618,-2.01093,-3.29954,5.88324,False,False,False,False
s060,1002,2.6345,9.2963,-1.08185,-3.29954,5.88324,False,False,False,False
s060,1003,-0.6327,3.2672,-0.992018,-3.29954,5.88324,False,False,False,False
s060,1004,-5.8818,5.2491,-1.96997,-3.29954,5.88324,False,False,False,False
s060,1005,-2.2636,3.6182,-2.0287,-3.29954,5.88324,False,False,False,False
s060,1006,0.7382,3.0018,-1.47532,-3.29954,5.88324,False,False,False,False
s060,1007,4.9082,4.17,-0.198616,-3.29954,5.88324,False,False,False,False
s060,1008,-1.1764,6.0846,-0.394173,-3.29954,5.88324,False,False,False,False
s060,1009,-3.1182,1.9418,-0.938978,-3.29954,5.88324,False,False,False,False
s060,1010,-2.5191,0.5991,-1.255,-3.29954,5.88324,False,False,False,False
s060,1011,-0.9,1.6191,-1.184,-3.29954,5.88324,False,False,False,False
s060,1012,2.23,3.13,-0.501202,-3.29954,5.88324,False,False,False,False
s060,1013,-1.0909,3.3209,-0.619141,-3.29954,5.88324,False,False,False,False
s060,1014,-6.0845,4.9936,-1.71221,-3.29954,5.88324,False,False,False,False
s060,1015,0.4382,6.5227,-1.28213,-3.29954,5.88324,False,False,False,False
s060,1016,2.6227,2.1845,-0.501164,-3.29954,5.88324,False,False,False,False
s060,1017,-6.3391,8.9618,-1.66875,-3.29954,5.88324,False,False,False,False
s060,1018,-2.67,3.6691,-1.869,-3.29954,5.88324,False,False,False,False
s060,1019,-2.3891,0.2809,-1.97302,-3.29954,5.88324,False,False,False,False
s060,1020,-3.9218,1.5327,-2.36278,-3.29954,5.88324,False,False,False,False
s060,1021,-5.52,1.5982,-2.99422,-3.29954,5.88324,False,False,False,False
s060,1022,-0.0636,5.4564,-2.4081,-3.29954,5.88324,False,False,False,False
s060,1023,-1.5991,1.5355,-2.2463,-3.29954,5.88324,False,False,False,False
s060,1024,-2.2191,0.62,-2.24086,-3.29954,5.88324,False,False,False,True
s060,1025,2.9864,5.2055,-1.19541,-3.29954,5.88324,False,False,False,False
s060,1026,0.2464,2.74,-0.907045,-3.29954,5.88324,False,False,False,False
s060,1027,0.7136,0.4672,-0.582916,-3.29954,5.88324,False,False,False,False
s060,1028,-3.9555,4.6691,-1.25743,-3.29954,5.88324,False,False,False,False
s060,1029,0.5609,4.5164,-0.893766,-3.29954,5.88324,False,False,False,False
s060,1030,-2.5682,3.1291,-1.22865,-3.29954,5.88324,False,False,False,False
s060,1031,-1.2991,1.2691,-1.24274,-3.29954,5.88324,False,False,False,False
s060,1032,-2.7282,1.4291,-1.53983,-3.29954,5.88324,False,False,False,False
s060,1033,-5.4691,2.7409,-2.32569,-3.29954,5.88324,False,False,False,True
s060,1034,-2.1,3.3691,-2.28055,-3.29954,5.88324,False,False,False,True
s060,1035,-1.9827,0.1173,-2.22098,-3.29954,5.88324,False,False,False,True
s060,1036,-1.0545,0.9282,-1.98768,-3.29954,5.88324,False,False,False,True
s060,1037,-3.2055,2.151,-2.23125,-3.29954,5.88324,False,False,False,True
s060,1038,1.4609,4.6664,-1.49282,-3.29954,5.88324,False,False,False,False
s060,1039,-3.1227,4.5836,-1.81879,-3.29954,5.88324,False,False,False,False
s060,1040,-3.7509,0.6282,-2.20522,-3.29954,5.88324,False,False,False,False
s060,1041,-3.2945,0.4564,-2.42307,-3.29954,5.88324,False,False,False,False
s060,1042,-1.56,1.7345,-2.25046,-3.29954,5.88324,False,False,False,False
s060,1043,-1.0409,0.5191,-2.00855,-3.29954,5.88324,False,False,False,False
s060,1044,-1.24,0.1991,-1.85484,-3.29954,5.88324,False,False,False,False
s060,1045,-4.4882,3.2482,-2.38151,-3.29954,5.88324,False,False,False,False
s060,1046,1.4409,5.9291,-1.61703,-3.29954,5.88324,False,False,False,False
s060,1047,-0.0509,1.4918,-1.3038,-3.29954,5.88324,False,False,False,False
s060,1048,1.7318,1.7827,-0.696682,-3.29954,5.88324,False,False,False,False
s060,1049,-0.2436,1.9754,-0.606065,-3.29954,5.88324,False,False,False,False
s060,1050,0.38,0.6236,-0.408852,-3.29954,5.88324,False,False,False,False
s060,1051,-2.1409,2.5209,-0.755262,-3.29954,5.88324,False,False,False,False
s060,1052,-2.0655,0.0754,-1.01731,-3.29954,5.88324,False,False,False,False
s060,1053,-4.3955,2.33,-1.69295,-3.29954,5.88324,False,False,False,False
s060,1054,-1.9291,2.4664,-1.74018,-3.29954,5.88324,False,False,False,False
s060,1055,-4.6591,2.73,-2.32396,-3.29954,5.88324,False,False,False,False
s060,1056,-0.5327,4.1264,-1.96571,-3.29954,5.88324,False,False,False,True
s060,1057,-1.0827,0.55,-1.78911,-3.29954,5.88324,False,False,False,True
s060,1058,-0.3727,0.71,-1.50583,-3.29954,5.88324,False,False,False,True
s060,1059,-1.0473,0.6746,-1.41412,-3.29954,5.88324,False,False,False,True
s060,1060,0.9736,2.0209,-0.936577,-3.29954,5.88324,False,False,False,True
s060,1061,-3.9509,4.9245,-1.53944,-3.29954,5.88324,False,False,False,True
s060,1062,1.0027,4.9536,-1.03101,-3.29954,5.88324,False,False,False,True
s060,1063,2.8109,1.8082,-0.262631,-3.29954,5.88324,False,False,False,False
s060,1064,-3.6145,6.4254,-0.933004,-3.29954,5.88324,False,False,False,False
s060,1065,-5.76,2.1455,-1.8984,-3.29954,5.88324,False,False,False,False
s060,1066,-1.6109,4.1491,-1.8409,-3.29954,5.88324,False,False,False,False
s060,1067,2.32,3.9309,-1.00872,-3.29954,5.88324,False,False,False,False
s060,1068,-1.2491,3.5691,-1.0568,-3.29954,5.88324,False,False,False,False
s060,1069,0.1873,1.4364,-0.807978,-3.29954,5.88324,False,False,False,False
s060,1070,4.8791,4.6918,0.329437,-3.29954,5.88324,False,False,False,False
s060,1071,-2.0209,6.9,-0.14063,-3.29954,5.88324,False,False,False,False
s060,1072,-0.7391,1.2818,-0.260324,-3.29954,5.88324,False,False,False,False
s060,1073,-2.8727,2.1336,-0.782799,-3.29954,5.88324,False,False,False,False
s060,1074,2.6036,5.4763,-0.105519,-3.29954,5.88324,False,False,False,False
s060,1075,-5.9418,8.5454,-1.27278,-3.29954,5.88324,False,False,False,False
s060,1076,-4.9891,0.9527,-2.01604,-3.29954,5.88324,False,False,False,False
s060,1077,-2.9718,2.0173,-2.20719,-3.29954,5.88324,False,False,False,False
s060,1078,-0.9364,2.0354,-1.95303,-3.29954,5.88324,False,False,False,False
s060,1079,1.1673,2.1037,-1.32897,-3.29954,5.88324,False,False,False,False
s060,1080,0.6009,0.5664,-0.942994,-3.29954,5.88324,False,False,False,False
s060,1081,2.6473,2.0464,-0.224935,-3.29954,5.88324,False,False,False,False
s060,1082,0.5364,2.1109,-0.072668,-3.29954,5.88324,False,False,False,False
s060,1083,-2.5036,3.04,-0.558854,-3.29954,5.88324,False,False,False,False
s060,1084,-0.6327,1.8709,-0.573623,-3.29954,5.88324,False,False,False,False
s060,1085,0.77,1.4027,-0.304899,-3.29954,5.88324,False,False,False,False
s060,1086,-3.1818,3.9518,-0.880279,-3.29954,5.88324,False,False,False,False
s060,1087,-0.8436,2.3382,-0.872943,-3.29954,5.88324,False,False,False,False
s060,1088,-2.2409,1.3973,-1.14653,-3.29954,5.88324,False,False,False,False
s060,1089,2.2982,4.5391,-0.457588,-3.29954,5.88324,False,False,False,False
s060,1090,-3.1255,5.4237,-0.99117,-3.29954,5.88324,False,False,False,False
s060,1091,-1.1727,1.9528,-1.02748,-3.29954,5.88324,False,False,False,False
s060,1092,1.2955,2.4682,-0.562881,-3.29954,5.88324,False,False,False,False
s060,1093,-2.9727,4.2682,-1.04484,-3.29954,5.88324,False,False,False,False
s060,1094,4.3955,7.3682,0.0432242,-3.29954,5.88324,False,False,False,False
s060,1095,-3.4964,7.8919,-0.664701,-3.29954,5.88324,False,False,False,False
s060,1096,-3.2155,0.2809,-1.17486,-3.29954,5.88324,False,False,False,False
s060,1097,2.0282,5.2437,-0.534248,-3.29954,5.88324,False,False,False,False
s060,1098,-3.6155,5.6437,-1.1505,-3.29954,5.88324,False,False,False,False
s060,1099,-4.1018,0.4863,-1.74076,-3.29954,5.88324,False,False,False,False
s060,1100,0.1982,4.3,-1.35297,-3.29954,5.88324,False,False,False,False
s060,1101,-5.9682,6.1664,-2.27601,-3.29954,5.88324,False,False,False,False
s060,1102,-1.4409,4.5273,-2.10899,-3.29954,5.88324,False,False,False,False
s060,1103,-2.6709,1.23,-2.22137,-3.29954,5.88324,False,False,False,False
s060,1104,0.0327,2.7036,-1.77056,-3.29954,5.88324,False,False,False,False
s060,1105,1.7018,1.6691,-1.07609,-3.29954,5.88324,False,False,False,False
s060,1106,-3.3455,5.0473,-1.52997,-3.29954,5.88324,False,False,False,False
s060,1107,-2.4373,0.9082,-1.71144,-3.29954,5.88324,False,False,False,False
s060,1108,-6.0455,3.6082,-2.57825,-3.29954,5.88324,False,False,False,False
s060,1109,-3.2255,2.82,-2.7077,-3.29954,5.88324,False,False,False,False
s060,1110,-9.1,5.8745,-3.98616,-3.29954,5.88324,False,False,False,False
s060,1111,2.2727,11.3727,-2.73439,-3.29954,5.88324,False,False,False,False
s060,1112,-0.9536,3.2263,-2.37823,-3.29954,5.88324,False,False,False,False
s060,1113,-2.5027,1.5491,-2.40312,-3.29954,5.88324,False,False,False,False
s060,1114,-3.8791,1.3764,-2.69832,-3.29954,5.88324,False,False,False,False
s060,1115,-6.6409,2.7618,-3.48684,-3.29954,5.88324,False,False,False,False
s060,1116,-5.6945,0.9464,-3.92837,-3.29954,5.88324,False,False,False,False
s060,1117,1.5927,7.2872,-2.82415,-3.29954,5.88324,False,False,False,False
s060,1118,-2.5345,4.1272,-2.76622,-3.29954,5.88324,False,False,False,False
s060,1119,-0.5955,1.939,-2.33208,-3.29954,5.88324,False,False,False,False
s060,1120,-4.7818,4.1863,-2.82202,-3.29954,5.88324,False,False,False,False
s060,1121,1.63,6.4118,-1.93162,-3.29954,5.88324,False,False,False,False
s060,1122,-0.4109,2.0409,-1.62747,-3.29954,5.88324,False,False,False,False
s060,1123,-2.9573,2.5464,-1.89344,-3.29954,5.88324,False,False,False,False
s060,1124,-0.2136,2.7437,-1.55747,-3.29954,5.88324,False,False,False,False
s060,1125,-1.6045,1.3909,-1.56688,-3.29954,5.88324,False,False,False,False
s060,1126,-0.0236,1.5809,-1.25822,-3.29954,5.88324,False,False,False,False
s060,1127,-0.0882,0.0646,-1.02422,-3.29954,5.88324,False,False,False,False
s060,1128,-0.5973,0.5091,-0.938834,-3.29954,5.88324,False,False,False,False
s060,1129,-0.4682,0.1291,-0.844707,-3.29954,5.88324,False,False,False,True
s060,1130,-4.7991,4.3309,-1.63559,-3.29954,5.88324,False,False,False,True
s060,1131,-0.0073,4.7918,-1.30993,-3.29954,5.88324,False,False,False,True
s060,1132,-2.5436,2.5363,-1.55666,-3.29954,5.88324,False,False,False,True
s060,1133,3.9982,6.5418,-0.44569,-3.29954,5.88324,False,False,False,False
s060,1134,-0.5745,4.5727,-0.471452,-3.29954,5.88324,False,False,False,False
s060,1135,-9.4318,8.8573,-2.26352,-3.29954,5.88324,False,False,False,False
s060,1136,1.47,10.9018,-1.51682,-3.29954,5.88324,False,False,False,False
s060,1137,3.1645,1.6945,-0.580554,-3.29954,5.88324,False,False,False,False
s060,1138,-0.8173,3.9818,-0.627903,-3.29954,5.88324,False,False,False,False
s060,1139,4.1655,4.9828,0.330777,-3.29954,5.88324,False,False,False,False
s060,1140,-4.15,8.3155,-0.565378,-3.29954,5.88324,False,False,False,False
s060,1141,3.2173,7.3673,0.191158,-3.29954,5.88324,False,False,False,False
s060,1142,-2.9355,6.1528,-0.434174,-3.29954,5.88324,False,False,False,False
s060,1143,-4.4927,1.5572,-1.24588,-3.29954,5.88324,False,False,False,False
s060,1144,-5.3318,0.8391,-2.06306,-3.29954,5.88324,False,False,False,False
s060,1145,-0.2627,5.0691,-1.70299,-3.29954,5.88324,False,False,False,False
s060,1146,-4.8382,4.5755,-2.33003,-3.29954,5.88324,False,False,False,False
s060,1147,-1.02,3.8182,-2.06803,-3.29954,5.88324,False,False,False,False
s060,1148,-0.5045,0.5155,-1.75532,-3.29954,5.88324,False,False,False,False
s060,1149,-0.1545,0.35,-1.43516,-3.29954,5.88324,False,False,False,True
s060,1150,-1.6864,1.5319,-1.48541,-3.29954,5.88324,False,False,False,True
s060,1151,-0.8218,0.8646,-1.35268,-3.29954,5.88324,False,False,False,True
s060,1152,1.6336,2.4554,-0.755427,-3.29954,5.88324,False,False,False,False
s060,1153,-1.4973,3.1309,-0.903802,-3.29954,5.88324,False,False,False,False
s060,1154,4.0809,5.5782,0.0931385,-3.29954,5.88324,False,False,False,False
s060,1155,2.8464,1.2345,0.643791,-3.29954,5.88324,False,False,False,False
s060,1156,3.6536,0.8072,1.24575,-3.29954,5.88324,False,False,False,False
s060,1157,-1.4355,5.0891,0.709502,-3.29954,5.88324,False,False,False,False
s060,1158,-0.7155,0.72,0.424502,-3.29954,5.88324,False,False,False,False
s060,1159,0.3209,1.0364,0.403781,-3.29954,5.88324,False,False,False,False
s060,1160,-4.4109,4.7318,-0.559155,-3.29954,5.88324,False,False,False,False
s060,1161,-5.7473,1.3364,-1.59678,-3.29954,5.88324,False,False,False,False
s060,1162,-0.0945,5.6528,-1.29633,-3.29954,5.88324,False,False,False,False
s060,1163,2.0909,2.1854,-0.618882,-3.29954,5.88324,False,False,False,False
s060,1164,-0.1464,2.2373,-0.524385,-3.29954,5.88324,False,False,False,False
s060,1165,1.1473,1.2937,-0.190048,-3.29954,5.88324,False,False,False,False
s060,1166,-1.9382,3.0855,-0.539679,-3.29954,5.88324,False,False,False,False
s060,1167,3.5436,5.4818,0.276977,-3.29954,5.88324,False,False,False,False
s060,1168,0.2073,3.3363,0.263042,-3.29954,5.88324,False,False,False,False
s060,1169,-0.1191,0.3264,0.186613,-3.29954,5.88324,False,False,False,False
s060,1170,-1.8827,1.7636,-0.227249,-3.29954,5.88324,False,False,False,False
s060,1171,3.3882,5.2709,0.495841,-3.29954,5.88324,False,False,False,False
s060,1172,4.5382,1.15,1.30431,-3.29954,5.88324,False,False,False,False
s060,1173,0.4982,4.04,1.14309,-3.29954,5.88324,False,False,False,False
s060,1174,4.0736,3.5754,1.72919,-3.29954,5.88324,False,False,False,False
s060,1175,1.4427,2.6309,1.67189,-3.29954,5.88324,False,False,False,False
s060,1176,1,0.4427,1.53751,-3.29954,5.88324,False,False,False,False
s060,1177,-0.95,1.95,1.04001,-3.29954,5.88324,False,False,False,False
s060,1178,-2.2364,1.2864,0.38473,-3.29954,5.88324,False,False,False,False
s060,1179,1.2236,3.46,0.552504,-3.29954,5.88324,False,False,False,False
s060,1180,1.3555,0.1319,0.713103,-3.29954,5.88324,False,False,False,False
s060,1181,0.59,0.7655,0.688482,-3.29954,5.88324,False,False,False,False
s060,1182,4.5355,3.9455,1.45789,-3.29954,5.88324,False,False,False,False
s060,1183,-2.3364,6.8719,0.699029,-3.29954,5.88324,False,False,False,False
s060,1184,-10.4455,8.1091,-1.52988,-3.29954,5.88324,False,False,False,False
s060,1185,-2.9491,7.4964,-1.81372,-3.29954,5.88324,False,False,False,False
s060,1186,0.4782,3.4273,-1.35534,-3.29954,5.88324,False,False,False,False
s060,1187,1.4055,0.9273,-0.80317,-3.29954,5.88324,False,False,False,False
s060,1188,-7.0082,8.4137,-2.04418,-3.29954,5.88324,False,False,False,False
s060,1189,1.9336,8.9418,-1.24862,-3.29954,5.88324,False,False,False,False
s060,1190,6.3491,4.4155,0.270923,-3.29954,5.88324,False,False,False,False
s060,1191,6.2755,0.0736,1.47184,-3.29954,5.88324,False,False,False,False
s060,1192,5.6364,0.6391,2.30475,-3.29954,5.88324,False,False,False,False
s060,1193,-3.7791,9.4155,1.08798,-3.29954,5.88324,False,False,False,False
s060,1194,-1.9482,1.8309,0.480745,-3.29954,5.88324,False,False,False,False
s060,1195,1.3282,3.2764,0.650236,-3.29954,5.88324,False,False,False,False
s060,1196,0.1536,1.1746,0.550909,-3.29954,5.88324,False,False,False,False
s060,1197,-1.3127,1.4663,0.178187,-3.29954,5.88324,False,False,False,False
s060,1198,-1.86,0.5473,-0.229451,-3.29954,5.88324,False,False,False,False
s060,1199,3.4318,5.2918,0.5028,-3.29954,5.88324,False,False,False,False
s060,1200,3.1764,0.2554,1.03752,-3.29954,5.88324,False,False,False,False
s060,1201,-2.3591,5.5355,0.358196,-3.29954,5.88324,False,False,False,False
s060,1202,2.3418,4.7009,0.754917,-3.29954,5.88324,False,False,False,False
s060,1203,-6.0255,8.3673,-0.601167,-3.29954,5.88324,False,False,False,False
s060,1204,0.1973,6.2228,-0.441473,-3.29954,5.88324,False,False,False,False
s060,1205,2.0673,1.87,0.0602813,-3.29954,5.88324,False,False,False,False
s060,1206,,,0.0602813,-3.29954,5.88324,False,False,False,False
s060,1207,0.2355,,0.095325,-3.29954,5.88324,False,False,False,False
s060,1208,-3.01,3.2455,-0.52574,-3.29954,5.88324,False,False,False,False
s060,1209,1.28,4.29,-0.164592,-3.29954,5.88324,False,False,False,False
s060,1210,2.2009,0.9209,0.308506,-3.29954,5.88324,False,False,False,False
s060,1211,-3.0055,5.2064,-0.354295,-3.29954,5.88324,False,False,False,False
s060,1212,-1.0982,1.9073,-0.503076,-3.29954,5.88324,False,False,False,False
s060,1213,-2.0309,0.9327,-0.808641,-3.29954,5.88324,False,False,False,False
s060,1214,-6.6464,4.6155,-1.97619,-3.29954,5.88324,False,False,False,False
s060,1215,-0.5455,6.1009,-1.69005,-3.29954,5.88324,False,False,False,False
s060,1216,-7.1518,6.6063,-2.7824,-3.29954,5.88324,False,False,False,False
s060,1217,-6.3845,0.7673,-3.50282,-3.29954,5.88324,False,False,False,False
s060,1218,-0.1545,6.23,-2.83316,-3.29954,5.88324,False,False,False,True
s060,1219,-1.4327,1.2782,-2.55307,-3.29954,5.88324,False,False,False,True
s060,1220,-5.65,4.2173,-3.17245,-3.29954,5.88324,False,False,False,True
s060,1221,0.6573,6.3073,-2.4065,-3.29954,5.88324,False,False,False,True
s060,1222,-1.9727,2.63,-2.31974,-3.29954,5.88324,False,False,False,True
s060,1223,5.0691,7.0418,-0.841974,-3.29954,5.88324,False,False,False,False
s060,1224,-0.5127,5.5818,-0.776119,-3.29954,5.88324,False,False,False,False
s060,1225,4.1591,4.6718,0.210925,-3.29954,5.88324,False,False,False,False
s060,1226,3.1373,1.0218,0.7962,-3.29954,5.88324,False,False,False,False
s060,1227,3.8682,0.7309,1.4106,-3.29954,5.88324,False,False,False,False
s060,1228,-5.4145,9.2827,0.0455799,-3.29954,5.88324,False,False,False,False
s060,1229,-0.6818,4.7327,-0.099896,-3.29954,5.88324,False,False,False,False
s060,1230,4.6891,5.3709,0.857903,-3.29954,5.88324,False,False,False,False
s060,1231,0.7736,3.9155,0.841043,-3.29954,5.88324,False,False,False,False
s060,1232,-0.7109,1.4845,0.530654,-3.29954,5.88324,False,False,False,False
s060,1233,3.1527,3.8636,1.05506,-3.29954,5.88324,False,False,False,False
s060,1234,,,1.05506,-3.29954,5.88324,False,False,False,False
s060,1235,-3.8864,,0.0667706,-3.29954,5.88324,False,False,False,False
s060,1236,-6.8764,2.99,-1.32186,-3.29954,5.88324,False,False,False,False
s060,1237,-0.3955,6.4809,-1.13659,-3.29954,5.88324,False,False,False,False
s060,1238,0.1364,0.5319,-0.881993,-3.29954,5.88324,False,False,False,False
s060,1239,0.5536,0.4172,-0.594874,-3.29954,5.88324,False,False,False,False
s060,1240,3.2573,2.7037,0.175561,-3.29954,5.88324,False,False,False,False
s060,1241,0.8527,2.4046,0.310989,-3.29954,5.88324,False,False,False,False
s060,1242,-5.7091,6.5618,-0.893029,-3.29954,5.88324,False,False,False,False
s060,1243,3.0718,8.7809,-0.100063,-3.29954,5.88324,False,False,False,False
s060,1244,4.9382,1.8664,0.907589,-3.29954,5.88324,False,False,False,False
s060,1245,2.8727,2.0655,1.30061,-3.29954,5.88324,False,False,False,False
s060,1246,-0.63,3.5027,0.914489,-3.29954,5.88324,False,False,False,False
s060,1247,-1.4355,0.8055,0.444491,-3.29954,5.88324,False,False,False,False
s060,1248,3.7136,5.1491,1.09831,-3.29954,5.88324,False,False,False,False
s060,1249,1.04,2.6736,1.08665,-3.29954,5.88324,False,False,False,False
s060,1250,-3.0909,4.1309,0.25114,-3.29954,5.88324,False,False,False,False
s060,1251,-1.41,1.6809,-0.0810877,-3.29954,5.88324,False,False,False,False
s060,1252,-0.0182,1.3918,-0.0685102,-3.29954,5.88324,False,False,False,False
s060,1253,2.9282,2.9464,0.530832,-3.29954,5.88324,False,False,False,False
s060,1254,3.8882,0.96,1.20231,-3.29954,5.88324,False,False,False,False
s060,1255,-3.5727,7.4609,0.247304,-3.29954,5.88324,False,False,False,False
s060,1256,0.1627,3.7354,0.230384,-3.29954,5.88324,False,False,False,False
s060,1257,1.7909,1.6282,0.542487,-3.29954,5.88324,False,False,False,False
s060,1258,0.67,1.1209,0.567989,-3.29954,5.88324,False,False,False,False
s060,1259,-2.4818,3.1518,-0.0419684,-3.29954,5.88324,False,False,False,False
s060,1260,1.7273,4.2091,0.311885,-3.29954,5.88324,False,False,False,False
s060,1261,1.8609,0.1336,0.621688,-3.29954,5.88324,False,False,False,False
s060,1262,2.5055,0.6446,0.998451,-3.29954,5.88324,False,False,False,False
s060,1263,1.9764,0.5291,1.19404,-3.29954,5.88324,False,False,False,False
s060,1264,3.3064,1.33,1.61651,-3.29954,5.88324,False,False,False,False
s060,1265,-2.1009,5.4073,0.87303,-3.29954,5.88324,False,False,False,False
s060,1266,0.7864,2.8873,0.855704,-3.29954,5.88324,False,False,False,False
s060,1267,0.9573,0.1709,0.876023,-3.29954,5.88324,False,False,False,False
s060,1268,0.2236,0.7337,0.745539,-3.29954,5.88324,False,False,False,False
s060,1269,3.4845,3.2609,1.29333,-3.29954,5.88324,False,False,False,False
s060,1270,-0.1891,3.6736,0.996845,-3.29954,5.88324,False,False,False,False
s060,1271,-5.55,5.3609,-0.312524,-3.29954,5.88324,False,False,False,False
s060,1272,0.7955,6.3455,-0.0909194,-3.29954,5.88324,False,False,False,False
s060,1273,1.5036,0.7081,0.227984,-3.29954,5.88324,False,False,False,False
s060,1274,-0.3445,1.8481,0.113488,-3.29954,5.88324,False,False,False,False
s060,1275,-7.1427,6.7982,-1.33775,-3.29954,5.88324,False,False,False,False
s060,1276,-4.72,2.4227,-2.0142,-3.29954,5.88324,False,False,False,False
s060,1277,0.9427,5.6627,-1.42282,-3.29954,5.88324,False,False,False,False
s060,1278,1.8782,0.9355,-0.762616,-3.29954,5.88324,False,False,False,False
s060,1279,-3.3427,5.2209,-1.27863,-3.29954,5.88324,False,False,False,False
s060,1280,0.6855,4.0282,-0.885806,-3.29954,5.88324,False,False,False,False
s060,1281,-3.6036,4.2891,-1.42936,-3.29954,5.88324,False,False,False,False
s060,1282,1.1991,4.8027,-0.903672,-3.29954,5.88324,False,False,False,False
s060,1283,1.5882,0.3891,-0.405298,-3.29954,5.88324,False,False,False,False
s060,1284,-6.0636,7.6518,-1.53696,-3.29954,5.88324,False,False,False,False
s060,1285,2.5855,8.6491,-0.712466,-3.29954,5.88324,False,False,False,False
s060,1286,-1.8809,4.4664,-0.946153,-3.29954,5.88324,False,False,False,False
s060,1287,-3.7773,1.8964,-1.51238,-3.29954,5.88324,False,False,False,False
s060,1288,-2.1464,1.6309,-1.63919,-3.29954,5.88324,False,False,False,False
s060,1289,0.8045,2.9509,-1.15045,-3.29954,5.88324,False,False,False,False
s060,1290,-1.3618,2.1663,-1.19272,-3.29954,5.88324,False,False,False,False
s060,1291,-3.1382,1.7764,-1.58182,-3.29954,5.88324,False,False,False,False
s060,1292,0.3245,3.4627,-1.20055,-3.29954,5.88324,False,False,False,False
s060,1293,-9.7682,10.0927,-2.91408,-3.29954,5.88324,False,False,False,True
s060,1294,2.6991,12.4673,-1.79145,-3.29954,5.88324,False,False,False,False
s060,1295,-3.7073,6.4064,-2.17462,-3.29954,5.88324,False,False,False,False
s060,1296,-2.6564,1.0509,-2.27097,-3.29954,5.88324,False,False,False,False
s060,1297,-7.87,5.2136,-3.39078,-3.29954,5.88324,False,False,False,False
s060,1298,-1.99,5.88,-3.11062,-3.29954,5.88324,False,False,False,False
s060,1299,-5.8855,3.8955,-3.6656,-3.29954,5.88324,False,False,False,False
s060,1300,4.3618,10.2473,-2.06012,-3.29954,5.88324,False,False,False,False
s060,1301,-7.6655,12.0273,-3.18119,-3.29954,5.88324,False,False,False,False
s060,1302,1.1655,8.831,-2.31186,-3.29954,5.88324,False,False,False,False
s060,1303,8.1455,6.98,-0.220385,-3.29954,5.88324,False,False,False,False
s060,1304,1.6482,6.4973,0.153332,-3.29954,5.88324,False,False,False,False
s060,1305,-1.4227,3.0709,-0.161874,-3.29954,5.88324,False,False,False,False
s060,1306,0.0955,1.5182,-0.110399,-3.29954,5.88324,False,False,False,False
s060,1307,7.1009,7.0054,1.33186,-3.29954,5.88324,False,False,False,False
s060,1308,1.5273,5.5736,1.37095,-3.29954,5.88324,False,False,False,False
s060,1309,1.8582,0.3309,1.4684,-3.29954,5.88324,False,False,False,False
s060,1310,0.2336,1.6246,1.22144,-3.29954,5.88324,False,False,False,False
s060,1311,1.0482,0.8146,1.18679,-3.29954,5.88324,False,False,False,False
s060,1312,-1.03,2.0782,0.743433,-3.29954,5.88324,False,False,False,False
s060,1313,-1.0445,0.0145,0.385846,-3.29954,5.88324,False,False,False,False
s060,1314,0.5982,1.6427,0.428317,-3.29954,5.88324,False,False,False,False
s060,1315,0.4264,0.1718,0.427934,-3.29954,5.88324,False,False,False,False
s060,1316,1.3255,0.8991,0.607447,-3.29954,5.88324,False,False,False,False
s060,1317,-3.4191,4.7446,-0.197862,-3.29954,5.88324,False,False,False,False
s060,1318,0.1773,3.5964,-0.12283,-3.29954,5.88324,False,False,False,False
s060,1319,-1.7336,1.9109,-0.444984,-3.29954,5.88324,False,False,False,False
s060,1320,-6.74,5.0064,-1.70399,-3.29954,5.88324,False,False,False,False
s060,1321,-3.1927,3.5473,-2.00173,-3.29954,5.88324,False,False,False,False
s060,1322,2.7927,5.9854,-1.04284,-3.29954,5.88324,False,False,False,False
s060,1323,3.64,0.8473,-0.106275,-3.29954,5.88324,False,False,False,False
s060,1324,1.0691,2.5709,0.1288,-3.29954,5.88324,False,False,False,False
s060,1325,-1.8736,2.9427,-0.27168,-3.29954,5.88324,False,False,False,False
s060,1326,5.7309,7.6045,0.928836,-3.29954,5.88324,False,False,False,False
s060,1327,-4.0527,9.7836,-0.0674712,-3.29954,5.88324,False,False,False,False
s060,1328,-2.5418,1.5109,-0.562337,-3.29954,5.88324,False,False,False,False
s060,1329,-6.6455,4.1037,-1.77897,-3.29954,5.88324,False,False,False,False
s060,1330,1.0518,7.6973,-1.21282,-3.29954,5.88324,False,False,False,False
s060,1331,-0.81,1.8618,-1.13225,-3.29954,5.88324,False,False,False,False
s060,1332,-5.1491,4.3391,-1.93562,-3.29954,5.88324,False,False,False,False
s060,1333,6.2636,11.4127,-0.295778,-3.29954,5.88324,False,False,False,False
s060,1334,-4.8873,11.1509,-1.21408,-3.29954,5.88324,False,False,False,False
s060,1335,-2.15,2.7373,-1.40127,-3.29954,5.88324,False,False,False,False
s060,1336,-1.97,0.18,-1.51501,-3.29954,5.88324,False,False,False,False
s060,1337,0.7,2.67,-1.07201,-3.29954,5.88324,False,False,False,False
s060,1338,-2.7136,3.4136,-1.40033,-3.29954,5.88324,False,False,False,False
s060,1339,-5.2427,2.5291,-2.1688,-3.29954,5.88324,False,False,False,False
s060,1340,-2.8055,2.4372,-2.29614,-3.29954,5.88324,False,False,False,False
s060,1341,-4.6582,1.8527,-2.76855,-3.29954,5.88324,False,False,False,True
s060,1342,-1.1455,3.5127,-2.44394,-3.29954,5.88324,False,False,False,True
s060,1343,3.1336,4.2791,-1.32843,-3.29954,5.88324,False,False,False,False
s060,1344,3.6809,0.5473,-0.326567,-3.29954,5.88324,False,False,False,False
s060,1345,5.17,1.4891,0.772746,-3.29954,5.88324,False,False,False,False
s060,1346,-1.2955,6.4655,0.359097,-3.29954,5.88324,False,False,False,False
s060,1347,3.8109,5.1064,1.04946,-3.29954,5.88324,False,False,False,False
s060,1348,2.0509,1.76,1.24975,-3.29954,5.88324,False,False,False,False
s060,1349,0.6327,1.4182,1.12634,-3.29954,5.88324,False,False,False,False
s060,1350,1.7036,1.0709,1.24179,-3.29954,5.88324,False,False,False,False
s060,1351,-1.7818,3.4854,0.637072,-3.29954,5.88324,False,False,False,False
s060,1352,-2.2373,0.4555,0.0621972,-3.29954,5.88324,False,False,False,False
s060,1353,-4.9627,2.7254,-0.942782,-3.29954,5.88324,False,False,False,False
s060,1354,-2.0327,2.93,-1.16077,-3.29954,5.88324,False,False,False,False
s060,1355,-1.8709,0.1618,-1.30279,-3.29954,5.88324,False,False,False,False
s060,1356,3.7555,5.6264,-0.291134,-3.29954,5.88324,False,False,False,False
s060,1357,-4.8609,8.6164,-1.20509,-3.29954,5.88324,False,False,False,False
s060,1358,-0.1145,4.7464,-0.98697,-3.29954,5.88324,False,False,False,False
s060,1359,-3.9255,3.811,-1.57468,-3.29954,5.88324,False,False,False,False
s060,1360,-3.54,0.3855,-1.96774,-3.29954,5.88324,False,False,False,False
s060,1361,-5.68,2.14,-2.71019,-3.29954,5.88324,False,False,True,False
s060,1362,2.4209,8.1009,-1.68397,-3.29954,5.88324,False,False,False,False
s060,1363,-0.3136,2.7345,-1.4099,-3.29954,5.88324,False,False,False,False
s060,1364,-0.0345,0.2791,-1.13482,-3.29954,5.88324,False,False,False,False
s060,1365,-1.2164,1.1819,-1.15114,-3.29954,5.88324,False,False,False,False
s060,1366,1.8109,3.0273,-0.558728,-3.29954,5.88324,False,False,False,False
s060,1367,1.2109,0.6,-0.204803,-3.29954,5.88324,False,False,False,False
s060,1368,-2.5945,3.8054,-0.682742,-3.29954,5.88324,False,False,False,False
s060,1369,-2.91,0.3155,-1.12819,-3.29954,5.88324,False,False,False,False
s060,1370,-3.6345,0.7245,-1.62945,-3.29954,5.88324,False,False,False,False
s060,1371,-3.2436,0.3909,-1.95228,-3.29954,5.88324,False,False,False,False
s060,1372,-3.9927,0.7491,-2.36037,-3.29954,5.88324,False,False,False,False
s060,1373,-2.3618,1.6309,-2.36065,-3.29954,5.88324,False,False,False,False
s060,1374,4.7282,7.09,-0.942883,-3.29954,5.88324,False,False,False,False
s060,1375,-3.1964,7.9246,-1.39359,-3.29954,5.88324,False,False,False,False
s060,1376,-1.5036,1.6928,-1.41559,-3.29954,5.88324,False,False,False,False
s060,1377,8.9964,10.5,0.666809,-3.29954,5.88324,False,False,False,False
s060,1378,-0.4109,9.4073,0.451267,-3.29954,5.88324,False,False,False,False
s060,1379,-6.5027,6.0918,-0.939526,-3.29954,5.88324,False,False,False,False
s060,1380,-3.7673,2.7354,-1.50508,-3.29954,5.88324,False,False,False,False
s060,1381,3.3691,7.1364,-0.530245,-3.29954,5.88324,False,False,False,False
s060,1382,1.3355,2.0336,-0.157096,-3.29954,5.88324,False,False,False,False
s060,1383,-3.4327,4.7682,-0.812217,-3.29954,5.88324,False,False,False,False
s060,1384,-3.8691,0.4364,-1.42359,-3.29954,5.88324,False,False,False,False
s060,1385,4.9336,8.8027,-0.152155,-3.29954,5.88324,False,False,False,False
s060,1386,1.1891,3.7445,0.116096,-3.29954,5.88324,False,False,False,False
s060,1387,-2.3109,3.5,-0.369303,-3.29954,5.88324,False,False,False,False
s060,1388,-3.0645,0.7536,-0.908342,-3.29954,5.88324,False,False,False,False
s060,1389,-1.99,1.0745,-1.12467,-3.29954,5.88324,False,False,False,False
s060,1390,3.1727,5.1627,-0.265199,-3.29954,5.88324,False,False,False,False
s060,1391,1.8318,1.3409,0.154201,-3.29954,5.88324,False,False,False,False
s060,1392,-4.9191,6.7509,-0.860459,-3.29954,5.88324,False,False,False,False
s060,1393,-2.3264,2.5927,-1.15365,-3.29954,5.88324,False,False,False,False
s060,1394,-6.2591,3.9327,-2.17474,-3.29954,5.88324,False,False,False,False
s060,1395,-0.4636,5.7955,-1.83251,-3.29954,5.88324,False,False,False,False
s060,1396,-0.28,0.1836,-1.52201,-3.29954,5.88324,False,False,False,False
s060,1397,4.7382,5.0182,-0.269967,-3.29954,5.88324,False,False,False,False
s060,1398,-6.4945,11.2327,-1.51487,-3.29954,5.88324,False,False,False,False
s060,1399,-3.9618,2.5327,-2.00426,-3.29954,5.88324,False,False,False,False
s060,1400,-2.49,1.4718,-2.10141,-3.29954,5.88324,False,False,False,False
s060,1401,-0.5345,1.9555,-1.78803,-3.29954,5.88324,False,False,False,False
s060,1402,-7.8145,7.28,-2.99332,-3.29954,5.88324,False,False,False,False
s060,1403,-2.9791,4.8354,-2.99048,-3.29954,5.88324,False,False,False,False
s060,1404,0.3173,3.2964,-2.32892,-3.29954,5.88324,False,False,False,False
s060,1405,-3.4618,3.7791,-2.5555,-3.29954,5.88324,False,False,False,True
s060,1406,-3.4391,0.0227,-2.73222,-3.29954,5.88324,False,False,False,True
s060,1407,-3.5573,0.1182,-2.89723,-3.29954,5.88324,False,False,False,True
s060,1408,2.6827,6.24,-1.78125,-3.29954,5.88324,False,False,False,False
s060,1409,1.7791,0.9036,-1.06918,-3.29954,5.88324,False,False,False,False
s060,1410,-1.4627,3.2418,-1.14788,-3.29954,5.88324,False,False,False,False
s060,1411,-5.4282,3.9655,-2.00395,-3.29954,5.88324,False,False,False,False
s060,1412,-1.4609,3.9673,-1.89534,-3.29954,5.88324,False,False,False,False
s060,1413,-4.8009,3.34,-2.47645,-3.29954,5.88324,False,False,False,False
s060,1414,-2.6682,2.1327,-2.5148,-3.29954,5.88324,False,False,False,False
s060,1415,-2.2582,0.41,-2.46348,-3.29954,5.88324,False,False,False,False
s060,1416,-1.8509,0.4073,-2.34096,-3.29954,5.88324,False,False,False,False
s060,1417,-1.97,0.1191,-2.26677,-3.29954,5.88324,False,False,False,True
s060,1418,-4.5718,2.6018,-2.72778,-3.29954,5.88324,False,False,False,True
s060,1419,-0.5655,4.0063,-2.29532,-3.29954,5.88324,False,False,False,True
s060,1420,-2.0991,1.5336,-2.25608,-3.29954,5.88324,False,False,False,True
s060,1421,-5.1618,3.0627,-2.83722,-3.29954,5.88324,False,False,False,True
s060,1422,1.7736,6.9354,-1.91506,-3.29954,5.88324,False,False,False,False
s060,1423,-0.3409,2.1145,-1.60023,-3.29954,5.88324,False,False,False,False
s060,1424,2.8236,3.1645,-0.715461,-3.29954,5.88324,False,False,False,False
s060,1425,3.6255,0.8019,0.152731,-3.29954,5.88324,False,False,False,False
s060,1426,0.2336,3.3919,0.168905,-3.29954,5.88324,False,False,False,False
s060,1427,-5.8273,6.0609,-1.03034,-3.29954,5.88324,False,False,False,False
s060,1428,-3.4873,2.34,-1.52173,-3.29954,5.88324,False,False,False,False
s060,1429,-5.3264,1.8391,-2.28266,-3.29954,5.88324,False,False,False,False
s060,1430,-2.1264,3.2,-2.25141,-3.29954,5.88324,False,False,False,False
s060,1431,-5.7373,3.6109,-2.94859,-3.29954,5.88324,False,False,True,False
s060,1432,0.2055,5.9428,-2.31777,-3.29954,5.88324,False,False,False,False
s060,1433,-2.8245,3.03,-2.41912,-3.29954,5.88324,False,False,False,True
s060,1434,-4.9336,2.1091,-2.92201,-3.29954,5.88324,False,False,False,True
s060,1435,3.1427,8.0763,-1.70907,-3.29954,5.88324,False,False,False,False
s060,1436,7.71,4.5673,0.174744,-3.29954,5.88324,False,False,False,False
s060,1437,-3.1827,10.8927,-0.496745,-3.29954,5.88324,False,False,False,False
s060,1438,-5.1645,1.9818,-1.4303,-3.29954,5.88324,False,False,False,False
s060,1439,-3.5064,1.6581,-1.84552,-3.29954,5.88324,False,False,False,False
s060,1440,-1.0455,2.4609,-1.68551,-3.29954,5.88324,False,False,False,False
s060,1441,-4.25,3.2045,-2.19841,-3.29954,5.88324,False,False,False,False
s060,1442,2.3091,6.5591,-1.29691,-3.29954,5.88324,False,False,False,False
s060,1443,-6.2473,8.5564,-2.28699,-3.29954,5.88324,False,False,False,False
s060,1444,-2.5027,3.7446,-2.33013,-3.29954,5.88324,False,False,False,False
s060,1445,4.1691,6.6718,-1.03028,-3.29954,5.88324,False,False,False,False
s060,1446,-0.4491,4.6182,-0.914047,-3.29954,5.88324,False,False,False,False
s060,1447,-2.1136,1.6645,-1.15396,-3.29954,5.88324,False,False,False,False
s060,1448,-0.7664,1.3472,-1.07645,-3.29954,5.88324,False,False,False,False
s060,1449,0.4345,1.2009,-0.774257,-3.29954,5.88324,False,False,False,False
s060,1450,2.9864,2.5519,-0.0221255,-3.29954,5.88324,False,False,False,False
s060,1451,-3.7245,6.7109,-0.7626,-3.29954,5.88324,False,False,False,False
s060,1452,-1.4782,2.2463,-0.90572,-3.29954,5.88324,False,False,False,False
s060,1453,0.2945,1.7727,-0.665676,-3.29954,5.88324,False,False,False,False
s060,1454,5.6155,5.321,0.590559,-3.29954,5.88324,False,False,False,False
s060,1455,5.5191,0.0964,1.57627,-3.29954,5.88324,False,False,False,False
s060,1456,2.2618,3.2573,1.71337,-3.29954,5.88324,False,False,False,False
s060,1457,2.3936,0.1318,1.84942,-3.29954,5.88324,False,False,False,False
s060,1458,-2.7973,5.1909,0.920075,-3.29954,5.88324,False,False,False,False
s060,1459,-0.0864,2.7109,0.71878,-3.29954,5.88324,False,False,False,False
s060,1460,-0.2491,0.1627,0.525204,-3.29954,5.88324,False,False,False,False
s060,1461,-1.7909,1.5418,0.0619833,-3.29954,5.88324,False,False,False,False
s060,1462,1.6018,3.3927,0.369947,-3.29954,5.88324,False,False,False,False
s060,1463,-2.8618,4.4636,-0.276403,-3.29954,5.88324,False,False,False,False
s060,1464,-10.68,7.8182,-2.35712,-3.29954,5.88324,False,False,False,False
s060,1465,-0.5591,10.1209,-1.99752,-3.29954,5.88324,False,False,False,False
s060,1466,-2.9609,2.4018,-2.19019,-3.29954,5.88324,False,False,False,False
s060,1467,1.4791,4.44,-1.45634,-3.29954,5.88324,False,False,False,False
s060,1468,1.2518,0.2273,-0.914708,-3.29954,5.88324,False,False,False,False
s060,1469,0.0064,1.2454,-0.730487,-3.29954,5.88324,False,False,False,False
s060,1470,2.1927,2.1863,-0.145849,-3.29954,5.88324,False,False,False,False
s060,1471,3.6664,1.4737,0.616601,-3.29954,5.88324,False,False,False,False
s060,1472,1.4845,2.1819,0.79018,-3.29954,5.88324,False,False,False,False
s060,1473,-5.0355,6.52,-0.374956,-3.29954,5.88324,False,False,False,False
s060,1474,-3.1427,1.8928,-0.928505,-3.29954,5.88324,False,False,False,False
s060,1475,-0.6236,2.5191,-0.867524,-3.29954,5.88324,False,False,False,False
s060,1476,-0.0445,0.5791,-0.702919,-3.29954,5.88324,False,False,False,False
s060,1477,-1.3327,1.2882,-0.828875,-3.29954,5.88324,False,False,False,False
s060,1478,2.6991,4.0318,-0.12328,-3.29954,5.88324,False,False,False,False
s060,1479,-2.5418,5.2409,-0.606984,-3.29954,5.88324,False,False,False,False
s060,1480,-1.1236,1.4182,-0.710307,-3.29954,5.88324,False,False,False,False
s060,1481,-0.9091,0.2145,-0.750066,-3.29954,5.88324,False,False,False,False
s060,1482,-1.7382,0.8291,-0.947693,-3.29954,5.88324,False,False,False,False
s060,1483,0.2327,1.9709,-0.711614,-3.29954,5.88324,False,False,False,False
s060,1484,-1.3018,1.5345,-0.829651,-3.29954,5.88324,False,False,False,False
s060,1485,-2.8845,1.5827,-1.24062,-3.29954,5.88324,False,False,False,False
s060,1486,-4.7682,1.8837,-1.94614,-3.29954,5.88324,False,False,False,True
s060,1487,3.3573,8.1255,-0.885449,-3.29954,5.88324,False,False,False,False
s060,1488,-2.6591,6.0164,-1.24018,-3.29954,5.88324,False,False,False,False
s060,1489,26.9709,29.63,4.40204,-3.29954,5.88324,True,False,False,False
s060,1490,0.6055,26.3654,3.64273,-3.29954,5.88324,False,False,False,False
s060,1491,4.7545,4.149,3.86508,-3.29954,5.88324,False,False,False,False
s060,1492,-0.2709,5.0254,3.03789,-3.29954,5.88324,False,False,False,False
s060,1493,-2.8555,2.5846,1.85921,-3.29954,5.88324,False,False,False,False
s060,1494,3.8873,6.7428,2.26483,-3.29954,5.88324,False,False,False,False
s060,1495,-3.2373,7.1246,1.1644,-3.29954,5.88324,False,False,False,False
s060,1496,-1.1627,2.0746,0.698982,-3.29954,5.88324,False,False,False,False
s060,1497,-0.7418,0.4209,0.410825,-3.29954,5.88324,False,False,False,False
s060,1498,-6.7227,5.9809,-1.01588,-3.29954,5.88324,False,False,False,False
s060,1499,0.4445,7.1672,-0.723804,-3.29954,5.88324,False,False,False,False
s060,1500,-1.5091,1.9536,-0.880863,-3.29954,5.88324,False,False,False,False
s060,1501,2.44,3.9491,-0.21669,-3.29954,5.88324,False,False,False,False
s060,1502,-3.45,5.89,-0.863352,-3.29954,5.88324,False,False,False,False
s060,1503,4.9209,8.3709,0.293498,-3.29954,5.88324,False,False,False,False
s060,1504,-4.6173,9.5382,-0.688662,-3.29954,5.88324,False,False,False,False
s060,1505,-1.65,2.9673,-0.880929,-3.29954,5.88324,False,False,False,False
s060,1506,-2.9818,1.3318,-1.3011,-3.29954,5.88324,False,False,False,False
s060,1507,2.0318,5.0136,-0.634523,-3.29954,5.88324,False,False,False,False
s060,1508,-0.2255,2.2573,-0.552718,-3.29954,5.88324,False,False,False,False
s060,1509,-2.0455,1.82,-0.851275,-3.29954,5.88324,False,False,False,False
s060,1510,0.9027,2.9482,-0.50048,-3.29954,5.88324,False,False,False,False
s060,1511,-4.8809,5.7836,-1.37656,-3.29954,5.88324,False,False,False,False
s060,1512,-3.88,1.0009,-1.87725,-3.29954,5.88324,False,False,False,False
s060,1513,4.7573,8.6373,-0.550341,-3.29954,5.88324,False,False,False,False
s060,1514,-0.6345,5.3918,-0.567173,-3.29954,5.88324,False,False,False,False
s060,1515,-4.7227,4.0882,-1.39828,-3.29954,5.88324,False,False,False,False
s060,1516,-5.0918,0.3691,-2.13698,-3.29954,5.88324,False,False,False,False
s060,1517,-2.0164,3.0754,-2.11287,-3.29954,5.88324,False,False,False,False
s060,1518,-0.3773,1.6391,-1.76575,-3.29954,5.88324,False,False,False,False
s060,1519,2.8691,3.2464,-0.838782,-3.29954,5.88324,False,False,False,False
s060,1520,-3.9073,6.7764,-1.45249,-3.29954,5.88324,False,False,False,False
s060,1521,-2.0718,1.8355,-1.57635,-3.29954,5.88324,False,False,False,False
s060,1522,1.3464,3.4182,-0.991799,-3.29954,5.88324,False,False,False,False
s060,1523,-1.8045,3.1509,-1.15434,-3.29954,5.88324,False,False,False,False
s060,1524,-4.4309,2.6264,-1.80965,-3.29954,5.88324,False,False,False,False
s060,1525,-2.1155,2.3154,-1.87082,-3.29954,5.88324,False,False,False,False
s060,1526,-3.6509,1.5354,-2.22684,-3.29954,5.88324,False,False,False,False
s060,1527,-2.5382,1.1127,-2.28911,-3.29954,5.88324,False,False,False,False
s060,1528,4.4209,6.9591,-0.947108,-3.29954,5.88324,False,False,False,False
s060,1529,0.5773,3.8436,-0.642226,-3.29954,5.88324,False,False,False,False
s060,1530,-0.1882,0.7655,-0.551421,-3.29954,5.88324,False,False,False,False
s060,1531,-2.2382,2.05,-0.888777,-3.29954,5.88324,False,False,False,False
s060,1532,-1.1655,1.0727,-0.944121,-3.29954,5.88324,False,False,False,False
s060,1533,-0.4527,0.7128,-0.845837,-3.29954,5.88324,False,False,False,False
s060,1534,-3.8991,3.4464,-1.45649,-3.29954,5.88324,False,False,False,False
s060,1535,1.5118,5.4109,-0.862832,-3.29954,5.88324,False,False,False,False
s060,1536,-2.3127,3.8245,-1.15281,-3.29954,5.88324,False,False,False,False
s060,1537,0.6482,2.9609,-0.792604,-3.29954,5.88324,False,False,False,False
s060,1538,-4.3518,5,-1.50444,-3.29954,5.88324,False,False,False,False
s060,1539,5.9282,10.28,-0.0179148,-3.29954,5.88324,False,False,False,False
s060,1540,5.6382,0.29,1.11331,-3.29954,5.88324,False,False,False,False
s060,1541,-3.1818,8.82,0.254287,-3.29954,5.88324,False,False,False,False
s060,1542,3.6809,6.8627,0.939609,-3.29954,5.88324,False,False,False,False
s060,1543,5.6627,1.9818,1.88423,-3.29954,5.88324,False,False,False,False
s060,1544,3.2882,2.3745,2.16502,-3.29954,5.88324,False,False,False,False
s060,1545,4.6964,1.4082,2.6713,-3.29954,5.88324,False,False,False,False
s060,1546,-2.4436,7.14,1.64832,-3.29954,5.88324,False,False,False,False
s060,1547,1.5645,4.0081,1.63155,-3.29954,5.88324,False,False,False,False
s060,1548,2.9545,1.39,1.89614,-3.29954,5.88324,False,False,False,False
s060,1549,-4.99,7.9445,0.518915,-3.29954,5.88324,False,False,False,False
s060,1550,3.0682,8.0582,1.02877,-3.29954,5.88324,False,False,False,False
s060,1551,2.3318,0.7364,1.28938,-3.29954,5.88324,False,False,False,False
s060,1552,2.9691,0.6373,1.62532,-3.29954,5.88324,False,False,False,False
s060,1553,2.8009,0.1682,1.86044,-3.29954,5.88324,False,False,False,False
s060,1554,1.5745,1.2264,1.80325,-3.29954,5.88324,False,False,False,False
s060,1555,-2.7673,4.3418,0.88914,-3.29954,5.88324,False,False,False,False
s060,1556,-2.3109,0.4564,0.249132,-3.29954,5.88324,False,False,False,False
s060,1557,0.0627,2.3736,0.211846,-3.29954,5.88324,False,False,False,False
s060,1558,5.9345,5.8718,1.35638,-3.29954,5.88324,False,False,False,False
s060,1559,-3.1909,9.1254,0.446921,-3.29954,5.88324,False,False,False,False
s060,1560,3.4827,6.6736,1.05408,-3.29954,5.88324,False,False,False,False
s060,1561,4.6227,1.14,1.7678,-3.29954,5.88324,False,False,False,False
s060,1562,2.8182,1.8045,1.97788,-3.29954,5.88324,False,False,False,False
s060,1563,-3.3555,6.1737,0.911205,-3.29954,5.88324,False,False,False,False
s060,1564,1.1664,4.5219,0.962244,-3.29954,5.88324,False,False,False,False
s060,1565,4.4682,3.3018,1.66344,-3.29954,5.88324,False,False,False,False
s060,1566,1.8718,2.5964,1.70511,-3.29954,5.88324,False,False,False,False
s112,0,,,230.784,229.902,231.665,False,False,False,False
s112,1,,,230.784,229.902,231.665,False,False,False,False
s112,2,,,230.784,229.902,231.665,False,False,False,False
s112,3,,,230.784,229.902,231.665,False,False,False,False
s112,4,,,230.784,229.902,231.665,False,False,False,False
s112,5,,,230.784,229.902,231.665,False,False,False,False
s112,6,,,230.784,229.902,231.665,False,False,False,False
s112,7,,,230.784,229.902,231.665,False,False,False,False
s112,8,,,230.784,229.902,231.665,False,False,False,False
s112,9,,,230.784,229.902,231.665,False,False,False,False
s112,10,,,230.784,229.902,231.665,False,False,False,False
s112,11,,,230.784,229.902,231.665,False,False,False,False
s112,12,,,230.784,229.902,231.665,False,False,False,False
s112,13,,,230.784,229.902,231.665,False,False,False,False
s112,14,,,230.784,229.902,231.665,False,False,False,False
s112,15,,,230.784,229.902,231.665,False,False,False,False
s112,16,,,230.784,229.902,231.665,False,False,False,False
s112,17,,,230.784,229.902,231.665,False,False,False,False
s112,18,,,230.784,229.902,231.665,False,False,False,False
s112,19,,,230.784,229.902,231.665,False,False,False,False
s112,20,,,230.784,229.902,231.665,False,False,False,False
s112,21,,,230.784,229.902,231.665,False,False,False,False
s112,22,,,230.784,229.902,231.665,False,False,False,False
s112,23,,,230.784,229.902,231.665,False,False,False,False
s112,24,,,230.784,229.902,231.665,False,False,False,False
s112,25,,,230.784,229.902,231.665,False,False,False,False
s112,26,,,230.784,229.902,231.665,False,False,False,False
s112,27,,,230.784,229.902,231.665,False,False,False,False
s112,28,,,230.784,229.902,231.665,False,False,False,False
s112,29,,,230.784,229.902,231.665,False,False,False,False
s112,30,,,230.784,229.902,231.665,False,False,False,False
s112,31,,,230.784,229.902,231.665,False,False,False,False
s112,32,,,230.784,229.902,231.665,False,False,False,False
s112,33,,,230.784,229.902,231.665,False,False,False,False
s112,34,,,230.784,229.902,231.665,False,False,False,False
s112,35,,,230.784,229.902,231.665,False,False,False,False
s112,36,,,230.784,229.902,231.665,False,False,False,False
s112,37,,,230.784,229.902,231.665,False,False,False,False
s112,38,,,230.784,229.902,231.665,False,False,False,False
s112,39,,,230.784,229.902,231.665,False,False,False,False
s112,40,,,230.784,229.902,231.665,False,False,False,False
s112,41,,,230.784,229.902,231.665,False,False,False,False
s112,42,,,230.784,229.902,231.665,False,False,False,False
s112,43,,,230.784,229.902,231.665,False,False,False,False
s112,44,,,230.784,229.902,231.665,False,False,False,False
s112,45,,,230.784,229.902,231.665,False,False,False,False
s112,46,,,230.784,229.902,231.665,False,False,False,False
s112,47,,,230.784,229.902,231.665,False,False,False,False
s112,48,,,230.784,229.902,231.665,False,False,False,False
s112,49,,,230.784,229.902,231.665,False,False,False,False
s112,50,,,230.784,229.902,231.665,False,False,False,False
s112,51,,,230.784,229.902,231.665,False,False,False,False
s112,52,,,230.784,229.902,231.665,False,False,False,False
s112,53,,,230.784,229.902,231.665,False,False,False,False
s112,54,,,230.784,229.902,231.665,False,False,False,False
s112,55,,,230.784,229.902,231.665,False,False,False,False
s112,56,,,230.784,229.902,231.665,False,False,False,False
s112,57,,,230.784,229.902,231.665,False,False,False,False
s112,58,,,230.784,229.902,231.665,False,False,False,False
s112,59,,,230.784,229.902,231.665,False,False,False,False
s112,60,,,230.784,229.902,231.665,False,False,False,False
s112,61,,,230.784,229.902,231.665,False,False,False,False
s112,62,,,230.784,229.902,231.665,False,False,False,False
s112,63,,,230.784,229.902,231.665,False,False,False,False
s112,64,,,230.784,229.902,231.665,False,False,False,False
s112,65,,,230.784,229.902,231.665,False,False,False,False
s112,66,,,230.784,229.902,231.665,False,False,False,False
s112,67,,,230.784,229.902,231.665,False,False,False,False
s112,68,,,230.784,229.902,231.665,False,False,False,False
s112,69,,,230.784,229.902,231.665,False,False,False,False
s112,70,,,230.784,229.902,231.665,False,False,False,False
s112,71,,,230.784,229.902,231.665,False,False,False,False
s112,72,,,230.784,229.902,231.665,False,False,False,False
s112,73,,,230.784,229.902,231.665,False,False,False,False
s112,74,,,230.784,229.902,231.665,False,False,False,False
s112,75,,,230.784,229.902,231.665,False,False,False,False
s112,76,,,230.784,229.902,231.665,False,False,False,False
s112,77,,,230.784,229.902,231.665,False,False,False,False
s112,78,,,230.784,229.902,231.665,False,False,False,False
s112,79,,,230.784,229.902,231.665,False,False,False,False
s112,80,,,230.784,229.902,231.665,False,False,False,False
s112,81,,,230.784,229.902,231.665,False,False,False,False
s112,82,,,230.784,229.902,231.665,False,False,False,False
s112,83,,,230.784,229.902,231.665,False,False,False,False
s112,84,,,230.784,229.902,231.665,False,False,False,False
s112,85,,,230.784,229.902,231.665,False,False,False,False
s112,86,,,230.784,229.902,231.665,False,False,False,False
s112,87,,,230.784,229.902,231.665,False,False,False,False
s112,88,,,230.784,229.902,231.665,False,False,False,False
s112,89,,,230.784,229.902,231.665,False,False,False,False
s112,90,,,230.784,229.902,231.665,False,False,False,False
s112,91,,,230.784,229.902,231.665,False,False,False,False
s112,92,,,230.784,229.902,231.665,False,False,False,False
s112,93,,,230.784,229.902,231.665,False,False,False,False
s112,94,,,230.784,229.902,231.665,False,False,False,False
s112,95,,,230.784,229.902,231.665,False,False,False,False
s112,96,,,230.784,229.902,231.665,False,False,False,False
s112,97,,,230.784,229.902,231.665,False,False,False,False
s112,98,,,230.784,229.902,231.665,False,False,False,False
s112,99,,,230.784,229.902,231.665,False,False,False,False
s112,100,,,230.784,229.902,231.665,False,False,False,False
s112,101,,,230.784,229.902,231.665,False,False,False,False
s112,102,,,230.784,229.902,231.665,False,False,False,False
s112,103,,,230.784,229.902,231.665,False,False,False,False
s112,104,,,230.784,229.902,231.665,False,False,False,False
s112,105,,,230.784,229.902,231.665,False,False,False,False
s112,106,,,230.784,229.902,231.665,False,False,False,False
s112,107,,,230.784,229.902,231.665,False,False,False,False
s112,108,,,230.784,229.902,231.665,False,False,False,False
s112,109,,,230.784,229.902,231.665,False,False,False,False
s112,110,,,230.784,229.902,231.665,False,False,False,False
s112,111,,,230.784,229.902,231.665,False,False,False,False
s112,112,,,230.784,229.902,231.665,False,False,False,False
s112,113,,,230.784,229.902,231.665,False,False,False,False
s112,114,,,230.784,229.902,231.665,False,False,False,False
s112,115,,,230.784,229.902,231.665,False,False,False,False
s112,116,,,230.784,229.902,231.665,False,False,False,False
s112,117,,,230.784,229.902,231.665,False,False,False,False
s112,118,,,230.784,229.902,231.665,False,False,False,False
s112,119,,,230.784,229.902,231.665,False,False,False,False
s112,120,,,230.784,229.902,231.665,False,False,False,False
s112,121,,,230.784,229.902,231.665,False,False,False,False
s112,122,,,230.784,229.902,231.665,False,False,False,False
s112,123,,,230.784,229.902,231.665,False,False,False,False
s112,124,,,230.784,229.902,231.665,False,False,False,False
s112,125,,,230.784,229.902,231.665,False,False,False,False
s112,126,,,230.784,229.902,231.665,False,False,False,False
s112,127,,,230.784,229.902,231.665,False,False,False,False
s112,128,,,230.784,229.902,231.665,False,False,False,False
s112,129,,,230.784,229.902,231.665,False,False,False,False
s112,130,,,230.784,229.902,231.665,False,False,False,False
s112,131,,,230.784,229.902,231.665,False,False,False,False
s112,132,,,230.784,229.902,231.665,False,False,False,False
s112,133,,,230.784,229.902,231.665,False,False,False,False
s112,134,,,230.784,229.902,231.665,False,False,False,False
s112,135,,,230.784,229.902,231.665,False,False,False,False
s112,136,,,230.784,229.902,231.665,False,False,False,False
s112,137,,,230.784,229.902,231.665,False,False,False,False
s112,138,,,230.784,229.902,231.665,False,False,False,False
s112,139,,,230.784,229.902,231.665,False,False,False,False
s112,140,,,230.784,229.902,231.665,False,False,False,False
s112,141,,,230.784,229.902,231.665,False,False,False,False
s112,142,,,230.784,229.902,231.665,False,False,False,False
s112,143,,,230.784,229.902,231.665,False,False,False,False
s112,144,,,230.784,229.902,231.665,False,False,False,False
s112,145,,,230.784,229.902,231.665,False,False,False,False
s112,146,,,230.784,229.902,231.665,False,False,False,False
s112,147,,,230.784,229.902,231.665,False,False,False,False
s112,148,,,230.784,229.902,231.665,False,False,False,False
s112,149,,,230.784,229.902,231.665,False,False,False,False
s112,150,,,230.784,229.902,231.665,False,False,False,False
s112,151,,,230.784,229.902,231.665,False,False,False,False
s112,152,,,230.784,229.902,231.665,False,False,False,False
s112,153,,,230.784,229.902,231.665,False,False,False,False
s112,154,,,230.784,229.902,231.665,False,False,False,False
s112,155,,,230.784,229.902,231.665,False,False,False,False
s112,156,,,230.784,229.902,231.665,False,False,False,False
s112,157,,,230.784,229.902,231.665,False,False,False,False
s112,158,,,230.784,229.902,231.665,False,False,False,False
s112,159,,,230.784,229.902,231.665,False,False,False,False
s112,160,,,230.784,229.902,231.665,False,False,False,False
s112,161,,,230.784,229.902,231.665,False,False,False,False
s112,162,,,230.784,229.902,231.665,False,False,False,False
s112,163,,,230.784,229.902,231.665,False,False,False,False
s112,164,,,230.784,229.902,231.665,False,False,False,False
s112,165,,,230.784,229.902,231.665,False,False,False,False
s112,166,,,230.784,229.902,231.665,False,False,False,False
s112,167,,,230.784,229.902,231.665,False,False,False,False
s112,168,,,230.784,229.902,231.665,False,False,False,False
s112,169,,,230.784,229.902,231.665,False,False,False,False
s112,170,,,230.784,229.902,231.665,False,False,False,False
s112,171,,,230.784,229.902,231.665,False,False,False,False
s112,172,,,230.784,229.902,231.665,False,False,False,False
s112,173,,,230.784,229.902,231.665,False,False,False,False
s112,174,,,230.784,229.902,231.665,False,False,False,False
s112,175,,,230.784,229.902,231.665,False,False,False,False
s112,176,,,230.784,229.902,231.665,False,False,False,False
s112,177,,,230.784,229.902,231.665,False,False,False,False
s112,178,,,230.784,229.902,231.665,False,False,False,False
s112,179,,,230.784,229.902,231.665,False,False,False,False
s112,180,,,230.784,229.902,231.665,False,False,False,False
s112,181,,,230.784,229.902,231.665,False,False,False,False
s112,182,,,230.784,229.902,231.665,False,False,False,False
s112,183,,,230.784,229.902,231.665,False,False,False,False
s112,184,,,230.784,229.902,231.665,False,False,False,False
s112,185,,,230.784,229.902,231.665,False,False,False,False
s112,186,,,230.784,229.902,231.665,False,False,False,False
s112,187,,,230.784,229.902,231.665,False,False,False,False
s112,188,,,230.784,229.902,231.665,False,False,False,False
s112,189,,,230.784,229.902,231.665,False,False,False,False
s112,190,,,230.784,229.902,231.665,False,False,False,False
s112,191,,,230.784,229.902,231.665,False,False,False,False
s112,192,,,230.784,229.902,231.665,False,False,False,False
s112,193,,,230.784,229.902,231.665,False,False,False,False
s112,194,,,230.784,229.902,231.665,False,False,False,False
s112,195,,,230.784,229.902,231.665,False,False,False,False
s112,196,,,230.784,229.902,231.665,False,False,False,False
s112,197,,,230.784,229.902,231.665,False,False,False,False
s112,198,,,230.784,229.902,231.665,False,False,False,False
s112,199,,,230.784,229.902,231.665,False,False,False,False
s112,200,,,230.784,229.902,231.665,False,False,False,False
s112,201,,,230.784,229.902,231.665,False,False,False,False
s112,202,,,230.784,229.902,231.665,False,False,False,False
s112,203,,,230.784,229.902,231.665,False,False,False,False
s112,204,,,230.784,229.902,231.665,False,False,False,False
s112,205,,,230.784,229.902,231.665,False,False,False,False
s112,206,,,230.784,229.902,231.665,False,False,False,False
s112,207,,,230.784,229.902,231.665,False,False,False,False
s112,208,,,230.784,229.902,231.665,False,False,False,False
s112,209,,,230.784,229.902,231.665,False,False,False,False
s112,210,,,230.784,229.902,231.665,False,False,False,False
s112,211,,,230.784,229.902,231.665,False,False,False,False
s112,212,,,230.784,229.902,231.665,False,False,False,False
s112,213,,,230.784,229.902,231.665,False,False,False,False
s112,214,,,230.784,229.902,231.665,False,False,False,False
s112,215,,,230.784,229.902,231.665,False,False,False,False
s112,216,,,230.784,229.902,231.665,False,False,False,False
s112,217,,,230.784,229.902,231.665,False,False,False,False
s112,218,,,230.784,229.902,231.665,False,False,False,False
s112,219,,,230.784,229.902,231.665,False,False,False,False
s112,220,,,230.784,229.902,231.665,False,False,False,False
s112,221,,,230.784,229.902,231.665,False,False,False,False
s112,222,,,230.784,229.902,231.665,False,False,False,False
s112,223,,,230.784,229.902,231.665,False,False,False,False
s112,224,,,230.784,229.902,231.665,False,False,False,False
s112,225,,,230.784,229.902,231.665,False,False,False,False
s112,226,,,230.784,229.902,231.665,False,False,False,False
s112,227,,,230.784,229.902,231.665,False,False,False,False
s112,228,,,230.784,229.902,231.665,False,False,False,False
s112,229,,,230.784,229.902,231.665,False,False,False,False
s112,230,,,230.784,229.902,231.665,False,False,False,False
s112,231,,,230.784,229.902,231.665,False,False,False,False
s112,232,,,230.784,229.902,231.665,False,False,False,False
s112,233,,,230.784,229.902,231.665,False,False,False,False
s112,234,,,230.784,229.902,231.665,False,False,False,False
s112,235,,,230.784,229.902,231.665,False,False,False,False
s112,236,,,230.784,229.902,231.665,False,False,False,False
s112,237,,,230.784,229.902,231.665,False,False,False,False
s112,238,,,230.784,229.902,231.665,False,False,False,False
s112,239,,,230.784,229.902,231.665,False,False,False,False
s112,240,,,230.784,229.902,231.665,False,False,False,False
s112,241,,,230.784,229.902,231.665,False,False,False,False
s112,242,,,230.784,229.902,231.665,False,False,False,False
s112,243,,,230.784,229.902,231.665,False,False,False,False
s112,244,,,230.784,229.902,231.665,False,False,False,False
s112,245,,,230.784,229.902,231.665,False,False,False,False
s112,246,,,230.784,229.902,231.665,False,False,False,False
s112,247,,,230.784,229.902,231.665,False,False,False,False
s112,248,,,230.784,229.902,231.665,False,False,False,False
s112,249,,,230.784,229.902,231.665,False,False,False,False
s112,250,,,230.784,229.902,231.665,False,False,False,False
s112,251,,,230.784,229.902,231.665,False,False,False,False
s112,252,,,230.784,229.902,231.665,False,False,False,False
s112,253,,,230.784,229.902,231.665,False,False,False,False
s112,254,,,230.784,229.902,231.665,False,False,False,False
s112,255,,,230.784,229.902,231.665,False,False,False,False
s112,256,,,230.784,229.902,231.665,False,False,False,False
s112,257,,,230.784,229.902,231.665,False,False,False,False
s112,258,,,230.784,229.902,231.665,False,False,False,False
s112,259,,,230.784,229.902,231.665,False,False,False,False
s112,260,,,230.784,229.902,231.665,False,False,False,False
s112,261,,,230.784,229.902,231.665,False,False,False,False
s112,262,,,230.784,229.902,231.665,False,False,False,False
s112,263,,,230.784,229.902,231.665,False,False,False,False
s112,264,,,230.784,229.902,231.665,False,False,False,False
s112,265,,,230.784,229.902,231.665,False,False,False,False
s112,266,,,230.784,229.902,231.665,False,False,False,False
s112,267,,,230.784,229.902,231.665,False,False,False,False
s112,268,,,230.784,229.902,231.665,False,False,False,False
s112,269,,,230.784,229.902,231.665,False,False,False,False
s112,270,,,230.784,229.902,231.665,False,False,False,False
s112,271,,,230.784,229.902,231.665,False,False,False,False
s112,272,,,230.784,229.902,231.665,False,False,False,False
s112,273,,,230.784,229.902,231.665,False,False,False,False
s112,274,,,230.784,229.902,231.665,False,False,False,False
s112,275,,,230.784,229.902,231.665,False,False,False,False
s112,276,,,230.784,229.902,231.665,False,False,False,False
s112,277,,,230.784,229.902,231.665,False,False,False,False
s112,278,,,230.784,229.902,231.665,False,False,False,False
s112,279,,,230.784,229.902,231.665,False,False,False,False
s112,280,,,230.784,229.902,231.665,False,False,False,False
s112,281,,,230.784,229.902,231.665,False,False,False,False
s112,282,,,230.784,229.902,231.665,False,False,False,False
s112,283,,,230.784,229.902,231.665,False,False,False,False
s112,284,,,230.784,229.902,231.665,False,False,False,False
s112,285,,,230.784,229.902,231.665,False,False,False,False
s112,286,,,230.784,229.902,231.665,False,False,False,False
s112,287,,,230.784,229.902,231.665,False,False,False,False
s112,288,,,230.784,229.902,231.665,False,False,False,False
s112,289,,,230.784,229.902,231.665,False,False,False,False
s112,290,,,230.784,229.902,231.665,False,False,False,False
s112,291,,,230.784,229.902,231.665,False,False,False,False
s112,292,,,230.784,229.902,231.665,False,False,False,False
s112,293,,,230.784,229.902,231.665,False,False,False,False
s112,294,,,230.784,229.902,231.665,False,False,False,False
s112,295,,,230.784,229.902,231.665,False,False,False,False
s112,296,,,230.784,229.902,231.665,False,False,False,False
s112,297,,,230.784,229.902,231.665,False,False,False,False
s112,298,,,230.784,229.902,231.665,False,False,False,False
s112,299,,,230.784,229.902,231.665,False,False,False,False
s112,300,,,230.784,229.902,231.665,False,False,False,False
s112,301,,,230.784,229.902,231.665,False,False,False,False
s112,302,,,230.784,229.902,231.665,False,False,False,False
s112,303,,,230.784,229.902,231.665,False,False,False,False
s112,304,,,230.784,229.902,231.665,False,False,False,False
s112,305,,,230.784,229.902,231.665,False,False,False,False
s112,306,,,230.784,229.902,231.665,False,False,False,False
s112,307,,,230.784,229.902,231.665,False,False,False,False
s112,308,,,230.784,229.902,231.665,False,False,False,False
s112,309,,,230.784,229.902,231.665,False,False,False,False
s112,310,,,230.784,229.902,231.665,False,False,False,False
s112,311,,,230.784,229.902,231.665,False,False,False,False
s112,312,,,230.784,229.902,231.665,False,False,False,False
s112,313,,,230.784,229.902,231.665,False,False,False,False
s112,314,,,230.784,229.902,231.665,False,False,False,False
s112,315,,,230.784,229.902,231.665,False,False,False,False
s112,316,,,230.784,229.902,231.665,False,False,False,False
s112,317,,,230.784,229.902,231.665,False,False,False,False
s112,318,,,230.784,229.902,231.665,False,False,False,False
s112,319,,,230.784,229.902,231.665,False,False,False,False
s112,320,,,230.784,229.902,231.665,False,False,False,False
s112,321,,,230.784,229.902,231.665,False,False,False,False
s112,322,,,230.784,229.902,231.665,False,False,False,False
s112,323,,,230.784,229.902,231.665,False,False,False,False
s112,324,,,230.784,229.902,231.665,False,False,False,False
s112,325,,,230.784,229.902,231.665,False,False,False,False
s112,326,,,230.784,229.902,231.665,False,False,False,False
s112,327,,,230.784,229.902,231.665,False,False,False,False
s112,328,,,230.784,229.902,231.665,False,False,False,False
s112,329,,,230.784,229.902,231.665,False,False,False,False
s112,330,,,230.784,229.902,231.665,False,False,False,False
s112,331,,,230.784,229.902,231.665,False,False,False,False
s112,332,,,230.784,229.902,231.665,False,False,False,False
s112,333,,,230.784,229.902,231.665,False,False,False,False
s112,334,,,230.784,229.902,231.665,False,False,False,False
s112,335,,,230.784,229.902,231.665,False,False,False,False
s112,336,,,230.784,229.902,231.665,False,False,False,False
s112,337,,,230.784,229.902,231.665,False,False,False,False
s112,338,,,230.784,229.902,231.665,False,False,False,False
s112,339,,,230.784,229.902,231.665,False,False,False,False
s112,340,,,230.784,229.902,231.665,False,False,False,False
s112,341,,,230.784,229.902,231.665,False,False,False,False
s112,342,,,230.784,229.902,231.665,False,False,False,False
s112,343,,,230.784,229.902,231.665,False,False,False,False
s112,344,,,230.784,229.902,231.665,False,False,False,False
s112,345,,,230.784,229.902,231.665,False,False,False,False
s112,346,,,230.784,229.902,231.665,False,False,False,False
s112,347,,,230.784,229.902,231.665,False,False,False,False
s112,348,,,230.784,229.902,231.665,False,False,False,False
s112,349,,,230.784,229.902,231.665,False,False,False,False
s112,350,,,230.784,229.902,231.665,False,False,False,False
s112,351,,,230.784,229.902,231.665,False,False,False,False
s112,352,,,230.784,229.902,231.665,False,False,False,False
s112,353,,,230.784,229.902,231.665,False,False,False,False
s112,354,,,230.784,229.902,231.665,False,False,False,False
s112,355,,,230.784,229.902,231.665,False,False,False,False
s112,356,,,230.784,229.902,231.665,False,False,False,False
s112,357,,,230.784,229.902,231.665,False,False,False,False
s112,358,,,230.784,229.902,231.665,False,False,False,False
s112,359,,,230.784,229.902,231.665,False,False,False,False
s112,360,,,230.784,229.902,231.665,False,False,False,False
s112,361,,,230.784,229.902,231.665,False,False,False,False
s112,362,,,230.784,229.902,231.665,False,False,False,False
s112,363,,,230.784,229.902,231.665,False,False,False,False
s112,364,,,230.784,229.902,231.665,False,False,False,False
s112,365,,,230.784,229.902,231.665,False,False,False,False
s112,366,,,230.784,229.902,231.665,False,False,False,False
s112,367,,,230.784,229.902,231.665,False,False,False,False
s112,368,,,230.784,229.902,231.665,False,False,False,False
s112,369,,,230.784,229.902,231.665,False,False,False,False
s112,370,,,230.784,229.902,231.665,False,False,False,False
s112,371,,,230.784,229.902,231.665,False,False,False,False
s112,372,,,230.784,229.902,231.665,False,False,False,False
s112,373,,,230.784,229.902,231.665,False,False,False,False
s112,374,,,230.784,229.902,231.665,False,False,False,False
s112,375,,,230.784,229.902,231.665,False,False,False,False
s112,376,,,230.784,229.902,231.665,False,False,False,False
s112,377,,,230.784,229.902,231.665,False,False,False,False
s112,378,,,230.784,229.902,231.665,False,False,False,False
s112,379,,,230.784,229.902,231.665,False,False,False,False
s112,380,,,230.784,229.902,231.665,False,False,False,False
s112,381,,,230.784,229.902,231.665,False,False,False,False
s112,382,,,230.784,229.902,231.665,False,False,False,False
s112,383,,,230.784,229.902,231.665,False,False,False,False
s112,384,,,230.784,229.902,231.665,False,False,False,False
s112,385,,,230.784,229.902,231.665,False,False,False,False
s112,386,,,230.784,229.902,231.665,False,False,False,False
s112,387,,,230.784,229.902,231.665,False,False,False,False
s112,388,,,230.784,229.902,231.665,False,False,False,False
s112,389,,,230.784,229.902,231.665,False,False,False,False
s112,390,,,230.784,229.902,231.665,False,False,False,False
s112,391,,,230.784,229.902,231.665,False,False,False,False
s112,392,,,230.784,229.902,231.665,False,False,False,False
s112,393,,,230.784,229.902,231.665,False,False,False,False
s112,394,,,230.784,229.902,231.665,False,False,False,False
s112,395,,,230.784,229.902,231.665,False,False,False,False
s112,396,,,230.784,229.902,231.665,False,False,False,False
s112,397,,,230.784,229.902,231.665,False,False,False,False
s112,398,,,230.784,229.902,231.665,False,False,False,False
s112,399,,,230.784,229.902,231.665,False,False,False,False
s112,400,,,230.784,229.902,231.665,False,False,False,False
s112,401,,,230.784,229.902,231.665,False,False,False,False
s112,402,,,230.784,229.902,231.665,False,False,False,False
s112,403,,,230.784,229.902,231.665,False,False,False,False
s112,404,,,230.784,229.902,231.665,False,False,False,False
s112,405,,,230.784,229.902,231.665,False,False,False,False
s112,406,,,230.784,229.902,231.665,False,False,False,False
s112,407,,,230.784,229.902,231.665,False,False,False,False
s112,408,,,230.784,229.902,231.665,False,False,False,False
s112,409,,,230.784,229.902,231.665,False,False,False,False
s112,410,,,230.784,229.902,231.665,False,False,False,False
s112,411,,,230.784,229.902,231.665,False,False,False,False
s112,412,,,230.784,229.902,231.665,False,False,False,False
s112,413,,,230.784,229.902,231.665,False,False,False,False
s112,414,,,230.784,229.902,231.665,False,False,False,False
s112,415,,,230.784,229.902,231.665,False,False,False,False
s112,416,,,230.784,229.902,231.665,False,False,False,False
s112,417,,,230.784,229.902,231.665,False,False,False,False
s112,418,,,230.784,229.902,231.665,False,False,False,False
s112,419,,,230.784,229.902,231.665,False,False,False,False
s112,420,,,230.784,229.902,231.665,False,False,False,False
s112,421,,,230.784,229.902,231.665,False,False,False,False
s112,422,,,230.784,229.902,231.665,False,False,False,False
s112,423,,,230.784,229.902,231.665,False,False,False,False
s112,424,,,230.784,229.902,231.665,False,False,False,False
s112,425,,,230.784,229.902,231.665,False,False,False,False
s112,426,,,230.784,229.902,231.665,False,False,False,False
s112,427,,,230.784,229.902,231.665,False,False,False,False
s112,428,,,230.784,229.902,231.665,False,False,False,False
s112,429,,,230.784,229.902,231.665,False,False,False,False
s112,430,,,230.784,229.902,231.665,False,False,False,False
s112,431,,,230.784,229.902,231.665,False,False,False,False
s112,432,,,230.784,229.902,231.665,False,False,False,False
s112,433,,,230.784,229.902,231.665,False,False,False,False
s112,434,,,230.784,229.902,231.665,False,False,False,False
s112,435,,,230.784,229.902,231.665,False,False,False,False
s112,436,,,230.784,229.902,231.665,False,False,False,False
s112,437,,,230.784,229.902,231.665,False,False,False,False
s112,438,,,230.784,229.902,231.665,False,False,False,False
s112,439,,,230.784,229.902,231.665,False,False,False,False
s112,440,,,230.784,229.902,231.665,False,False,False,False
s112,441,,,230.784,229.902,231.665,False,False,False,False
s112,442,,,230.784,229.902,231.665,False,False,False,False
s112,443,,,230.784,229.902,231.665,False,False,False,False
s112,444,,,230.784,229.902,231.665,False,False,False,False
s112,445,,,230.784,229.902,231.665,False,False,False,False
s112,446,,,230.784,229.902,231.665,False,False,False,False
s112,447,,,230.784,229.902,231.665,False,False,False,False
s112,448,,,230.784,229.902,231.665,False,False,False,False
s112,449,,,230.784,229.902,231.665,False,False,False,False
s112,450,,,230.784,229.902,231.665,False,False,False,False
s112,451,,,230.784,229.902,231.665,False,False,False,False
s112,452,,,230.784,229.902,231.665,False,False,False,False
s112,453,,,230.784,229.902,231.665,False,False,False,False
s112,454,,,230.784,229.902,231.665,False,False,False,False
s112,455,,,230.784,229.902,231.665,False,False,False,False
s112,456,,,230.784,229.902,231.665,False,False,False,False
s112,457,,,230.784,229.902,231.665,False,False,False,False
s112,458,,,230.784,229.902,231.665,False,False,False,False
s112,459,,,230.784,229.902,231.665,False,False,False,False
s112,460,,,230.784,229.902,231.665,False,False,False,False
s112,461,,,230.784,229.902,231.665,False,False,False,False
s112,462,,,230.784,229.902,231.665,False,False,False,False
s112,463,,,230.784,229.902,231.665,False,False,False,False
s112,464,,,230.784,229.902,231.665,False,False,False,False
s112,465,,,230.784,229.902,231.665,False,False,False,False
s112,466,,,230.784,229.902,231.665,False,False,False,False
s112,467,,,230.784,229.902,231.665,False,False,False,False
s112,468,,,230.784,229.902,231.665,False,False,False,False
s112,469,,,230.784,229.902,231.665,False,False,False,False
s112,470,,,230.784,229.902,231.665,False,False,False,False
s112,471,,,230.784,229.902,231.665,False,False,False,False
s112,472,,,230.784,229.902,231.665,False,False,False,False
s112,473,,,230.784,229.902,231.665,False,False,False,False
s112,474,,,230.784,229.902,231.665,False,False,False,False
s112,475,,,230.784,229.902,231.665,False,False,False,False
s112,476,,,230.784,229.902,231.665,False,False,False,False
s112,477,,,230.784,229.902,231.665,False,False,False,False
s112,478,,,230.784,229.902,231.665,False,False,False,False
s112,479,,,230.784,229.902,231.665,False,False,False,False
s112,480,,,230.784,229.902,231.665,False,False,False,False
s112,481,,,230.784,229.902,231.665,False,False,False,False
s112,482,,,230.784,229.902,231.665,False,False,False,False
s112,483,,,230.784,229.902,231.665,False,False,False,False
s112,484,,,230.784,229.902,231.665,False,False,False,False
s112,485,,,230.784,229.902,231.665,False,False,False,False
s112,486,,,230.784,229.902,231.665,False,False,False,False
s112,487,,,230.784,229.902,231.665,False,False,False,False
s112,488,,,230.784,229.902,231.665,False,False,False,False
s112,489,,,230.784,229.902,231.665,False,False,False,False
s112,490,,,230.784,229.902,231.665,False,False,False,False
s112,491,,,230.784,229.902,231.665,False,False,False,False
s112,492,,,230.784,229.902,231.665,False,False,False,False
s112,493,,,230.784,229.902,231.665,False,False,False,False
s112,494,,,230.784,229.902,231.665,False,False,False,False
s112,495,,,230.784,229.902,231.665,False,False,False,False
s112,496,,,230.784,229.902,231.665,False,False,False,False
s112,497,,,230.784,229.902,231.665,False,False,False,False
s112,498,,,230.784,229.902,231.665,False,False,False,False
s112,499,,,230.784,229.902,231.665,False,False,False,False
s112,500,,,230.784,229.902,231.665,False,False,False,False
s112,501,,,230.784,229.902,231.665,False,False,False,False
s112,502,,,230.784,229.902,231.665,False,False,False,False
s112,503,,,230.784,229.902,231.665,False,False,False,False
s112,504,,,230.784,229.902,231.665,False,False,False,False
s112,505,,,230.784,229.902,231.665,False,False,False,False
s112,506,,,230.784,229.902,231.665,False,False,False,False
s112,507,,,230.784,229.902,231.665,False,False,False,False
s112,508,,,230.784,229.902,231.665,False,False,False,False
s112,509,,,230.784,229.902,231.665,False,False,False,False
s112,510,,,230.784,229.902,231.665,False,False,False,False
s112,511,,,230.784,229.902,231.665,False,False,False,False
s112,512,,,230.784,229.902,231.665,False,False,False,False
s112,513,,,230.784,229.902,231.665,False,False,False,False
s112,514,,,230.784,229.902,231.665,False,False,False,False
s112,515,,,230.784,229.902,231.665,False,False,False,False
s112,516,,,230.784,229.902,231.665,False,False,False,False
s112,517,,,230.784,229.902,231.665,False,False,False,False
s112,518,,,230.784,229.902,231.665,False,False,False,False
s112,519,,,230.784,229.902,231.665,False,False,False,False
s112,520,,,230.784,229.902,231.665,False,False,False,False
s112,521,,,230.784,229.902,231.665,False,False,False,False
s112,522,,,230.784,229.902,231.665,False,False,False,False
s112,523,,,230.784,229.902,231.665,False,False,False,False
s112,524,,,230.784,229.902,231.665,False,False,False,False
s112,525,,,230.784,229.902,231.665,False,False,False,False
s112,526,,,230.784,229.902,231.665,False,False,False,False
s112,527,,,230.784,229.902,231.665,False,False,False,False
s112,528,,,230.784,229.902,231.665,False,False,False,False
s112,529,,,230.784,229.902,231.665,False,False,False,False
s112,530,,,230.784,229.902,231.665,False,False,False,False
s112,531,,,230.784,229.902,231.665,False,False,False,False
s112,532,,,230.784,229.902,231.665,False,False,False,False
s112,533,,,230.784,229.902,231.665,False,False,False,False
s112,534,,,230.784,229.902,231.665,False,False,False,False
s112,535,,,230.784,229.902,231.665,False,False,False,False
s112,536,,,230.784,229.902,231.665,False,False,False,False
s112,537,,,230.784,229.902,231.665,False,False,False,False
s112,538,,,230.784,229.902,231.665,False,False,False,False
s112,539,,,230.784,229.902,231.665,False,False,False,False
s112,540,,,230.784,229.902,231.665,False,False,False,False
s112,541,,,230.784,229.902,231.665,False,False,False,False
s112,542,,,230.784,229.902,231.665,False,False,False,False
s112,543,,,230.784,229.902,231.665,False,False,False,False
s112,544,,,230.784,229.902,231.665,False,False,False,False
s112,545,,,230.784,229.902,231.665,False,False,False,False
s112,546,,,230.784,229.902,231.665,False,False,False,False
s112,547,,,230.784,229.902,231.665,False,False,False,False
s112,548,,,230.784,229.902,231.665,False,False,False,False
s112,549,,,230.784,229.902,231.665,False,False,False,False
s112,550,,,230.784,229.902,231.665,False,False,False,False
s112,551,,,230.784,229.902,231.665,False,False,False,False
s112,552,,,230.784,229.902,231.665,False,False,False,False
s112,553,,,230.784,229.902,231.665,False,False,False,False
s112,554,,,230.784,229.902,231.665,False,False,False,False
s112,555,,,230.784,229.902,231.665,False,False,False,False
s112,556,,,230.784,229.902,231.665,False,False,False,False
s112,557,,,230.784,229.902,231.665,False,False,False,False
s112,558,,,230.784,229.902,231.665,False,False,False,False
s112,559,,,230.784,229.902,231.665,False,False,False,False
s112,560,,,230.784,229.902,231.665,False,False,False,False
s112,561,,,230.784,229.902,231.665,False,False,False,False
s112,562,,,230.784,229.902,231.665,False,False,False,False
s112,563,,,230.784,229.902,231.665,False,False,False,False
s112,564,,,230.784,229.902,231.665,False,False,False,False
s112,565,,,230.784,229.902,231.665,False,False,False,False
s112,566,,,230.784,229.902,231.665,False,False,False,False
s112,567,,,230.784,229.902,231.665,False,False,False,False
s112,568,,,230.784,229.902,231.665,False,False,False,False
s112,569,,,230.784,229.902,231.665,False,False,False,False
s112,570,,,230.784,229.902,231.665,False,False,False,False
s112,571,,,230.784,229.902,231.665,False,False,False,False
s112,572,,,230.784,229.902,231.665,False,False,False,False
s112,573,,,230.784,229.902,231.665,False,False,False,False
s112,574,,,230.784,229.902,231.665,False,False,False,False
s112,575,,,230.784,229.902,231.665,False,False,False,False
s112,576,,,230.784,229.902,231.665,False,False,False,False
s112,577,,,230.784,229.902,231.665,False,False,False,False
s112,578,,,230.784,229.902,231.665,False,False,False,False
s112,579,,,230.784,229.902,231.665,False,False,False,False
s112,580,,,230.784,229.902,231.665,False,False,False,False
s112,581,,,230.784,229.902,231.665,False,False,False,False
s112,582,,,230.784,229.902,231.665,False,False,False,False
s112,583,,,230.784,229.902,231.665,False,False,False,False
s112,584,,,230.784,229.902,231.665,False,False,False,False
s112,585,,,230.784,229.902,231.665,False,False,False,False
s112,586,,,230.784,229.902,231.665,False,False,False,False
s112,587,,,230.784,229.902,231.665,False,False,False,False
s112,588,,,230.784,229.902,231.665,False,False,False,False
s112,589,,,230.784,229.902,231.665,False,False,False,False
s112,590,,,230.784,229.902,231.665,False,False,False,False
s112,591,,,230.784,229.902,231.665,False,False,False,False
s112,592,,,230.784,229.902,231.665,False,False,False,False
s112,593,,,230.784,229.902,231.665,False,False,False,False
s112,594,,,230.784,229.902,231.665,False,False,False,False
s112,595,,,230.784,229.902,231.665,False,False,False,False
s112,596,,,230.784,229.902,231.665,False,False,False,False
s112,597,,,230.784,229.902,231.665,False,False,False,False
s112,598,,,230.784,229.902,231.665,False,False,False,False
s112,599,,,230.784,229.902,231.665,False,False,False,False
s112,600,,,230.784,229.902,231.665,False,False,False,False
s112,601,,,230.784,229.902,231.665,False,False,False,False
s112,602,,,230.784,229.902,231.665,False,False,False,False
s112,603,,,230.784,229.902,231.665,False,False,False,False
s112,604,,,230.784,229.902,231.665,False,False,False,False
s112,605,,,230.784,229.902,231.665,False,False,False,False
s112,606,,,230.784,229.902,231.665,False,False,False,False
s112,607,,,230.784,229.902,231.665,False,False,False,False
s112,608,,,230.784,229.902,231.665,False,False,False,False
s112,609,,,230.784,229.902,231.665,False,False,False,False
s112,610,,,230.784,229.902,231.665,False,False,False,False
s112,611,,,230.784,229.902,231.665,False,False,False,False
s112,612,,,230.784,229.902,231.665,False,False,False,False
s112,613,,,230.784,229.902,231.665,False,False,False,False
s112,614,,,230.784,229.902,231.665,False,False,False,False
s112,615,,,230.784,229.902,231.665,False,False,False,False
s112,616,,,230.784,229.902,231.665,False,False,False,False
s112,617,,,230.784,229.902,231.665,False,False,False,False
s112,618,,,230.784,229.902,231.665,False,False,False,False
s112,619,,,230.784,229.902,231.665,False,False,False,False
s112,620,,,230.784,229.902,231.665,False,False,False,False
s112,621,,,230.784,229.902,231.665,False,False,False,False
s112,622,,,230.784,229.902,231.665,False,False,False,False
s112,623,,,230.784,229.902,231.665,False,False,False,False
s112,624,,,230.784,229.902,231.665,False,False,False,False
s112,625,,,230.784,229.902,231.665,False,False,False,False
s112,626,,,230.784,229.902,231.665,False,False,False,False
s112,627,,,230.784,229.902,231.665,False,False,False,False
s112,628,,,230.784,229.902,231.665,False,False,False,False
s112,629,,,230.784,229.902,231.665,False,False,False,False
s112,630,,,230.784,229.902,231.665,False,False,False,False
s112,631,,,230.784,229.902,231.665,False,False,False,False
s112,632,,,230.784,229.902,231.665,False,False,False,False
s112,633,,,230.784,229.902,231.665,False,False,False,False
s112,634,,,230.784,229.902,231.665,False,False,False,False
s112,635,,,230.784,229.902,231.665,False,False,False,False
s112,636,,,230.784,229.902,231.665,False,False,False,False
s112,637,,,230.784,229.902,231.665,False,False,False,False
s112,638,,,230.784,229.902,231.665,False,False,False,False
s112,639,,,230.784,229.902,231.665,False,False,False,False
s112,640,,,230.784,229.902,231.665,False,False,False,False
s112,641,,,230.784,229.902,231.665,False,False,False,False
s112,642,,,230.784,229.902,231.665,False,False,False,False
s112,643,,,230.784,229.902,231.665,False,False,False,False
s112,644,,,230.784,229.902,231.665,False,False,False,False
s112,645,,,230.784,229.902,231.665,False,False,False,False
s112,646,,,230.784,229.902,231.665,False,False,False,False
s112,647,,,230.784,229.902,231.665,False,False,False,False
s112,648,,,230.784,229.902,231.665,False,False,False,False
s112,649,,,230.784,229.902,231.665,False,False,False,False
s112,650,,,230.784,229.902,231.665,False,False,False,False
s112,651,,,230.784,229.902,231.665,False,False,False,False
s112,652,,,230.784,229.902,231.665,False,False,False,False
s112,653,,,230.784,229.902,231.665,False,False,False,False
s112,654,,,230.784,229.902,231.665,False,False,False,False
s112,655,,,230.784,229.902,231.665,False,False,False,False
s112,656,,,230.784,229.902,231.665,False,False,False,False
s112,657,,,230.784,229.902,231.665,False,False,False,False
s112,658,,,230.784,229.902,231.665,False,False,False,False
s112,659,,,230.784,229.902,231.665,False,False,False,False
s112,660,,,230.784,229.902,231.665,False,False,False,False
s112,661,,,230.784,229.902,231.665,False,False,False,False
s112,662,,,230.784,229.902,231.665,False,False,False,False
s112,663,,,230.784,229.902,231.665,False,False,False,False
s112,664,,,230.784,229.902,231.665,False,False,False,False
s112,665,,,230.784,229.902,231.665,False,False,False,False
s112,666,,,230.784,229.902,231.665,False,False,False,False
s112,667,,,230.784,229.902,231.665,False,False,False,False
s112,668,,,230.784,229.902,231.665,False,False,False,False
s112,669,,,230.784,229.902,231.665,False,False,False,False
s112,670,,,230.784,229.902,231.665,False,False,False,False
s112,671,,,230.784,229.902,231.665,False,False,False,False
s112,672,,,230.784,229.902,231.665,False,False,False,False
s112,673,,,230.784,229.902,231.665,False,False,False,False
s112,674,,,230.784,229.902,231.665,False,False,False,False
s112,675,,,230.784,229.902,231.665,False,False,False,False
s112,676,,,230.784,229.902,231.665,False,False,False,False
s112,677,,,230.784,229.902,231.665,False,False,False,False
s112,678,,,230.784,229.902,231.665,False,False,False,False
s112,679,,,230.784,229.902,231.665,False,False,False,False
s112,680,,,230.784,229.902,231.665,False,False,False,False
s112,681,,,230.784,229.902,231.665,False,False,False,False
s112,682,,,230.784,229.902,231.665,False,False,False,False
s112,683,,,230.784,229.902,231.665,False,False,False,False
s112,684,,,230.784,229.902,231.665,False,False,False,False
s112,685,,,230.784,229.902,231.665,False,False,False,False
s112,686,,,230.784,229.902,231.665,False,False,False,False
s112,687,,,230.784,229.902,231.665,False,False,False,False
s112,688,,,230.784,229.902,231.665,False,False,False,False
s112,689,,,230.784,229.902,231.665,False,False,False,False
s112,690,,,230.784,229.902,231.665,False,False,False,False
s112,691,,,230.784,229.902,231.665,False,False,False,False
s112,692,,,230.784,229.902,231.665,False,False,False,False
s112,693,,,230.784,229.902,231.665,False,False,False,False
s112,694,,,230.784,229.902,231.665,False,False,False,False
s112,695,,,230.784,229.902,231.665,False,False,False,False
s112,696,,,230.784,229.902,231.665,False,False,False,False
s112,697,,,230.784,229.902,231.665,False,False,False,False
s112,698,,,230.784,229.902,231.665,False,False,False,False
s112,699,,,230.784,229.902,231.665,False,False,False,False
s112,700,,,230.784,229.902,231.665,False,False,False,False
s112,701,,,230.784,229.902,231.665,False,False,False,False
s112,702,,,230.784,229.902,231.665,False,False,False,False
s112,703,,,230.784,229.902,231.665,False,False,False,False
s112,704,,,230.784,229.902,231.665,False,False,False,False
s112,705,,,230.784,229.902,231.665,False,False,False,False
s112,706,,,230.784,229.902,231.665,False,False,False,False
s112,707,,,230.784,229.902,231.665,False,False,False,False
s112,708,,,230.784,229.902,231.665,False,False,False,False
s112,709,,,230.784,229.902,231.665,False,False,False,False
s112,710,,,230.784,229.902,231.665,False,False,False,False
s112,711,,,230.784,229.902,231.665,False,False,False,False
s112,712,,,230.784,229.902,231.665,False,False,False,False
s112,713,,,230.784,229.902,231.665,False,False,False,False
s112,714,,,230.784,229.902,231.665,False,False,False,False
s112,715,,,230.784,229.902,231.665,False,False,False,False
s112,716,,,230.784,229.902,231.665,False,False,False,False
s112,717,,,230.784,229.902,231.665,False,False,False,False
s112,718,,,230.784,229.902,231.665,False,False,False,False
s112,719,,,230.784,229.902,231.665,False,False,False,False
s112,720,,,230.784,229.902,231.665,False,False,False,False
s112,721,,,230.784,229.902,231.665,False,False,False,False
s112,722,,,230.784,229.902,231.665,False,False,False,False
s112,723,,,230.784,229.902,231.665,False,False,False,False
s112,724,,,230.784,229.902,231.665,False,False,False,False
s112,725,,,230.784,229.902,231.665,False,False,False,False
s112,726,,,230.784,229.902,231.665,False,False,False,False
s112,727,,,230.784,229.902,231.665,False,False,False,False
s112,728,,,230.784,229.902,231.665,False,False,False,False
s112,729,,,230.784,229.902,231.665,False,False,False,False
s112,730,,,230.784,229.902,231.665,False,False,False,False
s112,731,,,230.784,229.902,231.665,False,False,False,False
s112,732,,,230.784,229.902,231.665,False,False,False,False
s112,733,,,230.784,229.902,231.665,False,False,False,False
s112,734,,,230.784,229.902,231.665,False,False,False,False
s112,735,,,230.784,229.902,231.665,False,False,False,False
s112,736,,,230.784,229.902,231.665,False,False,False,False
s112,737,,,230.784,229.902,231.665,False,False,False,False
s112,738,,,230.784,229.902,231.665,False,False,False,False
s112,739,,,230.784,229.902,231.665,False,False,False,False
s112,740,,,230.784,229.902,231.665,False,False,False,False
s112,741,,,230.784,229.902,231.665,False,False,False,False
s112,742,,,230.784,229.902,231.665,False,False,False,False
s112,743,,,230.784,229.902,231.665,False,False,False,False
s112,744,,,230.784,229.902,231.665,False,False,False,False
s112,745,,,230.784,229.902,231.665,False,False,False,False
s112,746,,,230.784,229.902,231.665,False,False,False,False
s112,747,,,230.784,229.902,231.665,False,False,False,False
s112,748,,,230.784,229.902,231.665,False,False,False,False
s112,749,,,230.784,229.902,231.665,False,False,False,False
s112,750,,,230.784,229.902,231.665,False,False,False,False
s112,751,,,230.784,229.902,231.665,False,False,False,False
s112,752,,,230.784,229.902,231.665,False,False,False,False
s112,753,,,230.784,229.902,231.665,False,False,False,False
s112,754,,,230.784,229.902,231.665,False,False,False,False
s112,755,,,230.784,229.902,231.665,False,False,False,False
s112,756,,,230.784,229.902,231.665,False,False,False,False
s112,757,,,230.784,229.902,231.665,False,False,False,False
s112,758,,,230.784,229.902,231.665,False,False,False,False
s112,759,,,230.784,229.902,231.665,False,False,False,False
s112,760,,,230.784,229.902,231.665,False,False,False,False
s112,761,,,230.784,229.902,231.665,False,False,False,False
s112,762,,,230.784,229.902,231.665,False,False,False,False
s112,763,,,230.784,229.902,231.665,False,False,False,False
s112,764,,,230.784,229.902,231.665,False,False,False,False
s112,765,,,230.784,229.902,231.665,False,False,False,False
s112,766,,,230.784,229.902,231.665,False,False,False,False
s112,767,,,230.784,229.902,231.665,False,False,False,False
s112,768,,,230.784,229.902,231.665,False,False,False,False
s112,769,,,230.784,229.902,231.665,False,False,False,False
s112,770,,,230.784,229.902,231.665,False,False,False,False
s112,771,,,230.784,229.902,231.665,False,False,False,False
s112,772,,,230.784,229.902,231.665,False,False,False,False
s112,773,230.765,,230.78,229.902,231.665,False,False,False,False
s112,774,,,230.78,229.902,231.665,False,False,False,False
s112,775,,,230.78,229.902,231.665,False,False,False,False
s112,776,231.201,,230.864,229.902,231.665,False,False,False,False
s112,777,,,230.864,229.902,231.665,False,False,False,False
s112,778,,,230.864,229.902,231.665,False,False,False,False
s112,779,,,230.864,229.902,231.665,False,False,False,False
s112,780,,,230.864,229.902,231.665,False,False,False,False
s112,781,231,,230.891,229.902,231.665,False,False,False,False
s112,782,,,230.891,229.902,231.665,False,False,False,False
s112,783,230.834,,230.88,229.902,231.665,False,False,False,False
s112,784,,,230.88,229.902,231.665,False,False,False,False
s112,785,,,230.88,229.902,231.665,False,False,False,False
s112,786,,,230.88,229.902,231.665,False,False,False,False
s112,787,,,230.88,229.902,231.665,False,False,False,False
s112,788,,,230.88,229.902,231.665,False,False,False,False
s112,789,,,230.88,229.902,231.665,False,False,False,False
s112,790,232.837,,231.271,229.902,231.665,False,False,False,False
s112,791,,,231.271,229.902,231.665,False,False,False,False
s112,792,,,231.271,229.902,231.665,False,False,False,False
s112,793,,,231.271,229.902,231.665,False,False,False,False
s112,794,,,231.271,229.902,231.665,False,False,False,False
s112,795,,,231.271,229.902,231.665,False,False,False,False
s112,796,,,231.271,229.902,231.665,False,False,False,False
s112,797,,,231.271,229.902,231.665,False,False,False,False
s112,798,,,231.271,229.902,231.665,False,False,False,False
s112,799,232.183,,231.454,229.902,231.665,False,False,False,False
s112,800,,,231.454,229.902,231.665,False,False,False,False
s112,801,,,231.454,229.902,231.665,False,False,False,False
s112,802,,,231.454,229.902,231.665,False,False,False,False
s112,803,,,231.454,229.902,231.665,False,False,False,False
s112,804,231.635,,231.49,229.902,231.665,False,False,False,False
s112,805,231.844,0.2088,231.561,229.902,231.665,False,False,False,False
s112,806,230.218,1.6263,231.292,229.902,231.665,False,False,False,False
s112,807,232.666,2.4477,231.567,229.902,231.665,False,False,False,False
s112,808,,,231.567,229.902,231.665,False,False,False,False
s112,809,,,231.567,229.902,231.665,False,False,False,False
s112,810,,,231.567,229.902,231.665,False,False,False,False
s112,811,231.817,,231.617,229.902,231.665,False,False,False,False
s112,812,232.76,0.9434,231.846,229.902,231.665,False,False,False,False
s112,813,232.168,0.592,231.91,229.902,231.665,False,False,False,False
s112,814,,,231.91,229.902,231.665,False,False,False,False
s112,815,,,231.91,229.902,231.665,False,False,False,False
s112,816,232.475,,232.023,229.902,231.665,False,False,False,False
s112,817,232.265,0.2095,232.071,229.902,231.665,False,False,False,False
s112,818,,,232.071,229.902,231.665,False,False,False,False
s112,819,,,232.071,229.902,231.665,False,False,False,False
s112,820,231.921,,232.041,229.902,231.665,False,False,False,False
s112,821,232.786,0.8659,232.19,229.902,231.665,False,False,False,False
s112,822,232.381,0.4053,232.228,229.902,231.665,False,False,False,False
s112,823,232.79,0.409,232.341,229.902,231.665,False,True,True,False
s112,824,232.45,0.3405,232.363,229.902,231.665,False,False,True,False
s112,825,,,232.363,229.902,231.665,False,False,False,False
s112,826,231.725,,232.235,229.902,231.665,False,False,True,False
s112,827,,,232.235,229.902,231.665,False,False,False,False
s112,828,,,232.235,229.902,231.665,False,False,False,False
s112,829,,,232.235,229.902,231.665,False,False,False,False
s112,830,232.465,,232.281,229.902,231.665,False,False,False,False
s112,831,,,232.281,229.902,231.665,False,False,False,False
s112,832,232.496,,232.324,229.902,231.665,False,False,False,False
s112,833,231.142,1.3541,232.087,229.902,231.665,False,False,False,False
s112,834,,,232.087,229.902,231.665,False,False,False,False
s112,835,232.403,,232.151,229.902,231.665,False,False,False,False
s112,836,,,232.151,229.902,231.665,False,False,False,False
s112,837,,,232.151,229.902,231.665,False,False,False,False
s112,838,233.342,,232.389,229.902,231.665,False,False,False,False
s112,839,,,232.389,229.902,231.665,False,False,False,False
s112,840,,,232.389,229.902,231.665,False,False,False,False
s112,841,,,232.389,229.902,231.665,False,False,False,False
s112,842,233.078,,232.527,229.902,231.665,False,False,False,False
s112,843,231.66,1.4175,232.353,229.902,231.665,False,False,False,False
s112,844,,,232.353,229.902,231.665,False,False,False,False
s112,845,231.477,,232.178,229.902,231.665,False,False,False,False
s112,846,231.816,0.3392,232.106,229.902,231.665,False,False,False,False
s112,847,232.987,1.1709,232.282,229.902,231.665,False,False,False,False
s112,848,,,232.282,229.902,231.665,False,False,False,False
s112,849,,,232.282,229.902,231.665,False,False,False,False
s112,850,232.97,,232.42,229.902,231.665,False,False,False,False
s112,851,,,232.42,229.902,231.665,False,False,False,False
s112,852,232.351,,232.406,229.902,231.665,False,False,False,False
s112,853,231.512,0.839,232.227,229.902,231.665,False,False,False,False
s112,854,,,232.227,229.902,231.665,False,False,False,False
s112,855,232.185,,232.219,229.902,231.665,False,False,False,False
s112,856,,,232.219,229.902,231.665,False,False,False,False
s112,857,,,232.219,229.902,231.665,False,False,False,False
s112,858,231.934,,232.162,229.902,231.665,False,False,False,False
s112,859,231.202,0.7323,231.97,229.902,231.665,False,False,False,False
s112,860,231.888,0.6866,231.953,229.902,231.665,False,False,False,False
s112,861,,,231.953,229.902,231.665,False,False,False,False
s112,862,,,231.953,229.902,231.665,False,False,False,False
s112,863,,,231.953,229.902,231.665,False,False,False,False
s112,864,233.02,,232.167,229.902,231.665,False,False,False,False
s112,865,,,232.167,229.902,231.665,False,False,False,False
s112,866,,,232.167,229.902,231.665,False,False,False,False
s112,867,,,232.167,229.902,231.665,False,False,False,False
s112,868,232.611,,232.256,229.902,231.665,False,False,False,False
s112,869,,,232.256,229.902,231.665,False,False,False,False
s112,870,231.83,,232.171,229.902,231.665,False,False,False,False
s112,871,232.139,0.3086,232.164,229.902,231.665,False,False,False,False
s112,872,231.149,0.9893,231.961,229.902,231.665,False,False,False,False
s112,873,,,231.961,229.902,231.665,False,False,False,False
s112,874,,,231.961,229.902,231.665,False,False,False,False
s112,875,,,231.961,229.902,231.665,False,False,False,False
s112,876,,,231.961,229.902,231.665,False,False,False,False
s112,877,,,231.961,229.902,231.665,False,False,False,False
s112,878,,,231.961,229.902,231.665,False,False,False,False
s112,879,230.956,,231.76,229.902,231.665,False,False,False,False
s112,880,231.794,0.8376,231.767,229.902,231.665,False,False,False,False
s112,881,,,231.767,229.902,231.665,False,False,False,False
s112,882,231.697,,231.753,229.902,231.665,False,False,False,False
s112,883,,,231.753,229.902,231.665,False,False,False,False
s112,884,,,231.753,229.902,231.665,False,False,False,False
s112,885,231.9,,231.782,229.902,231.665,False,False,False,False
s112,886,,,231.782,229.902,231.665,False,False,False,False
s112,887,,,231.782,229.902,231.665,False,False,False,False
s112,888,230.642,,231.554,229.902,231.665,False,False,False,False
s112,889,,,231.554,229.902,231.665,False,False,False,False
s112,890,,,231.554,229.902,231.665,False,False,False,False
s112,891,,,231.554,229.902,231.665,False,False,False,False
s112,892,230.96,,231.435,229.902,231.665,False,False,False,False
s112,893,232.206,1.2461,231.59,229.902,231.665,False,False,False,False
s112,894,231.578,0.628,231.587,229.902,231.665,False,False,False,False
s112,895,,,231.587,229.902,231.665,False,False,False,False
s112,896,231.778,,231.626,229.902,231.665,False,False,False,False
s112,897,231.057,0.7213,231.512,229.902,231.665,False,False,False,False
s112,898,,,231.512,229.902,231.665,False,False,False,False
s112,899,232.116,,231.633,229.902,231.665,False,False,False,False
s112,900,,,231.633,229.902,231.665,False,False,False,False
s112,901,,,231.633,229.902,231.665,False,False,False,False
s112,902,230.611,,231.428,229.902,231.665,False,False,False,False
s112,903,231.365,0.7539,231.416,229.902,231.665,False,False,False,False
s112,904,231.524,0.1595,231.437,229.902,231.665,False,False,False,False
s112,905,,,231.437,229.902,231.665,False,False,False,False
s112,906,,,231.437,229.902,231.665,False,False,False,False
s112,907,231.372,,231.424,229.902,231.665,False,False,False,False
s112,908,,,231.424,229.902,231.665,False,False,False,False
s112,909,231.615,,231.462,229.902,231.665,False,False,False,False
s112,910,,,231.462,229.902,231.665,False,False,False,False
s112,911,,,231.462,229.902,231.665,False,False,False,False
s112,912,,,231.462,229.902,231.665,False,False,False,False
s112,913,,,231.462,229.902,231.665,False,False,False,False
s112,914,232.423,,231.655,229.902,231.665,False,False,False,False
s112,915,230.321,2.1021,231.388,229.902,231.665,False,False,False,False
s112,916,230.641,0.3203,231.238,229.902,231.665,False,False,False,False
s112,917,230.363,0.2781,231.063,229.902,231.665,False,False,False,False
s112,918,231.235,0.8721,231.098,229.902,231.665,False,False,False,False
s112,919,231.227,0.0082,231.124,229.902,231.665,False,False,False,False
s112,920,232.123,0.8962,231.323,229.902,231.665,False,False,False,False
s112,921,229.72,2.403,231.003,229.902,231.665,False,False,False,False
s112,922,231.724,2.0039,231.147,229.902,231.665,False,False,False,False
s112,923,234.243,2.5187,231.766,229.902,231.665,True,False,False,False
s112,924,232.015,2.228,231.816,229.902,231.665,False,False,True,False
s112,925,231.037,0.9776,231.66,229.902,231.665,False,False,False,False
s112,926,231.807,0.7695,231.689,229.902,231.665,False,False,True,False
s112,927,,,231.689,229.902,231.665,False,False,False,False
s112,928,,,231.689,229.902,231.665,False,False,False,False
s112,929,230.911,,231.534,229.902,231.665,False,False,False,False
s112,930,231.553,0.642,231.538,229.902,231.665,False,False,False,False
s112,931,,,231.538,229.902,231.665,False,False,False,False
s112,932,230.788,,231.388,229.902,231.665,False,False,False,False
s112,933,230.862,0.0732,231.283,229.902,231.665,False,False,False,False
s112,934,231.07,0.2085,231.24,229.902,231.665,False,False,False,False
s112,935,232.119,1.049,231.416,229.902,231.665,False,False,False,False
s112,936,,,231.416,229.902,231.665,False,False,False,False
s112,937,,,231.416,229.902,231.665,False,False,False,False
s112,938,232.13,,231.559,229.902,231.665,False,False,False,False
s112,939,,,231.559,229.902,231.665,False,False,False,False
s112,940,231.255,,231.498,229.902,231.665,False,False,False,False
s112,941,,,231.498,229.902,231.665,False,False,False,False
s112,942,,,231.498,229.902,231.665,False,False,False,False
s112,943,,,231.498,229.902,231.665,False,False,False,False
s112,944,231.393,,231.477,229.902,231.665,False,False,False,False
s112,945,,,231.477,229.902,231.665,False,False,False,False
s112,946,231.72,,231.526,229.902,231.665,False,False,False,False
s112,947,230.609,1.1115,231.342,229.902,231.665,False,False,False,False
s112,948,,,231.342,229.902,231.665,False,False,False,False
s112,949,,,231.342,229.902,231.665,False,False,False,False
s112,950,,,231.342,229.902,231.665,False,False,False,False
s112,951,231.291,,231.332,229.902,231.665,False,False,False,False
s112,952,231.675,0.3845,231.401,229.902,231.665,False,False,False,False
s112,953,230.424,1.2507,231.205,229.902,231.665,False,False,False,False
s112,954,,,231.205,229.902,231.665,False,False,False,False
s112,955,230.854,,231.135,229.902,231.665,False,False,False,False
s112,956,230.77,0.0842,231.062,229.902,231.665,False,False,False,False
s112,957,229.806,0.9634,230.811,229.902,231.665,False,False,False,False
s112,958,,,230.811,229.902,231.665,False,False,False,False
s112,959,231.295,,230.908,229.902,231.665,False,False,False,False
s112,960,,,230.908,229.902,231.665,False,False,False,False
s112,961,,,230.908,229.902,231.665,False,False,False,False
s112,962,232.196,,231.165,229.902,231.665,False,False,False,False
s112,963,,,231.165,229.902,231.665,False,False,False,False
s112,964,,,231.165,229.902,231.665,False,False,False,False
s112,965,231.203,,231.173,229.902,231.665,False,False,False,False
s112,966,,,231.173,229.902,231.665,False,False,False,False
s112,967,231.48,,231.234,229.902,231.665,False,False,False,False
s112,968,,,231.234,229.902,231.665,False,False,False,False
s112,969,231.1,,231.207,229.902,231.665,False,False,False,False
s112,970,,,231.207,229.902,231.665,False,False,False,False
s112,971,,,231.207,229.902,231.665,False,False,False,False
s112,972,,,231.207,229.902,231.665,False,False,False,False
s112,973,230.826,,231.131,229.902,231.665,False,False,False,False
s112,974,232.76,1.9348,231.457,229.902,231.665,False,False,False,False
s112,975,,,231.457,229.902,231.665,False,False,False,False
s112,976,231.41,,231.447,229.902,231.665,False,False,False,False
s112,977,,,231.447,229.902,231.665,False,False,False,False
s112,978,230.766,,231.311,229.902,231.665,False,False,False,False
s112,979,230.877,0.1113,231.224,229.902,231.665,False,False,False,False
s112,980,231.925,1.0474,231.365,229.902,231.665,False,False,False,False
s112,981,,,231.365,229.902,231.665,False,False,False,False
s112,982,231.254,,231.342,229.902,231.665,False,False,False,False
s112,983,230.791,0.4635,231.232,229.902,231.665,False,False,False,False
s112,984,230.725,0.0655,231.131,229.902,231.665,False,False,False,False
s112,985,233.036,2.3111,231.512,229.902,231.665,False,False,False,False
s112,986,230.777,2.2593,231.365,229.902,231.665,False,False,False,False
s112,987,,,231.365,229.902,231.665,False,False,False,False
s112,988,230.367,,231.165,229.902,231.665,False,False,False,False
s112,989,231.347,0.9805,231.201,229.902,231.665,False,False,False,False
s112,990,,,231.201,229.902,231.665,False,False,False,False
s112,991,232.054,,231.372,229.902,231.665,False,False,False,False
s112,992,,,231.372,229.902,231.665,False,False,False,False
s112,993,,,231.372,229.902,231.665,False,False,False,False
s112,994,229.526,,231.003,229.902,231.665,False,False,False,False
s112,995,232.512,2.9868,231.305,229.902,231.665,False,False,False,False
s112,996,,,231.305,229.902,231.665,False,False,False,False
s112,997,232.74,,231.592,229.902,231.665,False,False,False,False
s112,998,230.473,2.2666,231.368,229.902,231.665,False,False,False,False
s112,999,,,231.368,229.902,231.665,False,False,False,False
s112,1000,229.94,,231.082,229.902,231.665,False,False,False,False
s112,1001,,,231.082,229.902,231.665,False,False,False,False
s112,1002,,,231.082,229.902,231.665,False,False,False,False
s112,1003,230.457,,230.957,229.902,231.665,False,False,False,False
s112,1004,,,230.957,229.902,231.665,False,False,False,False
s112,1005,228.99,,230.564,229.902,231.665,False,False,False,False
s112,1006,230.063,1.0731,230.464,229.902,231.665,False,False,False,False
s112,1007,,,230.464,229.902,231.665,False,False,False,False
s112,1008,,,230.464,229.902,231.665,False,False,False,False
s112,1009,,,230.464,229.902,231.665,False,False,False,False
s112,1010,230.167,,230.404,229.902,231.665,False,False,False,False
s112,1011,,,230.404,229.902,231.665,False,False,False,False
s112,1012,232.09,,230.741,229.902,231.665,False,False,False,False
s112,1013,231.533,0.5569,230.9,229.902,231.665,False,False,False,False
s112,1014,,,230.9,229.902,231.665,False,False,False,False
s112,1015,,,230.9,229.902,231.665,False,False,False,False
s112,1016,230.816,,230.883,229.902,231.665,False,False,False,False
s112,1017,,,230.883,229.902,231.665,False,False,False,False
s112,1018,,,230.883,229.902,231.665,False,False,False,False
s112,1019,231.163,,230.939,229.902,231.665,False,False,False,False
s112,1020,230.818,0.3446,230.915,229.902,231.665,False,False,False,False
s112,1021,230.385,0.4333,230.809,229.902,231.665,False,False,False,False
s112,1022,231.214,0.8294,230.89,229.902,231.665,False,False,False,False
s112,1023,231.077,0.1377,230.927,229.902,231.665,False,False,False,False
s112,1024,230.897,0.1793,230.921,229.902,231.665,False,False,False,False
s112,1025,,,230.921,229.902,231.665,False,False,False,False
s112,1026,231.423,,231.022,229.902,231.665,False,False,False,False
s112,1027,230.923,0.4999,231.002,229.902,231.665,False,False,False,False
s112,1028,231.923,0.9999,231.186,229.902,231.665,False,False,False,False
s112,1029,,,231.186,229.902,231.665,False,False,False,False
s112,1030,229.688,,230.887,229.902,231.665,False,False,False,False
s112,1031,230.262,0.5739,230.762,229.902,231.665,False,False,False,False
s112,1032,230.716,0.4543,230.753,229.902,231.665,False,False,False,False
s112,1033,230.89,0.1734,230.78,229.902,231.665,False,False,False,False
s112,1034,,,230.78,229.902,231.665,False,False,False,False
s112,1035,229.57,,230.538,229.902,231.665,False,False,False,False
s112,1036,,,230.538,229.902,231.665,False,False,False,False
s112,1037,,,230.538,229.902,231.665,False,False,False,False
s112,1038,,,230.538,229.902,231.665,False,False,False,False
s112,1039,,,230.538,229.902,231.665,False,False,False,False
s112,1040,,,230.538,229.902,231.665,False,False,False,False
s112,1041,230.798,,230.59,229.902,231.665,False,False,False,False
s112,1042,,,230.59,229.902,231.665,False,False,False,False
s112,1043,,,230.59,229.902,231.665,False,False,False,False
s112,1044,230.877,,230.647,229.902,231.665,False,False,False,False
s112,1045,230.796,0.0813,230.677,229.902,231.665,False,False,False,False
s112,1046,231.208,0.4122,230.783,229.902,231.665,False,False,False,False
s112,1047,230.99,0.2179,230.825,229.902,231.665,False,False,False,False
s112,1048,231.258,0.2678,230.911,229.902,231.665,False,False,False,False
s112,1049,,,230.911,229.902,231.665,False,False,False,False
s112,1050,231.243,,230.978,229.902,231.665,False,False,False,False
s112,1051,229.566,1.6772,230.695,229.902,231.665,False,False,False,False
s112,1052,231.165,1.5987,230.789,229.902,231.665,False,False,False,False
s112,1053,231.583,0.4184,230.948,229.902,231.665,False,False,False,False
s112,1054,231.101,0.4826,230.979,229.902,231.665,False,False,False,False
s112,1055,,,230.979,229.902,231.665,False,False,False,False
s112,1056,232,,231.183,229.902,231.665,False,False,False,False
s112,1057,230.762,1.2382,231.099,229.902,231.665,False,False,False,False
s112,1058,,,231.099,229.902,231.665,False,False,False,False
s112,1059,231.467,,231.172,229.902,231.665,False,False,False,False
s112,1060,231.567,0.0998,231.251,229.902,231.665,False,False,False,False
s112,1061,230.223,1.3434,231.046,229.902,231.665,False,False,False,False
s112,1062,230.695,0.4716,230.976,229.902,231.665,False,False,False,False
s112,1063,231.191,0.4959,231.019,229.902,231.665,False,False,False,False
s112,1064,,,231.019,229.902,231.665,False,False,False,False
s112,1065,230.721,,230.959,229.902,231.665,False,False,False,False
s112,1066,,,230.959,229.902,231.665,False,False,False,False
s112,1067,,,230.959,229.902,231.665,False,False,False,False
s112,1068,,,230.959,229.902,231.665,False,False,False,False
s112,1069,230.047,,230.777,229.902,231.665,False,False,False,False
s112,1070,230.79,0.743,230.78,229.902,231.665,False,False,False,False
s112,1071,229.859,0.9312,230.595,229.902,231.665,False,False,False,False
s112,1072,230.099,0.24,230.496,229.902,231.665,False,False,False,False
s112,1073,230.006,0.0932,230.398,229.902,231.665,False,False,False,False
s112,1074,231.841,1.8348,230.687,229.902,231.665,False,False,False,False
s112,1075,,,230.687,229.902,231.665,False,False,False,False
s112,1076,,,230.687,229.902,231.665,False,False,False,False
s112,1077,230.728,,230.695,229.902,231.665,False,False,False,False
s112,1078,230.079,0.6494,230.572,229.902,231.665,False,False,False,False
s112,1079,230.248,0.1691,230.507,229.902,231.665,False,False,False,False
s112,1080,229.322,0.9253,230.27,229.902,231.665,False,False,False,False
s112,1081,,,230.27,229.902,231.665,False,False,False,False
s112,1082,229.666,,230.149,229.902,231.665,False,False,False,False
s112,1083,230.687,1.0202,230.257,229.902,231.665,False,False,False,False
s112,1084,,,230.257,229.902,231.665,False,False,False,False
s112,1085,229.54,,230.113,229.902,231.665,False,False,False,False
s112,1086,230.985,1.4443,230.288,229.902,231.665,False,False,False,False
s112,1087,231.306,0.3216,230.491,229.902,231.665,False,False,False,False
s112,1088,229.266,2.0401,230.246,229.902,231.665,False,False,False,False
s112,1089,,,230.246,229.902,231.665,False,False,False,False
s112,1090,231.219,,230.441,229.902,231.665,False,False,False,False
s112,1091,229.941,1.2782,230.341,229.902,231.665,False,False,False,False
s112,1092,230.295,0.3543,230.332,229.902,231.665,False,False,False,False
s112,1093,229.004,1.2912,230.066,229.902,231.665,False,False,False,False
s112,1094,230.639,1.6354,230.181,229.902,231.665,False,False,False,False
s112,1095,230.62,0.0197,230.269,229.902,231.665,False,False,False,False
s112,1096,229.08,1.54,230.031,229.902,231.665,False,False,False,False
s112,1097,231.287,2.2071,230.282,229.902,231.665,False,False,False,False
s112,1098,,,230.282,229.902,231.665,False,False,False,False
s112,1099,230.371,,230.3,229.902,231.665,False,False,False,False
s112,1100,229.671,0.7,230.174,229.902,231.665,False,False,False,False
s112,1101,232.069,2.3978,230.553,229.902,231.665,False,False,False,False
s112,1102,,,230.553,229.902,231.665,False,False,False,False
s112,1103,,,230.553,229.902,231.665,False,False,False,False
s112,1104,,,230.553,229.902,231.665,False,False,False,False
s112,1105,,,230.553,229.902,231.665,False,False,False,False
s112,1106,230.243,,230.491,229.902,231.665,False,False,False,False
s112,1107,230.632,0.3889,230.519,229.902,231.665,False,False,False,False
s112,1108,230.849,0.2173,230.585,229.902,231.665,False,False,False,False
s112,1109,230.497,0.3519,230.568,229.902,231.665,False,False,False,False
s112,1110,231.014,0.5171,230.657,229.902,231.665,False,False,False,False
s112,1111,230.495,0.519,230.625,229.902,231.665,False,False,False,False
s112,1112,231.207,0.7116,230.741,229.902,231.665,False,False,False,False
s112,1113,230.098,1.1089,230.613,229.902,231.665,False,False,False,False
s112,1114,230.436,0.3381,230.577,229.902,231.665,False,False,False,False
s112,1115,230.106,0.3299,230.483,229.902,231.665,False,False,False,False
s112,1116,230.333,0.2272,230.453,229.902,231.665,False,False,False,False
s112,1117,,,230.453,229.902,231.665,False,False,False,False
s112,1118,,,230.453,229.902,231.665,False,False,False,False
s112,1119,230.735,,230.51,229.902,231.665,False,False,False,False
s112,1120,,,230.51,229.902,231.665,False,False,False,False
s112,1121,230.898,,230.587,229.902,231.665,False,False,False,False
s112,1122,230.779,0.1192,230.626,229.902,231.665,False,False,False,False
s112,1123,,,230.626,229.902,231.665,False,False,False,False
s112,1124,230.801,,230.661,229.902,231.665,False,False,False,False
s112,1125,230.443,0.3578,230.617,229.902,231.665,False,False,False,False
s112,1126,,,230.617,229.902,231.665,False,False,False,False
s112,1127,230.529,,230.599,229.902,231.665,False,False,False,False
s112,1128,,,230.599,229.902,231.665,False,False,False,False
s112,1129,229.432,,230.366,229.902,231.665,False,False,False,False
s112,1130,230.971,1.5389,230.487,229.902,231.665,False,False,False,False
s112,1131,229.472,1.4989,230.284,229.902,231.665,False,False,False,False
s112,1132,230.389,0.9164,230.305,229.902,231.665,False,False,False,False
s112,1133,230.416,0.0269,230.327,229.902,231.665,False,False,False,False
s112,1134,229.891,0.525,230.24,229.902,231.665,False,False,False,False
s112,1135,,,230.24,229.902,231.665,False,False,False,False
s112,1136,230.112,,230.214,229.902,231.665,False,False,False,False
s112,1137,229.917,0.1954,230.155,229.902,231.665,False,False,False,False
s112,1138,,,230.155,229.902,231.665,False,False,False,False
s112,1139,,,230.155,229.902,231.665,False,False,False,False
s112,1140,,,230.155,229.902,231.665,False,False,False,False
s112,1141,,,230.155,229.902,231.665,False,False,False,False
s112,1142,231.254,,230.375,229.902,231.665,False,False,False,False
s112,1143,231.706,0.4515,230.641,229.902,231.665,False,False,False,False
s112,1144,229.985,1.7207,230.51,229.902,231.665,False,False,False,False
s112,1145,,,230.51,229.902,231.665,False,False,False,False
s112,1146,230.993,,230.606,229.902,231.665,False,False,False,False
s112,1147,,,230.606,229.902,231.665,False,False,False,False
s112,1148,230.56,,230.597,229.902,231.665,False,False,False,False
s112,1149,230.374,0.1865,230.552,229.902,231.665,False,False,False,False
s112,1150,230.931,0.5573,230.628,229.902,231.665,False,False,False,False
s112,1151,230.479,0.452,230.598,229.902,231.665,False,False,False,False
s112,1152,,,230.598,229.902,231.665,False,False,False,False
s112,1153,,,230.598,229.902,231.665,False,False,False,False
s112,1154,232.06,,230.891,229.902,231.665,False,False,False,False
s112,1155,231.279,0.7814,230.968,229.902,231.665,False,False,False,False
s112,1156,231.241,0.0374,231.023,229.902,231.665,False,False,False,False
s112,1157,230.305,0.9362,230.879,229.902,231.665,False,False,False,False
s112,1158,,,230.879,229.902,231.665,False,False,False,False
s112,1159,,,230.879,229.902,231.665,False,False,False,False
s112,1160,230.123,,230.728,229.902,231.665,False,False,False,False
s112,1161,,,230.728,229.902,231.665,False,False,False,False
s112,1162,229.73,,230.528,229.902,231.665,False,False,False,False
s112,1163,231.13,1.4004,230.649,229.902,231.665,False,False,False,False
s112,1164,230.266,0.8639,230.572,229.902,231.665,False,False,False,False
s112,1165,231.734,1.4679,230.805,229.902,231.665,False,False,False,False
s112,1166,,,230.805,229.902,231.665,False,False,False,False
s112,1167,,,230.805,229.902,231.665,False,False,False,False
s112,1168,230.676,,230.779,229.902,231.665,False,False,False,False
s112,1169,,,230.779,229.902,231.665,False,False,False,False
s112,1170,230.854,,230.794,229.902,231.665,False,False,False,False
s112,1171,229.8,1.054,230.595,229.902,231.665,False,False,False,False
s112,1172,230.84,1.0402,230.644,229.902,231.665,False,False,False,False
s112,1173,,,230.644,229.902,231.665,False,False,False,False
s112,1174,231.153,,230.746,229.902,231.665,False,False,False,False
s112,1175,230.896,0.2571,230.776,229.902,231.665,False,False,False,False
s112,1176,230.682,0.2139,230.757,229.902,231.665,False,False,False,False
s112,1177,229.996,0.686,230.605,229.902,231.665,False,False,False,False
s112,1178,231.25,1.2539,230.734,229.902,231.665,False,False,False,False
s112,1179,230.076,1.1741,230.602,229.902,231.665,False,False,False,False
s112,1180,230.317,0.2414,230.545,229.902,231.665,False,False,False,False
s112,1181,,,230.545,229.902,231.665,False,False,False,False
s112,1182,231.344,,230.705,229.902,231.665,False,False,False,False
s112,1183,229.703,1.6409,230.505,229.902,231.665,False,False,False,False
s112,1184,229.587,0.1157,230.321,229.902,231.665,False,False,False,False
s112,1185,229.476,0.1114,230.152,229.902,231.665,False,False,False,False
s112,1186,,,230.152,229.902,231.665,False,False,False,False
s112,1187,,,230.152,229.902,231.665,False,False,False,False
s112,1188,,,230.152,229.902,231.665,False,False,False,False
s112,1189,229.532,,230.028,229.902,231.665,False,False,False,False
s112,1190,,,230.028,229.902,231.665,False,False,False,False
s112,1191,229.722,,229.967,229.902,231.665,False,False,False,False
s112,1192,231.537,1.8152,230.281,229.902,231.665,False,False,False,False
s112,1193,,,230.281,229.902,231.665,False,False,False,False
s112,1194,229.388,,230.102,229.902,231.665,False,False,False,False
s112,1195,230.204,0.8162,230.123,229.902,231.665,False,False,False,False
s112,1196,230.466,0.2615,230.191,229.902,231.665,False,False,False,False
s112,1197,230.554,0.0881,230.264,229.902,231.665,False,False,False,False
s112,1198,230.342,0.2115,230.28,229.902,231.665,False,False,False,False
s112,1199,230.115,0.2271,230.247,229.902,231.665,False,False,False,False
s112,1200,,,230.247,229.902,231.665,False,False,False,False
s112,1201,,,230.247,229.902,231.665,False,False,False,False
s112,1202,230.892,,230.376,229.902,231.665,False,False,False,False
s112,1203,230.657,0.2343,230.432,229.902,231.665,False,False,False,False
s112,1204,230.347,0.3105,230.415,229.902,231.665,False,False,False,False
s112,1205,231.645,1.2981,230.661,229.902,231.665,False,False,False,False
s112,1206,230.829,0.8158,230.695,229.902,231.665,False,False,False,False
s112,1207,230.654,0.1758,230.686,229.902,231.665,False,False,False,False
s112,1208,229.662,0.991,230.482,229.902,231.665,False,False,False,False
s112,1209,,,230.482,229.902,231.665,False,False,False,False
s112,1210,230.512,,230.488,229.902,231.665,False,False,False,False
s112,1211,,,230.488,229.902,231.665,False,False,False,False
s112,1212,231.102,,230.611,229.902,231.665,False,False,False,False
s112,1213,229.96,1.1429,230.48,229.902,231.665,False,False,False,False
s112,1214,,,230.48,229.902,231.665,False,False,False,False
s112,1215,,,230.48,229.902,231.665,False,False,False,False
s112,1216,,,230.48,229.902,231.665,False,False,False,False
s112,1217,230.707,,230.526,229.902,231.665,False,False,False,False
s112,1218,,,230.526,229.902,231.665,False,False,False,False
s112,1219,229.929,,230.406,229.902,231.665,False,False,False,False
s112,1220,,,230.406,229.902,231.665,False,False,False,False
s112,1221,,,230.406,229.902,231.665,False,False,False,False
s112,1222,229.425,,230.21,229.902,231.665,False,False,False,False
s112,1223,230.01,0.5848,230.17,229.902,231.665,False,False,False,False
s112,1224,229.034,0.9756,229.943,229.902,231.665,False,False,False,False
s112,1225,230.173,1.1382,229.989,229.902,231.665,False,False,False,False
s112,1226,230.666,0.4936,230.124,229.902,231.665,False,False,False,False
s112,1227,,,230.124,229.902,231.665,False,False,False,False
s112,1228,229.118,,229.923,229.902,231.665,False,False,False,False
s112,1229,230.239,1.121,229.986,229.902,231.665,False,False,False,False
s112,1230,,,229.986,229.902,231.665,False,False,False,False
s112,1231,232.056,,230.4,229.902,231.665,False,False,False,False
s112,1232,,,230.4,229.902,231.665,False,False,False,False
s112,1233,,,230.4,229.902,231.665,False,False,False,False
s112,1234,229.351,,230.19,229.902,231.665,False,False,False,False
s112,1235,,,230.19,229.902,231.665,False,False,False,False
s112,1236,230.08,,230.168,229.902,231.665,False,False,False,False
s112,1237,,,230.168,229.902,231.665,False,False,False,False
s112,1238,229.927,,230.12,229.902,231.665,False,False,False,False
s112,1239,229.672,0.2553,230.03,229.902,231.665,False,False,False,False
s112,1240,,,230.03,229.902,231.665,False,False,False,False
s112,1241,231.132,,230.251,229.902,231.665,False,False,False,False
s112,1242,230.381,0.7507,230.277,229.902,231.665,False,False,False,False
s112,1243,230.258,0.1231,230.273,229.902,231.665,False,False,False,False
s112,1244,230.051,0.2073,230.229,229.902,231.665,False,False,False,False
s112,1245,229.677,0.3743,230.118,229.902,231.665,False,False,False,False
s112,1246,229.806,0.1291,230.056,229.902,231.665,False,False,False,False
s112,1247,229.606,0.1993,229.966,229.902,231.665,False,False,False,False
s112,1248,229.574,0.0327,229.887,229.902,231.665,False,False,True,False
s112,1249,,,229.887,229.902,231.665,False,False,False,False
s112,1250,230.547,,230.019,229.902,231.665,False,False,False,False
s112,1251,229.34,1.2067,229.883,229.902,231.665,False,False,False,False
s112,1252,230.255,0.9147,229.958,229.902,231.665,False,False,False,False
s112,1253,229.094,1.1606,229.785,229.902,231.665,False,False,False,False
s112,1254,229.129,0.0344,229.654,229.902,231.665,False,False,False,False
s112,1255,230.487,1.3582,229.82,229.902,231.665,False,False,False,False
s112,1256,228.99,1.497,229.654,229.902,231.665,False,False,False,False
s112,1257,229.687,0.6974,229.661,229.902,231.665,False,False,True,True
s112,1258,230.417,0.7294,229.812,229.902,231.665,False,False,False,True
s112,1259,231.151,0.7345,230.08,229.902,231.665,False,False,False,False
s112,1260,230.748,0.4032,230.213,229.902,231.665,False,False,False,False
s112,1261,230.705,0.0426,230.312,229.902,231.665,False,False,False,False
s112,1262,,,230.312,229.902,231.665,False,False,False,False
s112,1263,231.201,,230.49,229.902,231.665,False,False,False,False
s112,1264,230.219,0.9821,230.435,229.902,231.665,False,False,False,False
s112,1265,230.286,0.0676,230.405,229.902,231.665,False,False,False,False
s112,1266,230.523,0.2368,230.429,229.902,231.665,False,False,False,False
s112,1267,230.77,0.2474,230.497,229.902,231.665,False,False,False,False
s112,1268,230.481,0.2894,230.494,229.902,231.665,False,False,False,False
s112,1269,230.482,0.0016,230.492,229.902,231.665,False,False,False,False
s112,1270,230.088,0.3944,230.411,229.902,231.665,False,False,False,False
s112,1271,230.096,0.0078,230.348,229.902,231.665,False,False,False,True
s112,1272,230.355,0.2594,230.349,229.902,231.665,False,False,False,True
s112,1273,,,230.349,229.902,231.665,False,False,False,False
s112,1274,,,230.349,229.902,231.665,False,False,False,False
s112,1275,,,230.349,229.902,231.665,False,False,False,False
s112,1276,,,230.349,229.902,231.665,False,False,False,False
s112,1277,,,230.349,229.902,231.665,False,False,False,False
s112,1278,,,230.349,229.902,231.665,False,False,False,False
s112,1279,230.745,,230.429,229.902,231.665,False,False,False,False
s112,1280,230.352,0.3929,230.413,229.902,231.665,False,False,False,False
s112,1281,230.114,0.2382,230.353,229.902,231.665,False,False,False,False
s112,1282,230.036,0.0786,230.29,229.902,231.665,False,False,False,False
s112,1283,233.164,3.1283,230.865,229.902,231.665,False,False,False,False
s112,1284,230.334,2.8301,230.758,229.902,231.665,False,False,False,False
s112,1285,229.719,0.6145,230.551,229.902,231.665,False,False,False,False
s112,1286,230.295,0.5762,230.5,229.902,231.665,False,False,False,False
s112,1287,,,230.5,229.902,231.665,False,False,False,False
s112,1288,235.54,,231.508,229.902,231.665,True,False,False,False
s112,1289,234.781,0.7595,232.162,229.902,231.665,True,True,False,False
s112,1290,,,232.162,229.902,231.665,False,False,False,False
s112,1291,,,232.162,229.902,231.665,False,False,False,False
s112,1292,229.565,,231.643,229.902,231.665,False,False,False,False
s112,1293,231.11,1.5447,231.536,229.902,231.665,False,False,False,False
s112,1294,229.56,1.5499,231.141,229.902,231.665,False,False,False,False
s112,1295,230.663,1.1032,231.045,229.902,231.665,False,False,False,False
s112,1296,229.641,1.0224,230.764,229.902,231.665,False,False,False,False
s112,1297,230.206,0.5652,230.653,229.902,231.665,False,False,False,False
s112,1298,,,230.653,229.902,231.665,False,False,False,False
s112,1299,230.114,,230.545,229.902,231.665,False,False,False,False
s112,1300,231.202,1.0875,230.676,229.902,231.665,False,False,False,False
s112,1301,230.674,0.5281,230.676,229.902,231.665,False,False,False,False
s112,1302,230.183,0.4908,230.577,229.902,231.665,False,False,False,False
s112,1303,229.859,0.3234,230.434,229.902,231.665,False,False,False,False
s112,1304,229.947,0.088,230.336,229.902,231.665,False,False,False,False
s112,1305,229.918,0.0291,230.253,229.902,231.665,False,False,False,False
s112,1306,230.306,0.3876,230.263,229.902,231.665,False,False,False,False
s112,1307,230.302,0.0036,230.271,229.902,231.665,False,False,False,False
s112,1308,234.543,4.2403,231.126,229.902,231.665,True,False,False,False
s112,1309,229.787,4.7561,230.858,229.902,231.665,False,False,False,False
s112,1310,,,230.858,229.902,231.665,False,False,False,False
s112,1311,229.076,,230.501,229.902,231.665,False,False,False,False
s112,1312,,,230.501,229.902,231.665,False,False,False,False
s112,1313,,,230.501,229.902,231.665,False,False,False,False
s112,1314,229.777,,230.356,229.902,231.665,False,False,False,False
s112,1315,,,230.356,229.902,231.665,False,False,False,False
s112,1316,,,230.356,229.902,231.665,False,False,False,False
s112,1317,230.717,,230.429,229.902,231.665,False,False,False,False
s112,1318,,,230.429,229.902,231.665,False,False,False,False
s112,1319,229.937,,230.33,229.902,231.665,False,False,False,False
s112,1320,230.006,0.0685,230.265,229.902,231.665,False,False,False,False
s112,1321,230.588,0.582,230.33,229.902,231.665,False,False,False,False
s112,1322,230.935,0.3479,230.451,229.902,231.665,False,False,False,False
s112,1323,,,230.451,229.902,231.665,False,False,False,False
s112,1324,230.278,,230.416,229.902,231.665,False,False,False,False
s112,1325,229.846,0.4318,230.302,229.902,231.665,False,False,False,False
s112,1326,230.593,0.7471,230.36,229.902,231.665,False,False,False,False
s112,1327,230.058,0.5357,230.3,229.902,231.665,False,False,False,False
s112,1328,230.109,0.0518,230.262,229.902,231.665,False,False,False,False
s112,1329,230.559,0.4497,230.321,229.902,231.665,False,False,False,False
s112,1330,,,230.321,229.902,231.665,False,False,False,False
s112,1331,,,230.321,229.902,231.665,False,False,False,False
s112,1332,230.386,,230.334,229.902,231.665,False,False,False,False
s112,1333,,,230.334,229.902,231.665,False,False,False,False
s112,1334,230.769,,230.421,229.902,231.665,False,False,False,False
s112,1335,,,230.421,229.902,231.665,False,False,False,False
s112,1336,234.187,,231.174,229.902,231.665,True,False,False,False
s112,1337,,,231.174,229.902,231.665,False,False,False,False
s112,1338,231.66,,231.272,229.902,231.665,False,False,False,False
s112,1339,230.598,1.062,231.137,229.902,231.665,False,False,False,False
s112,1340,236.202,5.6037,232.15,229.902,231.665,True,False,False,False
s112,1341,235.987,0.2147,232.917,229.902,231.665,True,True,False,False
s112,1342,230.866,5.1209,232.507,229.902,231.665,False,False,False,False
s112,1343,230.022,0.8439,232.01,229.902,231.665,False,False,False,False
s112,1344,,,232.01,229.902,231.665,False,False,False,False
s112,1345,232.469,,232.102,229.902,231.665,False,False,False,False
s112,1346,231.146,1.3231,231.911,229.902,231.665,False,False,False,False
s112,1347,,,231.911,229.902,231.665,False,False,False,False
s112,1348,,,231.911,229.902,231.665,False,False,False,False
s112,1349,232.139,,231.956,229.902,231.665,False,False,False,False
s112,1350,233.455,1.3161,232.256,229.902,231.665,True,False,False,False
s112,1351,231.254,2.2004,232.056,229.902,231.665,False,False,False,False
s112,1352,235.986,4.7316,232.842,229.902,231.665,True,True,False,False
s112,1353,235.304,0.6823,233.334,229.902,231.665,True,True,True,False
s112,1354,235.153,0.1504,233.698,229.902,231.665,True,True,True,False
s112,1355,213.008,22.145,229.56,229.902,231.665,True,False,False,False
s112,1356,,,229.56,229.902,231.665,False,False,False,False
s112,1357,,,229.56,229.902,231.665,False,False,False,False
s112,1358,,,229.56,229.902,231.665,False,False,False,False
s112,1359,235.525,,230.753,229.902,231.665,True,False,False,False
s112,1360,235.26,0.2656,231.654,229.902,231.665,True,True,False,False
s112,1361,235.796,0.5365,232.483,229.902,231.665,True,True,False,False
s112,1362,,,232.483,229.902,231.665,False,False,False,False
s112,1363,230.506,,232.087,229.902,231.665,False,False,False,False
s112,1364,231,0.4936,231.87,229.902,231.665,False,False,False,False
s112,1365,230.836,0.1636,231.663,229.902,231.665,False,False,False,False
s112,1366,236.021,5.1852,232.535,229.902,231.665,True,False,False,False
s112,1367,233.157,2.8644,232.659,229.902,231.665,False,True,False,False
s112,1368,235.404,2.2474,233.208,229.902,231.665,True,True,False,False
s112,1369,235.619,0.2151,233.69,229.902,231.665,True,True,True,False
s112,1370,235.525,0.0944,234.057,229.902,231.665,True,True,True,False
s112,1371,236.401,0.8763,234.526,229.902,231.665,True,True,True,True
s112,1372,233.102,3.2991,234.241,229.902,231.665,False,True,True,True
s112,1373,234.004,0.9021,234.194,229.902,231.665,True,True,True,True
s112,1374,,,234.194,229.902,231.665,False,False,False,False
s112,1375,232.621,,233.879,229.902,231.665,False,True,True,False
s112,1376,230.548,2.0725,233.213,229.902,231.665,False,False,False,False
s112,1377,232.01,1.4612,232.972,229.902,231.665,False,False,False,False
s112,1378,,,232.972,229.902,231.665,False,False,False,False
s112,1379,,,232.972,229.902,231.665,False,False,False,False
s112,1380,233.635,,233.105,229.902,231.665,True,False,False,False
s112,1381,234.679,1.0434,233.42,229.902,231.665,True,True,False,False
s112,1382,236.153,1.4742,233.966,229.902,231.665,True,True,False,False
s112,1383,235.589,0.5639,234.291,229.902,231.665,True,True,True,False
s112,1384,235.29,0.2989,234.491,229.902,231.665,True,True,True,False
s112,1385,234.763,0.5269,234.545,229.902,231.665,True,True,True,False
s112,1386,235.258,0.4948,234.688,229.902,231.665,True,True,True,False
s112,1387,230.589,4.6684,233.868,229.902,231.665,False,False,False,False
s112,1388,234.684,4.0949,234.031,229.902,231.665,True,True,True,False
s112,1389,234.388,0.2964,234.103,229.902,231.665,True,True,True,False
s112,1390,232.87,1.518,233.856,229.902,231.665,False,True,True,False
s112,1391,230.576,2.294,233.2,229.902,231.665,False,False,False,False
s112,1392,231.814,1.2382,232.923,229.902,231.665,False,False,True,False
s112,1393,235.248,3.4334,233.388,229.902,231.665,True,False,True,False
s112,1394,235.184,0.0636,233.747,229.902,231.665,True,True,True,False
s112,1395,235.225,0.0407,234.043,229.902,231.665,True,True,True,False
s112,1396,234.307,0.9175,234.096,229.902,231.665,True,True,True,False
s112,1397,234.599,0.2914,234.196,229.902,231.665,True,True,True,False
s112,1398,235.835,1.2361,234.524,229.902,231.665,True,True,True,False
s112,1399,235.327,0.5072,234.685,229.902,231.665,True,True,True,True
s112,1400,229.952,5.3751,233.738,229.902,231.665,False,False,False,False
s112,1401,235.806,5.8537,234.152,229.902,231.665,True,True,True,False
s112,1402,234.252,1.5544,234.172,229.902,231.665,True,True,True,False
s112,1403,233.66,0.5922,234.069,229.902,231.665,True,True,True,False
s112,1404,233.117,0.5422,233.879,229.902,231.665,False,True,True,False
s112,1405,236.095,2.9778,234.322,229.902,231.665,True,True,True,False
s112,1406,235.095,1.0004,234.477,229.902,231.665,True,True,True,False
s112,1407,234.879,0.2157,234.557,229.902,231.665,True,True,True,False
s112,1408,236.415,1.5355,234.929,229.902,231.665,True,True,True,True
s112,1409,235.121,1.2935,234.967,229.902,231.665,True,True,True,True
s112,1410,236.435,1.3143,235.261,229.902,231.665,True,True,True,True
s112,1411,230.006,6.4298,234.21,229.902,231.665,False,False,False,False
s112,1412,234.709,4.7033,234.31,229.902,231.665,True,True,True,False
s112,1413,229.635,5.0734,233.375,229.902,231.665,False,False,False,False
s112,1414,234.491,4.8552,233.598,229.902,231.665,True,True,False,False
s112,1415,233.237,1.2534,233.526,229.902,231.665,False,True,False,False
s112,1416,232.882,0.3549,233.397,229.902,231.665,False,True,True,False
s112,1417,234.024,1.1414,233.522,229.902,231.665,True,True,True,False
s112,1418,236.456,2.4327,234.109,229.902,231.665,True,True,True,False
s112,1419,229.75,6.7069,233.237,229.902,231.665,False,False,False,False
s112,1420,234.024,4.2741,233.395,229.902,231.665,True,True,True,False
s112,1421,230.913,3.1105,232.898,229.902,231.665,False,False,False,False
s112,1422,232.87,1.9568,232.893,229.902,231.665,False,True,False,False
s112,1423,232.548,0.3215,232.824,229.902,231.665,False,True,False,False
s112,1424,,,232.824,229.902,231.665,False,False,False,False
s112,1425,234.312,,233.121,229.902,231.665,True,True,False,False
s112,1426,,,233.121,229.902,231.665,False,False,False,False
s112,1427,234.328,,233.363,229.902,231.665,True,True,False,False
s112,1428,233.487,0.8408,233.387,229.902,231.665,True,True,False,False
s112,1429,234.406,0.9194,233.591,229.902,231.665,True,True,True,False
s112,1430,,,233.591,229.902,231.665,False,False,False,False
s112,1431,230.373,,232.948,229.902,231.665,False,False,False,False
s112,1432,235.178,4.805,233.394,229.902,231.665,True,False,False,False
s112,1433,230.367,4.8105,232.788,229.902,231.665,False,False,False,False
s112,1434,235.486,5.1191,233.328,229.902,231.665,True,True,False,False
s112,1435,234.852,0.6342,233.633,229.902,231.665,True,True,False,False
s112,1436,231.209,3.6436,233.148,229.902,231.665,False,False,False,False
s112,1437,233.41,2.2009,233.2,229.902,231.665,False,True,False,False
s112,1438,234.052,0.6421,233.371,229.902,231.665,True,True,True,False
s112,1439,235.112,1.0606,233.719,229.902,231.665,True,True,True,False
s112,1440,235.114,0.0023,233.998,229.902,231.665,True,True,True,False
s112,1441,234.135,0.9797,234.025,229.902,231.665,True,True,True,True
s112,1442,235.638,1.5034,234.348,229.902,231.665,True,True,True,True
s112,1443,234.777,0.8613,234.434,229.902,231.665,True,True,True,True
s112,1444,233.857,0.9204,234.318,229.902,231.665,True,True,True,True
s112,1445,234.162,0.3051,234.287,229.902,231.665,True,True,True,True
s112,1446,,,234.287,229.902,231.665,False,False,False,False
s112,1447,234.112,,234.252,229.902,231.665,True,True,True,False
s112,1448,235.382,1.2707,234.478,229.902,231.665,True,True,True,False
s112,1449,232.059,3.3238,233.994,229.902,231.665,False,False,True,False
s112,1450,230.358,1.7001,233.267,229.902,231.665,False,False,False,False
s112,1451,235.443,5.0845,233.702,229.902,231.665,True,False,True,False
s112,1452,234.147,1.2962,233.791,229.902,231.665,True,True,True,False
s112,1453,230.509,3.6376,233.135,229.902,231.665,False,False,False,False
s112,1454,235.157,4.6479,233.539,229.902,231.665,True,True,False,False
s112,1455,234.768,0.3893,233.785,229.902,231.665,True,True,True,False
s112,1456,234.342,0.4256,233.896,229.902,231.665,True,True,True,False
s112,1457,235.302,0.9598,234.177,229.902,231.665,True,True,True,False
s112,1458,,,234.177,229.902,231.665,False,False,False,False
s112,1459,,,234.177,229.902,231.665,False,False,False,False
s112,1460,231.132,,233.568,229.902,231.665,False,False,False,False
s112,1461,234.677,3.5448,233.79,229.902,231.665,True,False,False,False
s112,1462,233.649,1.0278,233.762,229.902,231.665,True,True,False,False
s112,1463,234.595,0.9461,233.928,229.902,231.665,True,True,False,False
s112,1464,234.79,0.1946,234.101,229.902,231.665,True,True,True,False
s112,1465,233.486,1.3035,233.978,229.902,231.665,True,True,True,False
s112,1466,234.458,0.9724,234.074,229.902,231.665,True,True,True,False
s112,1467,232.873,1.586,233.834,229.902,231.665,False,True,True,True
s112,1468,233.631,0.7589,233.793,229.902,231.665,True,True,True,True
s112,1469,236.36,2.7282,234.306,229.902,231.665,True,True,True,True
s112,1470,233.219,3.1409,234.089,229.902,231.665,False,True,True,True
s112,1471,233.453,0.2344,233.962,229.902,231.665,True,True,True,True
s112,1472,236.782,3.3294,234.526,229.902,231.665,True,True,True,True
s112,1473,,,234.526,229.902,231.665,False,False,False,False
s112,1474,235.843,,234.789,229.902,231.665,True,True,True,False
s112,1475,234.096,1.7469,234.651,229.902,231.665,True,True,True,False
s112,1476,235.926,1.8294,234.906,229.902,231.665,True,True,True,False
s112,1477,230.507,5.4191,234.026,229.902,231.665,False,False,False,False
s112,1478,234.858,4.3512,234.192,229.902,231.665,True,True,True,False
s112,1479,235.284,0.4261,234.411,229.902,231.665,True,True,True,False
s112,1480,235.365,0.0807,234.602,229.902,231.665,True,True,True,False
s112,1481,236.152,0.7872,234.912,229.902,231.665,True,True,True,False
s112,1482,236.556,0.4044,235.241,229.902,231.665,True,True,True,False
s112,1483,236.217,0.3397,235.436,229.902,231.665,True,True,True,False
s112,1484,235.62,0.5964,235.473,229.902,231.665,True,True,True,False
s112,1485,235.553,0.0672,235.489,229.902,231.665,True,True,True,True
s112,1486,229.325,6.2278,234.256,229.902,231.665,False,False,False,False
s112,1487,232.331,3.0061,233.871,229.902,231.665,False,False,True,False
s112,1488,,,233.871,229.902,231.665,False,False,False,False
s112,1489,231.133,,233.324,229.902,231.665,False,False,False,False
s112,1490,232.84,1.707,233.227,229.902,231.665,False,False,False,False
s112,1491,231.698,1.1424,232.921,229.902,231.665,False,False,False,False
s112,1492,231.432,0.2662,232.623,229.902,231.665,False,False,False,False
s112,1493,233.405,1.9727,232.78,229.902,231.665,False,False,False,False
s112,1494,234.53,1.1252,233.13,229.902,231.665,True,True,True,False
s112,1495,234.61,0.0806,233.426,229.902,231.665,True,True,True,False
s112,1496,,,233.426,229.902,231.665,False,False,False,False
s112,1497,233.665,,233.474,229.902,231.665,True,True,True,False
s112,1498,236.898,3.2326,234.158,229.902,231.665,True,True,True,False
s112,1499,229.729,7.1686,233.273,229.902,231.665,False,False,False,False
s112,1500,233.962,4.2329,233.41,229.902,231.665,True,True,False,False
s112,1501,233.637,0.3247,233.456,229.902,231.665,True,True,True,False
s112,1502,233.002,0.6348,233.365,229.902,231.665,False,True,True,False
s112,1503,231.456,1.5463,232.983,229.902,231.665,False,False,False,False
s112,1504,234.974,3.5174,233.381,229.902,231.665,True,True,True,False
s112,1505,235.874,0.9005,233.88,229.902,231.665,True,True,True,False
s112,1506,230.571,5.3028,233.218,229.902,231.665,False,False,False,False
s112,1507,229.545,1.0264,232.484,229.902,231.665,False,False,False,False
s112,1508,234.401,4.8566,232.867,229.902,231.665,True,False,False,False
s112,1509,236.955,2.5531,233.685,229.902,231.665,True,True,False,False
s112,1510,234.734,2.2201,233.895,229.902,231.665,True,True,False,False
s112,1511,230.275,4.4592,233.171,229.902,231.665,False,False,False,False
s112,1512,233.321,3.046,233.201,229.902,231.665,False,True,True,False
s112,1513,230.699,2.6224,232.7,229.902,231.665,False,False,False,False
s112,1514,234.765,4.0665,233.113,229.902,231.665,True,True,False,False
s112,1515,230.7,4.0651,232.631,229.902,231.665,False,False,False,False
s112,1516,,,232.631,229.902,231.665,False,False,False,False
s112,1517,,,232.631,229.902,231.665,False,False,False,False
s112,1518,233.6,,232.825,229.902,231.665,True,False,False,False
s112,1519,,,232.825,229.902,231.665,False,False,False,False
s112,1520,231.524,,232.564,229.902,231.665,False,False,False,False
s112,1521,233.421,1.8966,232.736,229.902,231.665,False,False,False,False
s112,1522,232.998,0.4227,232.788,229.902,231.665,False,True,False,False
s112,1523,233.451,0.4529,232.921,229.902,231.665,True,True,False,False
s112,1524,230.267,3.1837,232.39,229.902,231.665,False,False,False,False
s112,1525,234.248,3.9803,232.762,229.902,231.665,True,True,True,False
s112,1526,229.549,4.6989,232.119,229.902,231.665,False,False,False,False
s112,1527,230.299,0.75,231.755,229.902,231.665,False,False,False,False
s112,1528,231.086,0.7875,231.621,229.902,231.665,False,False,False,False
s112,1529,235.913,4.827,232.48,229.902,231.665,True,False,False,False
s112,1530,230.411,5.5019,232.066,229.902,231.665,False,False,False,False
s112,1531,230.305,0.1065,231.714,229.902,231.665,False,False,False,False
s112,1532,235.581,5.2764,232.487,229.902,231.665,True,False,False,False
s112,1533,,,232.487,229.902,231.665,False,False,False,False
s112,1534,235.795,,233.149,229.902,231.665,True,True,False,False
s112,1535,229.73,6.0657,232.465,229.902,231.665,False,False,False,False
s112,1536,233.542,3.8122,232.68,229.902,231.665,True,True,False,False
s112,1537,229.153,4.3885,231.975,229.902,231.665,False,False,False,False
s112,1538,234.236,5.0831,232.427,229.902,231.665,True,True,False,False
s112,1539,234.237,0.0009,232.789,229.902,231.665,True,True,False,False
s112,1540,230.184,4.0531,232.268,229.902,231.665,False,False,False,False
s112,1541,235.096,4.9123,232.834,229.902,231.665,True,True,False,False
s112,1542,231.338,3.7588,232.535,229.902,231.665,False,False,False,False
s112,1543,231.595,0.2574,232.347,229.902,231.665,False,False,False,False
s112,1544,229.968,1.627,231.871,229.902,231.665,False,False,False,False
s112,1545,232.777,2.8085,232.052,229.902,231.665,False,False,False,False
s112,1546,230.59,2.1861,231.76,229.902,231.665,False,False,False,False
s112,1547,234.909,4.3183,232.39,229.902,231.665,True,True,False,False
s112,1548,235.026,0.1172,232.917,229.902,231.665,True,True,False,False
s112,1549,235.908,0.8819,233.515,229.902,231.665,True,True,True,False
s112,1550,231.968,3.9398,233.206,229.902,231.665,False,False,True,False
s112,1551,232.742,0.7737,233.113,229.902,231.665,False,True,True,False
s112,1552,232.316,0.4259,232.954,229.902,231.665,False,False,True,False
s112,1553,232.433,0.117,232.849,229.902,231.665,False,False,True,False
s112,1554,233.724,1.2906,233.024,229.902,231.665,True,False,True,True
s112,1555,234.629,0.9056,233.345,229.902,231.665,True,True,True,True
s112,1556,233.027,1.6022,233.282,229.902,231.665,False,True,True,True
s112,1557,234.457,1.4298,233.517,229.902,231.665,True,True,True,True
s112,1558,234.028,0.4289,233.619,229.902,231.665,True,True,True,True
s112,1559,230.382,3.6453,232.972,229.902,231.665,False,False,False,False
s112,1560,235.017,4.6344,233.381,229.902,231.665,True,True,True,False
s112,1561,232.773,2.2441,233.259,229.902,231.665,False,True,True,False
s112,1562,231.14,1.6324,232.835,229.902,231.665,False,False,False,False
s112,1563,235.258,4.1178,233.32,229.902,231.665,True,True,False,False
s112,1564,231.225,4.0333,232.901,229.902,231.665,False,False,False,False
s112,1565,233.034,1.8086,232.927,229.902,231.665,False,True,False,False
s112,1566,231.326,1.7072,232.607,229.902,231.665,False,False,False,False
s384,0,,,0.3182,0.219607,0.416793,False,False,False,False
s384,1,,,0.3182,0.219607,0.416793,False,False,False,False
s384,2,,,0.3182,0.219607,0.416793,False,False,False,False
s384,3,,,0.3182,0.219607,0.416793,False,False,False,False
s384,4,,,0.3182,0.219607,0.416793,False,False,False,False
s384,5,,,0.3182,0.219607,0.416793,False,False,False,False
s384,6,,,0.3182,0.219607,0.416793,False,False,False,False
s384,7,,,0.3182,0.219607,0.416793,False,False,False,False
s384,8,,,0.3182,0.219607,0.416793,False,False,False,False
s384,9,,,0.3182,0.219607,0.416793,False,False,False,False
s384,10,,,0.3182,0.219607,0.416793,False,False,False,False
s384,11,,,0.3182,0.219607,0.416793,False,False,False,False
s384,12,,,0.3182,0.219607,0.416793,False,False,False,False
s384,13,,,0.3182,0.219607,0.416793,False,False,False,False
s384,14,,,0.3182,0.219607,0.416793,False,False,False,False
s384,15,,,0.3182,0.219607,0.416793,False,False,False,False
s384,16,,,0.3182,0.219607,0.416793,False,False,False,False
s384,17,,,0.3182,0.219607,0.416793,False,False,False,False
s384,18,,,0.3182,0.219607,0.416793,False,False,False,False
s384,19,,,0.3182,0.219607,0.416793,False,False,False,False
s384,20,,,0.3182,0.219607,0.416793,False,False,False,False
s384,21,,,0.3182,0.219607,0.416793,False,False,False,False
s384,22,,,0.3182,0.219607,0.416793,False,False,False,False
s384,23,,,0.3182,0.219607,0.416793,False,False,False,False
s384,24,,,0.3182,0.219607,0.416793,False,False,False,False
s384,25,,,0.3182,0.219607,0.416793,False,False,False,False
s384,26,,,0.3182,0.219607,0.416793,False,False,False,False
s384,27,,,0.3182,0.219607,0.416793,False,False,False,False
s384,28,,,0.3182,0.219607,0.416793,False,False,False,False
s384,29,,,0.3182,0.219607,0.416793,False,False,False,False
s384,30,,,0.3182,0.219607,0.416793,False,False,False,False
s384,31,,,0.3182,0.219607,0.416793,False,False,False,False
s384,32,,,0.3182,0.219607,0.416793,False,False,False,False
s384,33,,,0.3182,0.219607,0.416793,False,False,False,False
s384,34,,,0.3182,0.219607,0.416793,False,False,False,False
s384,35,,,0.3182,0.219607,0.416793,False,False,False,False
s384,36,,,0.3182,0.219607,0.416793,False,False,False,False
s384,37,,,0.3182,0.219607,0.416793,False,False,False,False
s384,38,,,0.3182,0.219607,0.416793,False,False,False,False
s384,39,,,0.3182,0.219607,0.416793,False,False,False,False
s384,40,,,0.3182,0.219607,0.416793,False,False,False,False
s384,41,,,0.3182,0.219607,0.416793,False,False,False,False
s384,42,,,0.3182,0.219607,0.416793,False,False,False,False
s384,43,,,0.3182,0.219607,0.416793,False,False,False,False
s384,44,,,0.3182,0.219607,0.416793,False,False,False,False
s384,45,,,0.3182,0.219607,0.416793,False,False,False,False
s384,46,,,0.3182,0.219607,0.416793,False,False,False,False
s384,47,,,0.3182,0.219607,0.416793,False,False,False,False
s384,48,,,0.3182,0.219607,0.416793,False,False,False,False
s384,49,,,0.3182,0.219607,0.416793,False,False,False,False
s384,50,,,0.3182,0.219607,0.416793,False,False,False,False
s384,51,,,0.3182,0.219607,0.416793,False,False,False,False
s384,52,,,0.3182,0.219607,0.416793,False,False,False,False
s384,53,,,0.3182,0.219607,0.416793,False,False,False,False
s384,54,,,0.3182,0.219607,0.416793,False,False,False,False
s384,55,,,0.3182,0.219607,0.416793,False,False,False,False
s384,56,,,0.3182,0.219607,0.416793,False,False,False,False
s384,57,,,0.3182,0.219607,0.416793,False,False,False,False
s384,58,,,0.3182,0.219607,0.416793,False,False,False,False
s384,59,,,0.3182,0.219607,0.416793,False,False,False,False
s384,60,,,0.3182,0.219607,0.416793,False,False,False,False
s384,61,,,0.3182,0.219607,0.416793,False,False,False,False
s384,62,,,0.3182,0.219607,0.416793,False,False,False,False
s384,63,,,0.3182,0.219607,0.416793,False,False,False,False
s384,64,,,0.3182,0.219607,0.416793,False,False,False,False
s384,65,,,0.3182,0.219607,0.416793,False,False,False,False
s384,66,,,0.3182,0.219607,0.416793,False,False,False,False
s384,67,,,0.3182,0.219607,0.416793,False,False,False,False
s384,68,,,0.3182,0.219607,0.416793,False,False,False,False
s384,69,,,0.3182,0.219607,0.416793,False,False,False,False
s384,70,,,0.3182,0.219607,0.416793,False,False,False,False
s384,71,,,0.3182,0.219607,0.416793,False,False,False,False
s384,72,,,0.3182,0.219607,0.416793,False,False,False,False
s384,73,,,0.3182,0.219607,0.416793,False,False,False,False
s384,74,,,0.3182,0.219607,0.416793,False,False,False,False
s384,75,,,0.3182,0.219607,0.416793,False,False,False,False
s384,76,,,0.3182,0.219607,0.416793,False,False,False,False
s384,77,,,0.3182,0.219607,0.416793,False,False,False,False
s384,78,,,0.3182,0.219607,0.416793,False,False,False,False
s384,79,,,0.3182,0.219607,0.416793,False,False,False,False
s384,80,,,0.3182,0.219607,0.416793,False,False,False,False
s384,81,,,0.3182,0.219607,0.416793,False,False,False,False
s384,82,,,0.3182,0.219607,0.416793,False,False,False,False
s384,83,,,0.3182,0.219607,0.416793,False,False,False,False
s384,84,,,0.3182,0.219607,0.416793,False,False,False,False
s384,85,,,0.3182,0.219607,0.416793,False,False,False,False
s384,86,,,0.3182,0.219607,0.416793,False,False,False,False
s384,87,,,0.3182,0.219607,0.416793,False,False,False,False
s384,88,,,0.3182,0.219607,0.416793,False,False,False,False
s384,89,,,0.3182,0.219607,0.416793,False,False,False,False
s384,90,,,0.3182,0.219607,0.416793,False,False,False,False
s384,91,,,0.3182,0.219607,0.416793,False,False,False,False
s384,92,,,0.3182,0.219607,0.416793,False,False,False,False
s384,93,,,0.3182,0.219607,0.416793,False,False,False,False
s384,94,,,0.3182,0.219607,0.416793,False,False,False,False
s384,95,,,0.3182,0.219607,0.416793,False,False,False,False
s384,96,,,0.3182,0.219607,0.416793,False,False,False,False
s384,97,,,0.3182,0.219607,0.416793,False,False,False,False
s384,98,,,0.3182,0.219607,0.416793,False,False,False,False
s384,99,,,0.3182,0.219607,0.416793,False,False,False,False
s384,100,,,0.3182,0.219607,0.416793,False,False,False,False
s384,101,,,0.3182,0.219607,0.416793,False,False,False,False
s384,102,,,0.3182,0.219607,0.416793,False,False,False,False
s384,103,,,0.3182,0.219607,0.416793,False,False,False,False
s384,104,,,0.3182,0.219607,0.416793,False,False,False,False
s384,105,,,0.3182,0.219607,0.416793,False,False,False,False
s384,106,,,0.3182,0.219607,0.416793,False,False,False,False
s384,107,,,0.3182,0.219607,0.416793,False,False,False,False
s384,108,,,0.3182,0.219607,0.416793,False,False,False,False
s384,109,,,0.3182,0.219607,0.416793,False,False,False,False
s384,110,,,0.3182,0.219607,0.416793,False,False,False,False
s384,111,,,0.3182,0.219607,0.416793,False,False,False,False
s384,112,,,0.3182,0.219607,0.416793,False,False,False,False
s384,113,,,0.3182,0.219607,0.416793,False,False,False,False
s384,114,,,0.3182,0.219607,0.416793,False,False,False,False
s384,115,,,0.3182,0.219607,0.416793,False,False,False,False
s384,116,,,0.3182,0.219607,0.416793,False,False,False,False
s384,117,,,0.3182,0.219607,0.416793,False,False,False,False
s384,118,,,0.3182,0.219607,0.416793,False,False,False,False
s384,119,,,0.3182,0.219607,0.416793,False,False,False,False
s384,120,,,0.3182,0.219607,0.416793,False,False,False,False
s384,121,,,0.3182,0.219607,0.416793,False,False,False,False
s384,122,,,0.3182,0.219607,0.416793,False,False,False,False
s384,123,,,0.3182,0.219607,0.416793,False,False,False,False
s384,124,,,0.3182,0.219607,0.416793,False,False,False,False
s384,125,,,0.3182,0.219607,0.416793,False,False,False,False
s384,126,,,0.3182,0.219607,0.416793,False,False,False,False
s384,127,,,0.3182,0.219607,0.416793,False,False,False,False
s384,128,,,0.3182,0.219607,0.416793,False,False,False,False
s384,129,,,0.3182,0.219607,0.416793,False,False,False,False
s384,130,,,0.3182,0.219607,0.416793,False,False,False,False
s384,131,,,0.3182,0.219607,0.416793,False,False,False,False
s384,132,,,0.3182,0.219607,0.416793,False,False,False,False
s384,133,,,0.3182,0.219607,0.416793,False,False,False,False
s384,134,,,0.3182,0.219607,0.416793,False,False,False,False
s384,135,,,0.3182,0.219607,0.416793,False,False,False,False
s384,136,,,0.3182,0.219607,0.416793,False,False,False,False
s384,137,,,0.3182,0.219607,0.416793,False,False,False,False
s384,138,,,0.3182,0.219607,0.416793,False,False,False,False
s384,139,,,0.3182,0.219607,0.416793,False,False,False,False
s384,140,,,0.3182,0.219607,0.416793,False,False,False,False
s384,141,,,0.3182,0.219607,0.416793,False,False,False,False
s384,142,,,0.3182,0.219607,0.416793,False,False,False,False
s384,143,,,0.3182,0.219607,0.416793,False,False,False,False
s384,144,,,0.3182,0.219607,0.416793,False,False,False,False
s384,145,,,0.3182,0.219607,0.416793,False,False,False,False
s384,146,,,0.3182,0.219607,0.416793,False,False,False,False
s384,147,,,0.3182,0.219607,0.416793,False,False,False,False
s384,148,,,0.3182,0.219607,0.416793,False,False,False,False
s384,149,,,0.3182,0.219607,0.416793,False,False,False,False
s384,150,,,0.3182,0.219607,0.416793,False,False,False,False
s384,151,,,0.3182,0.219607,0.416793,False,False,False,False
s384,152,,,0.3182,0.219607,0.416793,False,False,False,False
s384,153,,,0.3182,0.219607,0.416793,False,False,False,False
s384,154,,,0.3182,0.219607,0.416793,False,False,False,False
s384,155,,,0.3182,0.219607,0.416793,False,False,False,False
s384,156,,,0.3182,0.219607,0.416793,False,False,False,False
s384,157,,,0.3182,0.219607,0.416793,False,False,False,False
s384,158,,,0.3182,0.219607,0.416793,False,False,False,False
s384,159,,,0.3182,0.219607,0.416793,False,False,False,False
s384,160,,,0.3182,0.219607,0.416793,False,False,False,False
s384,161,,,0.3182,0.219607,0.416793,False,False,False,False
s384,162,,,0.3182,0.219607,0.416793,False,False,False,False
s384,163,,,0.3182,0.219607,0.416793,False,False,False,False
s384,164,,,0.3182,0.219607,0.416793,False,False,False,False
s384,165,,,0.3182,0.219607,0.416793,False,False,False,False
s384,166,,,0.3182,0.219607,0.416793,False,False,False,False
s384,167,,,0.3182,0.219607,0.416793,False,False,False,False
s384,168,,,0.3182,0.219607,0.416793,False,False,False,False
s384,169,,,0.3182,0.219607,0.416793,False,False,False,False
s384,170,,,0.3182,0.219607,0.416793,False,False,False,False
s384,171,,,0.3182,0.219607,0.416793,False,False,False,False
s384,172,,,0.3182,0.219607,0.416793,False,False,False,False
s384,173,,,0.3182,0.219607,0.416793,False,False,False,False
s384,174,,,0.3182,0.219607,0.416793,False,False,False,False
s384,175,,,0.3182,0.219607,0.416793,False,False,False,False
s384,176,,,0.3182,0.219607,0.416793,False,False,False,False
s384,177,,,0.3182,0.219607,0.416793,False,False,False,False
s384,178,,,0.3182,0.219607,0.416793,False,False,False,False
s384,179,,,0.3182,0.219607,0.416793,False,False,False,False
s384,180,,,0.3182,0.219607,0.416793,False,False,False,False
s384,181,,,0.3182,0.219607,0.416793,False,False,False,False
s384,182,,,0.3182,0.219607,0.416793,False,False,False,False
s384,183,,,0.3182,0.219607,0.416793,False,False,False,False
s384,184,,,0.3182,0.219607,0.416793,False,False,False,False
s384,185,,,0.3182,0.219607,0.416793,False,False,False,False
s384,186,,,0.3182,0.219607,0.416793,False,False,False,False
s384,187,,,0.3182,0.219607,0.416793,False,False,False,False
s384,188,,,0.3182,0.219607,0.416793,False,False,False,False
s384,189,,,0.3182,0.219607,0.416793,False,False,False,False
s384,190,,,0.3182,0.219607,0.416793,False,False,False,False
s384,191,,,0.3182,0.219607,0.416793,False,False,False,False
s384,192,,,0.3182,0.219607,0.416793,False,False,False,False
s384,193,,,0.3182,0.219607,0.416793,False,False,False,False
s384,194,,,0.3182,0.219607,0.416793,False,False,False,False
s384,195,,,0.3182,0.219607,0.416793,False,False,False,False
s384,196,,,0.3182,0.219607,0.416793,False,False,False,False
s384,197,,,0.3182,0.219607,0.416793,False,False,False,False
s384,198,,,0.3182,0.219607,0.416793,False,False,False,False
s384,199,,,0.3182,0.219607,0.416793,False,False,False,False
s384,200,,,0.3182,0.219607,0.416793,False,False,False,False
s384,201,,,0.3182,0.219607,0.416793,False,False,False,False
s384,202,,,0.3182,0.219607,0.416793,False,False,False,False
s384,203,,,0.3182,0.219607,0.416793,False,False,False,False
s384,204,,,0.3182,0.219607,0.416793,False,False,False,False
s384,205,,,0.3182,0.219607,0.416793,False,False,False,False
s384,206,,,0.3182,0.219607,0.416793,False,False,False,False
s384,207,,,0.3182,0.219607,0.416793,False,False,False,False
s384,208,,,0.3182,0.219607,0.416793,False,False,False,False
s384,209,,,0.3182,0.219607,0.416793,False,False,False,False
s384,210,,,0.3182,0.219607,0.416793,False,False,False,False
s384,211,,,0.3182,0.219607,0.416793,False,False,False,False
s384,212,,,0.3182,0.219607,0.416793,False,False,False,False
s384,213,,,0.3182,0.219607,0.416793,False,False,False,False
s384,214,,,0.3182,0.219607,0.416793,False,False,False,False
s384,215,,,0.3182,0.219607,0.416793,False,False,False,False
s384,216,,,0.3182,0.219607,0.416793,False,False,False,False
s384,217,,,0.3182,0.219607,0.416793,False,False,False,False
s384,218,,,0.3182,0.219607,0.416793,False,False,False,False
s384,219,,,0.3182,0.219607,0.416793,False,False,False,False
s384,220,,,0.3182,0.219607,0.416793,False,False,False,False
s384,221,,,0.3182,0.219607,0.416793,False,False,False,False
s384,222,,,0.3182,0.219607,0.416793,False,False,False,False
s384,223,,,0.3182,0.219607,0.416793,False,False,False,False
s384,224,,,0.3182,0.219607,0.416793,False,False,False,False
s384,225,,,0.3182,0.219607,0.416793,False,False,False,False
s384,226,,,0.3182,0.219607,0.416793,False,False,False,False
s384,227,,,0.3182,0.219607,0.416793,False,False,False,False
s384,228,,,0.3182,0.219607,0.416793,False,False,False,False
s384,229,,,0.3182,0.219607,0.416793,False,False,False,False
s384,230,,,0.3182,0.219607,0.416793,False,False,False,False
s384,231,,,0.3182,0.219607,0.416793,False,False,False,False
s384,232,,,0.3182,0.219607,0.416793,False,False,False,False
s384,233,,,0.3182,0.219607,0.416793,False,False,False,False
s384,234,,,0.3182,0.219607,0.416793,False,False,False,False
s384,235,,,0.3182,0.219607,0.416793,False,False,False,False
s384,236,,,0.3182,0.219607,0.416793,False,False,False,False
s384,237,,,0.3182,0.219607,0.416793,False,False,False,False
s384,238,,,0.3182,0.219607,0.416793,False,False,False,False
s384,239,,,0.3182,0.219607,0.416793,False,False,False,False
s384,240,,,0.3182,0.219607,0.416793,False,False,False,False
s384,241,,,0.3182,0.219607,0.416793,False,False,False,False
s384,242,,,0.3182,0.219607,0.416793,False,False,False,False
s384,243,,,0.3182,0.219607,0.416793,False,False,False,False
s384,244,,,0.3182,0.219607,0.416793,False,False,False,False
s384,245,,,0.3182,0.219607,0.416793,False,False,False,False
s384,246,,,0.3182,0.219607,0.416793,False,False,False,False
s384,247,,,0.3182,0.219607,0.416793,False,False,False,False
s384,248,,,0.3182,0.219607,0.416793,False,False,False,False
s384,249,,,0.3182,0.219607,0.416793,False,False,False,False
s384,250,,,0.3182,0.219607,0.416793,False,False,False,False
s384,251,,,0.3182,0.219607,0.416793,False,False,False,False
s384,252,,,0.3182,0.219607,0.416793,False,False,False,False
s384,253,,,0.3182,0.219607,0.416793,False,False,False,False
s384,254,,,0.3182,0.219607,0.416793,False,False,False,False
s384,255,,,0.3182,0.219607,0.416793,False,False,False,False
s384,256,,,0.3182,0.219607,0.416793,False,False,False,False
s384,257,,,0.3182,0.219607,0.416793,False,False,False,False
s384,258,,,0.3182,0.219607,0.416793,False,False,False,False
s384,259,,,0.3182,0.219607,0.416793,False,False,False,False
s384,260,,,0.3182,0.219607,0.416793,False,False,False,False
s384,261,,,0.3182,0.219607,0.416793,False,False,False,False
s384,262,,,0.3182,0.219607,0.416793,False,False,False,False
s384,263,,,0.3182,0.219607,0.416793,False,False,False,False
s384,264,,,0.3182,0.219607,0.416793,False,False,False,False
s384,265,,,0.3182,0.219607,0.416793,False,False,False,False
s384,266,,,0.3182,0.219607,0.416793,False,False,False,False
s384,267,,,0.3182,0.219607,0.416793,False,False,False,False
s384,268,,,0.3182,0.219607,0.416793,False,False,False,False
s384,269,,,0.3182,0.219607,0.416793,False,False,False,False
s384,270,,,0.3182,0.219607,0.416793,False,False,False,False
s384,271,,,0.3182,0.219607,0.416793,False,False,False,False
s384,272,,,0.3182,0.219607,0.416793,False,False,False,False
s384,273,,,0.3182,0.219607,0.416793,False,False,False,False
s384,274,,,0.3182,0.219607,0.416793,False,False,False,False
s384,275,,,0.3182,0.219607,0.416793,False,False,False,False
s384,276,,,0.3182,0.219607,0.416793,False,False,False,False
s384,277,,,0.3182,0.219607,0.416793,False,False,False,False
s384,278,,,0.3182,0.219607,0.416793,False,False,False,False
s384,279,,,0.3182,0.219607,0.416793,False,False,False,False
s384,280,,,0.3182,0.219607,0.416793,False,False,False,False
s384,281,,,0.3182,0.219607,0.416793,False,False,False,False
s384,282,,,0.3182,0.219607,0.416793,False,False,False,False
s384,283,,,0.3182,0.219607,0.416793,False,False,False,False
s384,284,,,0.3182,0.219607,0.416793,False,False,False,False
s384,285,,,0.3182,0.219607,0.416793,False,False,False,False
s384,286,,,0.3182,0.219607,0.416793,False,False,False,False
s384,287,,,0.3182,0.219607,0.416793,False,False,False,False
s384,288,,,0.3182,0.219607,0.416793,False,False,False,False
s384,289,,,0.3182,0.219607,0.416793,False,False,False,False
s384,290,,,0.3182,0.219607,0.416793,False,False,False,False
s384,291,,,0.3182,0.219607,0.416793,False,False,False,False
s384,292,,,0.3182,0.219607,0.416793,False,False,False,False
s384,293,,,0.3182,0.219607,0.416793,False,False,False,False
s384,294,,,0.3182,0.219607,0.416793,False,False,False,False
s384,295,,,0.3182,0.219607,0.416793,False,False,False,False
s384,296,,,0.3182,0.219607,0.416793,False,False,False,False
s384,297,,,0.3182,0.219607,0.416793,False,False,False,False
s384,298,,,0.3182,0.219607,0.416793,False,False,False,False
s384,299,,,0.3182,0.219607,0.416793,False,False,False,False
s384,300,,,0.3182,0.219607,0.416793,False,False,False,False
s384,301,,,0.3182,0.219607,0.416793,False,False,False,False
s384,302,,,0.3182,0.219607,0.416793,False,False,False,False
s384,303,,,0.3182,0.219607,0.416793,False,False,False,False
s384,304,,,0.3182,0.219607,0.416793,False,False,False,False
s384,305,,,0.3182,0.219607,0.416793,False,False,False,False
s384,306,,,0.3182,0.219607,0.416793,False,False,False,False
s384,307,,,0.3182,0.219607,0.416793,False,False,False,False
s384,308,,,0.3182,0.219607,0.416793,False,False,False,False
s384,309,,,0.3182,0.219607,0.416793,False,False,False,False
s384,310,,,0.3182,0.219607,0.416793,False,False,False,False
s384,311,,,0.3182,0.219607,0.416793,False,False,False,False
s384,312,,,0.3182,0.219607,0.416793,False,False,False,False
s384,313,,,0.3182,0.219607,0.416793,False,False,False,False
s384,314,,,0.3182,0.219607,0.416793,False,False,False,False
s384,315,,,0.3182,0.219607,0.416793,False,False,False,False
s384,316,,,0.3182,0.219607,0.416793,False,False,False,False
s384,317,,,0.3182,0.219607,0.416793,False,False,False,False
s384,318,,,0.3182,0.219607,0.416793,False,False,False,False
s384,319,,,0.3182,0.219607,0.416793,False,False,False,False
s384,320,,,0.3182,0.219607,0.416793,False,False,False,False
s384,321,,,0.3182,0.219607,0.416793,False,False,False,False
s384,322,,,0.3182,0.219607,0.416793,False,False,False,False
s384,323,,,0.3182,0.219607,0.416793,False,False,False,False
s384,324,,,0.3182,0.219607,0.416793,False,False,False,False
s384,325,,,0.3182,0.219607,0.416793,False,False,False,False
s384,326,,,0.3182,0.219607,0.416793,False,False,False,False
s384,327,,,0.3182,0.219607,0.416793,False,False,False,False
s384,328,,,0.3182,0.219607,0.416793,False,False,False,False
s384,329,,,0.3182,0.219607,0.416793,False,False,False,False
s384,330,,,0.3182,0.219607,0.416793,False,False,False,False
s384,331,,,0.3182,0.219607,0.416793,False,False,False,False
s384,332,,,0.3182,0.219607,0.416793,False,False,False,False
s384,333,,,0.3182,0.219607,0.416793,False,False,False,False
s384,334,,,0.3182,0.219607,0.416793,False,False,False,False
s384,335,,,0.3182,0.219607,0.416793,False,False,False,False
s384,336,,,0.3182,0.219607,0.416793,False,False,False,False
s384,337,,,0.3182,0.219607,0.416793,False,False,False,False
s384,338,,,0.3182,0.219607,0.416793,False,False,False,False
s384,339,,,0.3182,0.219607,0.416793,False,False,False,False
s384,340,,,0.3182,0.219607,0.416793,False,False,False,False
s384,341,,,0.3182,0.219607,0.416793,False,False,False,False
s384,342,,,0.3182,0.219607,0.416793,False,False,False,False
s384,343,,,0.3182,0.219607,0.416793,False,False,False,False
s384,344,,,0.3182,0.219607,0.416793,False,False,False,False
s384,345,,,0.3182,0.219607,0.416793,False,False,False,False
s384,346,,,0.3182,0.219607,0.416793,False,False,False,False
s384,347,,,0.3182,0.219607,0.416793,False,False,False,False
s384,348,,,0.3182,0.219607,0.416793,False,False,False,False
s384,349,,,0.3182,0.219607,0.416793,False,False,False,False
s384,350,,,0.3182,0.219607,0.416793,False,False,False,False
s384,351,,,0.3182,0.219607,0.416793,False,False,False,False
s384,352,,,0.3182,0.219607,0.416793,False,False,False,False
s384,353,,,0.3182,0.219607,0.416793,False,False,False,False
s384,354,,,0.3182,0.219607,0.416793,False,False,False,False
s384,355,,,0.3182,0.219607,0.416793,False,False,False,False
s384,356,,,0.3182,0.219607,0.416793,False,False,False,False
s384,357,,,0.3182,0.219607,0.416793,False,False,False,False
s384,358,,,0.3182,0.219607,0.416793,False,False,False,False
s384,359,,,0.3182,0.219607,0.416793,False,False,False,False
s384,360,,,0.3182,0.219607,0.416793,False,False,False,False
s384,361,,,0.3182,0.219607,0.416793,False,False,False,False
s384,362,,,0.3182,0.219607,0.416793,False,False,False,False
s384,363,,,0.3182,0.219607,0.416793,False,False,False,False
s384,364,,,0.3182,0.219607,0.416793,False,False,False,False
s384,365,,,0.3182,0.219607,0.416793,False,False,False,False
s384,366,,,0.3182,0.219607,0.416793,False,False,False,False
s384,367,,,0.3182,0.219607,0.416793,False,False,False,False
s384,368,,,0.3182,0.219607,0.416793,False,False,False,False
s384,369,,,0.3182,0.219607,0.416793,False,False,False,False
s384,370,,,0.3182,0.219607,0.416793,False,False,False,False
s384,371,,,0.3182,0.219607,0.416793,False,False,False,False
s384,372,,,0.3182,0.219607,0.416793,False,False,False,False
s384,373,,,0.3182,0.219607,0.416793,False,False,False,False
s384,374,,,0.3182,0.219607,0.416793,False,False,False,False
s384,375,,,0.3182,0.219607,0.416793,False,False,False,False
s384,376,,,0.3182,0.219607,0.416793,False,False,False,False
s384,377,,,0.3182,0.219607,0.416793,False,False,False,False
s384,378,,,0.3182,0.219607,0.416793,False,False,False,False
s384,379,,,0.3182,0.219607,0.416793,False,False,False,False
s384,380,,,0.3182,0.219607,0.416793,False,False,False,False
s384,381,,,0.3182,0.219607,0.416793,False,False,False,False
s384,382,,,0.3182,0.219607,0.416793,False,False,False,False
s384,383,,,0.3182,0.219607,0.416793,False,False,False,False
s384,384,,,0.3182,0.219607,0.416793,False,False,False,False
s384,385,,,0.3182,0.219607,0.416793,False,False,False,False
s384,386,,,0.3182,0.219607,0.416793,False,False,False,False
s384,387,,,0.3182,0.219607,0.416793,False,False,False,False
s384,388,,,0.3182,0.219607,0.416793,False,False,False,False
s384,389,,,0.3182,0.219607,0.416793,False,False,False,False
s384,390,,,0.3182,0.219607,0.416793,False,False,False,False
s384,391,,,0.3182,0.219607,0.416793,False,False,False,False
s384,392,,,0.3182,0.219607,0.416793,False,False,False,False
s384,393,,,0.3182,0.219607,0.416793,False,False,False,False
s384,394,,,0.3182,0.219607,0.416793,False,False,False,False
s384,395,,,0.3182,0.219607,0.416793,False,False,False,False
s384,396,,,0.3182,0.219607,0.416793,False,False,False,False
s384,397,,,0.3182,0.219607,0.416793,False,False,False,False
s384,398,,,0.3182,0.219607,0.416793,False,False,False,False
s384,399,,,0.3182,0.219607,0.416793,False,False,False,False
s384,400,,,0.3182,0.219607,0.416793,False,False,False,False
s384,401,,,0.3182,0.219607,0.416793,False,False,False,False
s384,402,,,0.3182,0.219607,0.416793,False,False,False,False
s384,403,,,0.3182,0.219607,0.416793,False,False,False,False
s384,404,,,0.3182,0.219607,0.416793,False,False,False,False
s384,405,,,0.3182,0.219607,0.416793,False,False,False,False
s384,406,,,0.3182,0.219607,0.416793,False,False,False,False
s384,407,,,0.3182,0.219607,0.416793,False,False,False,False
s384,408,,,0.3182,0.219607,0.416793,False,False,False,False
s384,409,,,0.3182,0.219607,0.416793,False,False,False,False
s384,410,,,0.3182,0.219607,0.416793,False,False,False,False
s384,411,,,0.3182,0.219607,0.416793,False,False,False,False
s384,412,,,0.3182,0.219607,0.416793,False,False,False,False
s384,413,,,0.3182,0.219607,0.416793,False,False,False,False
s384,414,,,0.3182,0.219607,0.416793,False,False,False,False
s384,415,,,0.3182,0.219607,0.416793,False,False,False,False
s384,416,,,0.3182,0.219607,0.416793,False,False,False,False
s384,417,,,0.3182,0.219607,0.416793,False,False,False,False
s384,418,,,0.3182,0.219607,0.416793,False,False,False,False
s384,419,,,0.3182,0.219607,0.416793,False,False,False,False
s384,420,,,0.3182,0.219607,0.416793,False,False,False,False
s384,421,,,0.3182,0.219607,0.416793,False,False,False,False
s384,422,,,0.3182,0.219607,0.416793,False,False,False,False
s384,423,,,0.3182,0.219607,0.416793,False,False,False,False
s384,424,,,0.3182,0.219607,0.416793,False,False,False,False
s384,425,,,0.3182,0.219607,0.416793,False,False,False,False
s384,426,,,0.3182,0.219607,0.416793,False,False,False,False
s384,427,,,0.3182,0.219607,0.416793,False,False,False,False
s384,428,,,0.3182,0.219607,0.416793,False,False,False,False
s384,429,,,0.3182,0.219607,0.416793,False,False,False,False
s384,430,,,0.3182,0.219607,0.416793,False,False,False,False
s384,431,,,0.3182,0.219607,0.416793,False,False,False,False
s384,432,,,0.3182,0.219607,0.416793,False,False,False,False
s384,433,,,0.3182,0.219607,0.416793,False,False,False,False
s384,434,,,0.3182,0.219607,0.416793,False,False,False,False
s384,435,,,0.3182,0.219607,0.416793,False,False,False,False
s384,436,,,0.3182,0.219607,0.416793,False,False,False,False
s384,437,,,0.3182,0.219607,0.416793,False,False,False,False
s384,438,,,0.3182,0.219607,0.416793,False,False,False,False
s384,439,,,0.3182,0.219607,0.416793,False,False,False,False
s384,440,,,0.3182,0.219607,0.416793,False,False,False,False
s384,441,,,0.3182,0.219607,0.416793,False,False,False,False
s384,442,,,0.3182,0.219607,0.416793,False,False,False,False
s384,443,,,0.3182,0.219607,0.416793,False,False,False,False
s384,444,,,0.3182,0.219607,0.416793,False,False,False,False
s384,445,,,0.3182,0.219607,0.416793,False,False,False,False
s384,446,,,0.3182,0.219607,0.416793,False,False,False,False
s384,447,,,0.3182,0.219607,0.416793,False,False,False,False
s384,448,,,0.3182,0.219607,0.416793,False,False,False,False
s384,449,,,0.3182,0.219607,0.416793,False,False,False,False
s384,450,,,0.3182,0.219607,0.416793,False,False,False,False
s384,451,,,0.3182,0.219607,0.416793,False,False,False,False
s384,452,,,0.3182,0.219607,0.416793,False,False,False,False
s384,453,,,0.3182,0.219607,0.416793,False,False,False,False
s384,454,,,0.3182,0.219607,0.416793,False,False,False,False
s384,455,,,0.3182,0.219607,0.416793,False,False,False,False
s384,456,,,0.3182,0.219607,0.416793,False,False,False,False
s384,457,,,0.3182,0.219607,0.416793,False,False,False,False
s384,458,,,0.3182,0.219607,0.416793,False,False,False,False
s384,459,,,0.3182,0.219607,0.416793,False,False,False,False
s384,460,,,0.3182,0.219607,0.416793,False,False,False,False
s384,461,,,0.3182,0.219607,0.416793,False,False,False,False
s384,462,,,0.3182,0.219607,0.416793,False,False,False,False
s384,463,,,0.3182,0.219607,0.416793,False,False,False,False
s384,464,,,0.3182,0.219607,0.416793,False,False,False,False
s384,465,,,0.3182,0.219607,0.416793,False,False,False,False
s384,466,,,0.3182,0.219607,0.416793,False,False,False,False
s384,467,,,0.3182,0.219607,0.416793,False,False,False,False
s384,468,,,0.3182,0.219607,0.416793,False,False,False,False
s384,469,,,0.3182,0.219607,0.416793,False,False,False,False
s384,470,,,0.3182,0.219607,0.416793,False,False,False,False
s384,471,,,0.3182,0.219607,0.416793,False,False,False,False
s384,472,,,0.3182,0.219607,0.416793,False,False,False,False
s384,473,,,0.3182,0.219607,0.416793,False,False,False,False
s384,474,,,0.3182,0.219607,0.416793,False,False,False,False
s384,475,,,0.3182,0.219607,0.416793,False,False,False,False
s384,476,,,0.3182,0.219607,0.416793,False,False,False,False
s384,477,,,0.3182,0.219607,0.416793,False,False,False,False
s384,478,,,0.3182,0.219607,0.416793,False,False,False,False
s384,479,,,0.3182,0.219607,0.416793,False,False,False,False
s384,480,,,0.3182,0.219607,0.416793,False,False,False,False
s384,481,,,0.3182,0.219607,0.416793,False,False,False,False
s384,482,,,0.3182,0.219607,0.416793,False,False,False,False
s384,483,,,0.3182,0.219607,0.416793,False,False,False,False
s384,484,,,0.3182,0.219607,0.416793,False,False,False,False
s384,485,,,0.3182,0.219607,0.416793,False,False,False,False
s384,486,,,0.3182,0.219607,0.416793,False,False,False,False
s384,487,,,0.3182,0.219607,0.416793,False,False,False,False
s384,488,,,0.3182,0.219607,0.416793,False,False,False,False
s384,489,,,0.3182,0.219607,0.416793,False,False,False,False
s384,490,,,0.3182,0.219607,0.416793,False,False,False,False
s384,491,,,0.3182,0.219607,0.416793,False,False,False,False
s384,492,,,0.3182,0.219607,0.416793,False,False,False,False
s384,493,,,0.3182,0.219607,0.416793,False,False,False,False
s384,494,,,0.3182,0.219607,0.416793,False,False,False,False
s384,495,,,0.3182,0.219607,0.416793,False,False,False,False
s384,496,,,0.3182,0.219607,0.416793,False,False,False,False
s384,497,,,0.3182,0.219607,0.416793,False,False,False,False
s384,498,,,0.3182,0.219607,0.416793,False,False,False,False
s384,499,,,0.3182,0.219607,0.416793,False,False,False,False
s384,500,,,0.3182,0.219607,0.416793,False,False,False,False
s384,501,,,0.3182,0.219607,0.416793,False,False,False,False
s384,502,,,0.3182,0.219607,0.416793,False,False,False,False
s384,503,,,0.3182,0.219607,0.416793,False,False,False,False
s384,504,,,0.3182,0.219607,0.416793,False,False,False,False
s384,505,,,0.3182,0.219607,0.416793,False,False,False,False
s384,506,,,0.3182,0.219607,0.416793,False,False,False,False
s384,507,,,0.3182,0.219607,0.416793,False,False,False,False
s384,508,,,0.3182,0.219607,0.416793,False,False,False,False
s384,509,,,0.3182,0.219607,0.416793,False,False,False,False
s384,510,,,0.3182,0.219607,0.416793,False,False,False,False
s384,511,,,0.3182,0.219607,0.416793,False,False,False,False
s384,512,,,0.3182,0.219607,0.416793,False,False,False,False
s384,513,,,0.3182,0.219607,0.416793,False,False,False,False
s384,514,,,0.3182,0.219607,0.416793,False,False,False,False
s384,515,,,0.3182,0.219607,0.416793,False,False,False,False
s384,516,,,0.3182,0.219607,0.416793,False,False,False,False
s384,517,,,0.3182,0.219607,0.416793,False,False,False,False
s384,518,,,0.3182,0.219607,0.416793,False,False,False,False
s384,519,,,0.3182,0.219607,0.416793,False,False,False,False
s384,520,,,0.3182,0.219607,0.416793,False,False,False,False
s384,521,,,0.3182,0.219607,0.416793,False,False,False,False
s384,522,,,0.3182,0.219607,0.416793,False,False,False,False
s384,523,,,0.3182,0.219607,0.416793,False,False,False,False
s384,524,,,0.3182,0.219607,0.416793,False,False,False,False
s384,525,,,0.3182,0.219607,0.416793,False,False,False,False
s384,526,,,0.3182,0.219607,0.416793,False,False,False,False
s384,527,,,0.3182,0.219607,0.416793,False,False,False,False
s384,528,,,0.3182,0.219607,0.416793,False,False,False,False
s384,529,,,0.3182,0.219607,0.416793,False,False,False,False
s384,530,,,0.3182,0.219607,0.416793,False,False,False,False
s384,531,,,0.3182,0.219607,0.416793,False,False,False,False
s384,532,,,0.3182,0.219607,0.416793,False,False,False,False
s384,533,,,0.3182,0.219607,0.416793,False,False,False,False
s384,534,,,0.3182,0.219607,0.416793,False,False,False,False
s384,535,,,0.3182,0.219607,0.416793,False,False,False,False
s384,536,,,0.3182,0.219607,0.416793,False,False,False,False
s384,537,,,0.3182,0.219607,0.416793,False,False,False,False
s384,538,,,0.3182,0.219607,0.416793,False,False,False,False
s384,539,,,0.3182,0.219607,0.416793,False,False,False,False
s384,540,,,0.3182,0.219607,0.416793,False,False,False,False
s384,541,,,0.3182,0.219607,0.416793,False,False,False,False
s384,542,,,0.3182,0.219607,0.416793,False,False,False,False
s384,543,,,0.3182,0.219607,0.416793,False,False,False,False
s384,544,,,0.3182,0.219607,0.416793,False,False,False,False
s384,545,,,0.3182,0.219607,0.416793,False,False,False,False
s384,546,,,0.3182,0.219607,0.416793,False,False,False,False
s384,547,,,0.3182,0.219607,0.416793,False,False,False,False
s384,548,,,0.3182,0.219607,0.416793,False,False,False,False
s384,549,,,0.3182,0.219607,0.416793,False,False,False,False
s384,550,,,0.3182,0.219607,0.416793,False,False,False,False
s384,551,,,0.3182,0.219607,0.416793,False,False,False,False
s384,552,,,0.3182,0.219607,0.416793,False,False,False,False
s384,553,,,0.3182,0.219607,0.416793,False,False,False,False
s384,554,,,0.3182,0.219607,0.416793,False,False,False,False
s384,555,,,0.3182,0.219607,0.416793,False,False,False,False
s384,556,,,0.3182,0.219607,0.416793,False,False,False,False
s384,557,,,0.3182,0.219607,0.416793,False,False,False,False
s384,558,,,0.3182,0.219607,0.416793,False,False,False,False
s384,559,,,0.3182,0.219607,0.416793,False,False,False,False
s384,560,,,0.3182,0.219607,0.416793,False,False,False,False
s384,561,,,0.3182,0.219607,0.416793,False,False,False,False
s384,562,,,0.3182,0.219607,0.416793,False,False,False,False
s384,563,,,0.3182,0.219607,0.416793,False,False,False,False
s384,564,,,0.3182,0.219607,0.416793,False,False,False,False
s384,565,,,0.3182,0.219607,0.416793,False,False,False,False
s384,566,,,0.3182,0.219607,0.416793,False,False,False,False
s384,567,,,0.3182,0.219607,0.416793,False,False,False,False
s384,568,,,0.3182,0.219607,0.416793,False,False,False,False
s384,569,,,0.3182,0.219607,0.416793,False,False,False,False
s384,570,,,0.3182,0.219607,0.416793,False,False,False,False
s384,571,,,0.3182,0.219607,0.416793,False,False,False,False
s384,572,,,0.3182,0.219607,0.416793,False,False,False,False
s384,573,,,0.3182,0.219607,0.416793,False,False,False,False
s384,574,,,0.3182,0.219607,0.416793,False,False,False,False
s384,575,,,0.3182,0.219607,0.416793,False,False,False,False
s384,576,,,0.3182,0.219607,0.416793,False,False,False,False
s384,577,,,0.3182,0.219607,0.416793,False,False,False,False
s384,578,,,0.3182,0.219607,0.416793,False,False,False,False
s384,579,,,0.3182,0.219607,0.416793,False,False,False,False
s384,580,,,0.3182,0.219607,0.416793,False,False,False,False
s384,581,,,0.3182,0.219607,0.416793,False,False,False,False
s384,582,,,0.3182,0.219607,0.416793,False,False,False,False
s384,583,,,0.3182,0.219607,0.416793,False,False,False,False
s384,584,,,0.3182,0.219607,0.416793,False,False,False,False
s384,585,,,0.3182,0.219607,0.416793,False,False,False,False
s384,586,,,0.3182,0.219607,0.416793,False,False,False,False
s384,587,,,0.3182,0.219607,0.416793,False,False,False,False
s384,588,,,0.3182,0.219607,0.416793,False,False,False,False
s384,589,,,0.3182,0.219607,0.416793,False,False,False,False
s384,590,,,0.3182,0.219607,0.416793,False,False,False,False
s384,591,,,0.3182,0.219607,0.416793,False,False,False,False
s384,592,,,0.3182,0.219607,0.416793,False,False,False,False
s384,593,,,0.3182,0.219607,0.416793,False,False,False,False
s384,594,,,0.3182,0.219607,0.416793,False,False,False,False
s384,595,,,0.3182,0.219607,0.416793,False,False,False,False
s384,596,,,0.3182,0.219607,0.416793,False,False,False,False
s384,597,,,0.3182,0.219607,0.416793,False,False,False,False
s384,598,,,0.3182,0.219607,0.416793,False,False,False,False
s384,599,,,0.3182,0.219607,0.416793,False,False,False,False
s384,600,,,0.3182,0.219607,0.416793,False,False,False,False
s384,601,,,0.3182,0.219607,0.416793,False,False,False,False
s384,602,,,0.3182,0.219607,0.416793,False,False,False,False
s384,603,,,0.3182,0.219607,0.416793,False,False,False,False
s384,604,,,0.3182,0.219607,0.416793,False,False,False,False
s384,605,,,0.3182,0.219607,0.416793,False,False,False,False
s384,606,,,0.3182,0.219607,0.416793,False,False,False,False
s384,607,,,0.3182,0.219607,0.416793,False,False,False,False
s384,608,,,0.3182,0.219607,0.416793,False,False,False,False
s384,609,,,0.3182,0.219607,0.416793,False,False,False,False
s384,610,,,0.3182,0.219607,0.416793,False,False,False,False
s384,611,,,0.3182,0.219607,0.416793,False,False,False,False
s384,612,,,0.3182,0.219607,0.416793,False,False,False,False
s384,613,,,0.3182,0.219607,0.416793,False,False,False,False
s384,614,,,0.3182,0.219607,0.416793,False,False,False,False
s384,615,,,0.3182,0.219607,0.416793,False,False,False,False
s384,616,,,0.3182,0.219607,0.416793,False,False,False,False
s384,617,,,0.3182,0.219607,0.416793,False,False,False,False
s384,618,,,0.3182,0.219607,0.416793,False,False,False,False
s384,619,,,0.3182,0.219607,0.416793,False,False,False,False
s384,620,,,0.3182,0.219607,0.416793,False,False,False,False
s384,621,,,0.3182,0.219607,0.416793,False,False,False,False
s384,622,,,0.3182,0.219607,0.416793,False,False,False,False
s384,623,,,0.3182,0.219607,0.416793,False,False,False,False
s384,624,,,0.3182,0.219607,0.416793,False,False,False,False
s384,625,,,0.3182,0.219607,0.416793,False,False,False,False
s384,626,,,0.3182,0.219607,0.416793,False,False,False,False
s384,627,,,0.3182,0.219607,0.416793,False,False,False,False
s384,628,,,0.3182,0.219607,0.416793,False,False,False,False
s384,629,,,0.3182,0.219607,0.416793,False,False,False,False
s384,630,,,0.3182,0.219607,0.416793,False,False,False,False
s384,631,,,0.3182,0.219607,0.416793,False,False,False,False
s384,632,,,0.3182,0.219607,0.416793,False,False,False,False
s384,633,,,0.3182,0.219607,0.416793,False,False,False,False
s384,634,,,0.3182,0.219607,0.416793,False,False,False,False
s384,635,,,0.3182,0.219607,0.416793,False,False,False,False
s384,636,,,0.3182,0.219607,0.416793,False,False,False,False
s384,637,,,0.3182,0.219607,0.416793,False,False,False,False
s384,638,,,0.3182,0.219607,0.416793,False,False,False,False
s384,639,,,0.3182,0.219607,0.416793,False,False,False,False
s384,640,,,0.3182,0.219607,0.416793,False,False,False,False
s384,641,,,0.3182,0.219607,0.416793,False,False,False,False
s384,642,,,0.3182,0.219607,0.416793,False,False,False,False
s384,643,,,0.3182,0.219607,0.416793,False,False,False,False
s384,644,,,0.3182,0.219607,0.416793,False,False,False,False
s384,645,,,0.3182,0.219607,0.416793,False,False,False,False
s384,646,,,0.3182,0.219607,0.416793,False,False,False,False
s384,647,,,0.3182,0.219607,0.416793,False,False,False,False
s384,648,,,0.3182,0.219607,0.416793,False,False,False,False
s384,649,,,0.3182,0.219607,0.416793,False,False,False,False
s384,650,,,0.3182,0.219607,0.416793,False,False,False,False
s384,651,,,0.3182,0.219607,0.416793,False,False,False,False
s384,652,,,0.3182,0.219607,0.416793,False,False,False,False
s384,653,,,0.3182,0.219607,0.416793,False,False,False,False
s384,654,,,0.3182,0.219607,0.416793,False,False,False,False
s384,655,,,0.3182,0.219607,0.416793,False,False,False,False
s384,656,,,0.3182,0.219607,0.416793,False,False,False,False
s384,657,,,0.3182,0.219607,0.416793,False,False,False,False
s384,658,,,0.3182,0.219607,0.416793,False,False,False,False
s384,659,,,0.3182,0.219607,0.416793,False,False,False,False
s384,660,,,0.3182,0.219607,0.416793,False,False,False,False
s384,661,,,0.3182,0.219607,0.416793,False,False,False,False
s384,662,,,0.3182,0.219607,0.416793,False,False,False,False
s384,663,,,0.3182,0.219607,0.416793,False,False,False,False
s384,664,,,0.3182,0.219607,0.416793,False,False,False,False
s384,665,,,0.3182,0.219607,0.416793,False,False,False,False
s384,666,,,0.3182,0.219607,0.416793,False,False,False,False
s384,667,,,0.3182,0.219607,0.416793,False,False,False,False
s384,668,,,0.3182,0.219607,0.416793,False,False,False,False
s384,669,,,0.3182,0.219607,0.416793,False,False,False,False
s384,670,,,0.3182,0.219607,0.416793,False,False,False,False
s384,671,,,0.3182,0.219607,0.416793,False,False,False,False
s384,672,,,0.3182,0.219607,0.416793,False,False,False,False
s384,673,,,0.3182,0.219607,0.416793,False,False,False,False
s384,674,,,0.3182,0.219607,0.416793,False,False,False,False
s384,675,,,0.3182,0.219607,0.416793,False,False,False,False
s384,676,,,0.3182,0.219607,0.416793,False,False,False,False
s384,677,,,0.3182,0.219607,0.416793,False,False,False,False
s384,678,,,0.3182,0.219607,0.416793,False,False,False,False
s384,679,,,0.3182,0.219607,0.416793,False,False,False,False
s384,680,,,0.3182,0.219607,0.416793,False,False,False,False
s384,681,,,0.3182,0.219607,0.416793,False,False,False,False
s384,682,,,0.3182,0.219607,0.416793,False,False,False,False
s384,683,,,0.3182,0.219607,0.416793,False,False,False,False
s384,684,,,0.3182,0.219607,0.416793,False,False,False,False
s384,685,,,0.3182,0.219607,0.416793,False,False,False,False
s384,686,,,0.3182,0.219607,0.416793,False,False,False,False
s384,687,,,0.3182,0.219607,0.416793,False,False,False,False
s384,688,,,0.3182,0.219607,0.416793,False,False,False,False
s384,689,,,0.3182,0.219607,0.416793,False,False,False,False
s384,690,,,0.3182,0.219607,0.416793,False,False,False,False
s384,691,,,0.3182,0.219607,0.416793,False,False,False,False
s384,692,,,0.3182,0.219607,0.416793,False,False,False,False
s384,693,,,0.3182,0.219607,0.416793,False,False,False,False
s384,694,,,0.3182,0.219607,0.416793,False,False,False,False
s384,695,,,0.3182,0.219607,0.416793,False,False,False,False
s384,696,,,0.3182,0.219607,0.416793,False,False,False,False
s384,697,,,0.3182,0.219607,0.416793,False,False,False,False
s384,698,,,0.3182,0.219607,0.416793,False,False,False,False
s384,699,,,0.3182,0.219607,0.416793,False,False,False,False
s384,700,,,0.3182,0.219607,0.416793,False,False,False,False
s384,701,,,0.3182,0.219607,0.416793,False,False,False,False
s384,702,,,0.3182,0.219607,0.416793,False,False,False,False
s384,703,,,0.3182,0.219607,0.416793,False,False,False,False
s384,704,,,0.3182,0.219607,0.416793,False,False,False,False
s384,705,,,0.3182,0.219607,0.416793,False,False,False,False
s384,706,,,0.3182,0.219607,0.416793,False,False,False,False
s384,707,,,0.3182,0.219607,0.416793,False,False,False,False
s384,708,,,0.3182,0.219607,0.416793,False,False,False,False
s384,709,,,0.3182,0.219607,0.416793,False,False,False,False
s384,710,,,0.3182,0.219607,0.416793,False,False,False,False
s384,711,,,0.3182,0.219607,0.416793,False,False,False,False
s384,712,,,0.3182,0.219607,0.416793,False,False,False,False
s384,713,,,0.3182,0.219607,0.416793,False,False,False,False
s384,714,,,0.3182,0.219607,0.416793,False,False,False,False
s384,715,,,0.3182,0.219607,0.416793,False,False,False,False
s384,716,,,0.3182,0.219607,0.416793,False,False,False,False
s384,717,,,0.3182,0.219607,0.416793,False,False,False,False
s384,718,,,0.3182,0.219607,0.416793,False,False,False,False
s384,719,,,0.3182,0.219607,0.416793,False,False,False,False
s384,720,,,0.3182,0.219607,0.416793,False,False,False,False
s384,721,,,0.3182,0.219607,0.416793,False,False,False,False
s384,722,,,0.3182,0.219607,0.416793,False,False,False,False
s384,723,,,0.3182,0.219607,0.416793,False,False,False,False
s384,724,,,0.3182,0.219607,0.416793,False,False,False,False
s384,725,,,0.3182,0.219607,0.416793,False,False,False,False
s384,726,,,0.3182,0.219607,0.416793,False,False,False,False
s384,727,,,0.3182,0.219607,0.416793,False,False,False,False
s384,728,,,0.3182,0.219607,0.416793,False,False,False,False
s384,729,,,0.3182,0.219607,0.416793,False,False,False,False
s384,730,,,0.3182,0.219607,0.416793,False,False,False,False
s384,731,,,0.3182,0.219607,0.416793,False,False,False,False
s384,732,,,0.3182,0.219607,0.416793,False,False,False,False
s384,733,,,0.3182,0.219607,0.416793,False,False,False,False
s384,734,,,0.3182,0.219607,0.416793,False,False,False,False
s384,735,,,0.3182,0.219607,0.416793,False,False,False,False
s384,736,,,0.3182,0.219607,0.416793,False,False,False,False
s384,737,,,0.3182,0.219607,0.416793,False,False,False,False
s384,738,,,0.3182,0.219607,0.416793,False,False,False,False
s384,739,,,0.3182,0.219607,0.416793,False,False,False,False
s384,740,,,0.3182,0.219607,0.416793,False,False,False,False
s384,741,,,0.3182,0.219607,0.416793,False,False,False,False
s384,742,,,0.3182,0.219607,0.416793,False,False,False,False
s384,743,,,0.3182,0.219607,0.416793,False,False,False,False
s384,744,,,0.3182,0.219607,0.416793,False,False,False,False
s384,745,,,0.3182,0.219607,0.416793,False,False,False,False
s384,746,,,0.3182,0.219607,0.416793,False,False,False,False
s384,747,,,0.3182,0.219607,0.416793,False,False,False,False
s384,748,,,0.3182,0.219607,0.416793,False,False,False,False
s384,749,,,0.3182,0.219607,0.416793,False,False,False,False
s384,750,,,0.3182,0.219607,0.416793,False,False,False,False
s384,751,,,0.3182,0.219607,0.416793,False,False,False,False
s384,752,,,0.3182,0.219607,0.416793,False,False,False,False
s384,753,,,0.3182,0.219607,0.416793,False,False,False,False
s384,754,,,0.3182,0.219607,0.416793,False,False,False,False
s384,755,,,0.3182,0.219607,0.416793,False,False,False,False
s384,756,,,0.3182,0.219607,0.416793,False,False,False,False
s384,757,,,0.3182,0.219607,0.416793,False,False,False,False
s384,758,,,0.3182,0.219607,0.416793,False,False,False,False
s384,759,,,0.3182,0.219607,0.416793,False,False,False,False
s384,760,,,0.3182,0.219607,0.416793,False,False,False,False
s384,761,,,0.3182,0.219607,0.416793,False,False,False,False
s384,762,,,0.3182,0.219607,0.416793,False,False,False,False
s384,763,,,0.3182,0.219607,0.416793,False,False,False,False
s384,764,,,0.3182,0.219607,0.416793,False,False,False,False
s384,765,,,0.3182,0.219607,0.416793,False,False,False,False
s384,766,,,0.3182,0.219607,0.416793,False,False,False,False
s384,767,,,0.3182,0.219607,0.416793,False,False,False,False
s384,768,,,0.3182,0.219607,0.416793,False,False,False,False
s384,769,,,0.3182,0.219607,0.416793,False,False,False,False
s384,770,,,0.3182,0.219607,0.416793,False,False,False,False
s384,771,,,0.3182,0.219607,0.416793,False,False,False,False
s384,772,,,0.3182,0.219607,0.416793,False,False,False,False
s384,773,0.2278,,0.30012,0.219607,0.416793,False,False,False,False
s384,774,,,0.30012,0.219607,0.416793,False,False,False,False
s384,775,,,0.30012,0.219607,0.416793,False,False,False,False
s384,776,0.5142,,0.342936,0.219607,0.416793,False,False,False,False
s384,777,,,0.342936,0.219607,0.416793,False,False,False,False
s384,778,,,0.342936,0.219607,0.416793,False,False,False,False
s384,779,,,0.342936,0.219607,0.416793,False,False,False,False
s384,780,,,0.342936,0.219607,0.416793,False,False,False,False
s384,781,0.2663,,0.327609,0.219607,0.416793,False,False,False,False
s384,782,,,0.327609,0.219607,0.416793,False,False,False,False
s384,783,0.3636,,0.334807,0.219607,0.416793,False,False,False,False
s384,784,,,0.334807,0.219607,0.416793,False,False,False,False
s384,785,,,0.334807,0.219607,0.416793,False,False,False,False
s384,786,,,0.334807,0.219607,0.416793,False,False,False,False
s384,787,,,0.334807,0.219607,0.416793,False,False,False,False
s384,788,,,0.334807,0.219607,0.416793,False,False,False,False
s384,789,,,0.334807,0.219607,0.416793,False,False,False,False
s384,790,0.4065,,0.349146,0.219607,0.416793,False,False,False,False
s384,791,,,0.349146,0.219607,0.416793,False,False,False,False
s384,792,,,0.349146,0.219607,0.416793,False,False,False,False
s384,793,,,0.349146,0.219607,0.416793,False,False,False,False
s384,794,,,0.349146,0.219607,0.416793,False,False,False,False
s384,795,,,0.349146,0.219607,0.416793,False,False,False,False
s384,796,,,0.349146,0.219607,0.416793,False,False,False,False
s384,797,,,0.349146,0.219607,0.416793,False,False,False,False
s384,798,,,0.349146,0.219607,0.416793,False,False,False,False
s384,799,0.3046,,0.340237,0.219607,0.416793,False,False,False,False
s384,800,,,0.340237,0.219607,0.416793,False,False,False,False
s384,801,,,0.340237,0.219607,0.416793,False,False,False,False
s384,802,,,0.340237,0.219607,0.416793,False,False,False,False
s384,803,,,0.340237,0.219607,0.416793,False,False,False,False
s384,804,2.6216,,0.796509,0.219607,0.416793,True,False,False,False
s384,805,0.3197,2.3019,0.701147,0.219607,0.416793,False,False,False,False
s384,806,0.2784,0.0413,0.616598,0.219607,0.416793,False,False,False,False
s384,807,0.3736,0.0952,0.567998,0.219607,0.416793,False,False,False,False
s384,808,,,0.567998,0.219607,0.416793,False,False,False,False
s384,809,,,0.567998,0.219607,0.416793,False,False,False,False
s384,810,,,0.567998,0.219607,0.416793,False,False,False,False
s384,811,0.3113,,0.516659,0.219607,0.416793,False,False,False,False
s384,812,0.2706,0.0407,0.467447,0.219607,0.416793,False,False,False,False
s384,813,0.3014,0.0308,0.434238,0.219607,0.416793,False,False,False,False
s384,814,,,0.434238,0.219607,0.416793,False,False,False,False
s384,815,,,0.434238,0.219607,0.416793,False,False,False,False
s384,816,0.345,,0.41639,0.219607,0.416793,False,False,False,False
s384,817,0.2513,0.0937,0.383372,0.219607,0.416793,False,False,False,False
s384,818,,,0.383372,0.219607,0.416793,False,False,False,False
s384,819,,,0.383372,0.219607,0.416793,False,False,False,False
s384,820,0.4737,,0.401438,0.219607,0.416793,False,False,False,False
s384,821,0.3045,0.1692,0.38205,0.219607,0.416793,False,False,False,False
s384,822,0.2983,0.0062,0.3653,0.219607,0.416793,False,False,False,False
s384,823,0.4293,0.131,0.3781,0.219607,0.416793,False,False,False,False
s384,824,0.1377,0.2916,0.33002,0.219607,0.416793,False,False,False,False
s384,825,,,0.33002,0.219607,0.416793,False,False,False,False
s384,826,0.2885,,0.321716,0.219607,0.416793,False,False,False,False
s384,827,,,0.321716,0.219607,0.416793,False,False,False,False
s384,828,,,0.321716,0.219607,0.416793,False,False,False,False
s384,829,,,0.321716,0.219607,0.416793,False,False,False,False
s384,830,0.3616,,0.329693,0.219607,0.416793,False,False,False,False
s384,831,,,0.329693,0.219607,0.416793,False,False,False,False
s384,832,0.2322,,0.310194,0.219607,0.416793,False,False,False,False
s384,833,0.3694,0.1372,0.322035,0.219607,0.416793,False,False,False,False
s384,834,,,0.322035,0.219607,0.416793,False,False,False,False
s384,835,0.1961,,0.296848,0.219607,0.416793,False,False,False,False
s384,836,,,0.296848,0.219607,0.416793,False,False,False,False
s384,837,,,0.296848,0.219607,0.416793,False,False,False,False
s384,838,0.1461,,0.266699,0.219607,0.416793,False,False,False,False
s384,839,,,0.266699,0.219607,0.416793,False,False,False,False
s384,840,,,0.266699,0.219607,0.416793,False,False,False,False
s384,841,,,0.266699,0.219607,0.416793,False,False,False,False
s384,842,0.3191,,0.277179,0.219607,0.416793,False,False,False,False
s384,843,0.1615,0.1576,0.254043,0.219607,0.416793,False,False,False,False
s384,844,,,0.254043,0.219607,0.416793,False,False,False,False
s384,845,1.1532,,0.433875,0.219607,0.416793,True,False,False,False
s384,846,0.2875,0.8657,0.4046,0.219607,0.416793,False,False,False,False
s384,847,0.1819,0.1056,0.36006,0.219607,0.416793,False,False,False,False
s384,848,,,0.36006,0.219607,0.416793,False,False,False,False
s384,849,,,0.36006,0.219607,0.416793,False,False,False,False
s384,850,0.3206,,0.352168,0.219607,0.416793,False,False,False,False
s384,851,,,0.352168,0.219607,0.416793,False,False,False,False
s384,852,0.308,,0.343334,0.219607,0.416793,False,False,False,False
s384,853,0.298,0.01,0.334267,0.219607,0.416793,False,False,False,False
s384,854,,,0.334267,0.219607,0.416793,False,False,False,False
s384,855,0.3892,,0.345254,0.219607,0.416793,False,False,False,False
s384,856,,,0.345254,0.219607,0.416793,False,False,False,False
s384,857,,,0.345254,0.219607,0.416793,False,False,False,False
s384,858,0.2975,,0.335703,0.219607,0.416793,False,False,False,False
s384,859,0.4763,0.1788,0.363822,0.219607,0.416793,False,False,False,False
s384,860,0.2516,0.2247,0.341378,0.219607,0.416793,False,False,False,False
s384,861,,,0.341378,0.219607,0.416793,False,False,False,False
s384,862,,,0.341378,0.219607,0.416793,False,False,False,False
s384,863,,,0.341378,0.219607,0.416793,False,False,False,False
s384,864,0.3194,,0.336982,0.219607,0.416793,False,False,False,False
s384,865,,,0.336982,0.219607,0.416793,False,False,False,False
s384,866,,,0.336982,0.219607,0.416793,False,False,False,False
s384,867,,,0.336982,0.219607,0.416793,False,False,False,False
s384,868,0.3197,,0.333526,0.219607,0.416793,False,False,False,False
s384,869,,,0.333526,0.219607,0.416793,False,False,False,False
s384,870,0.4402,,0.354861,0.219607,0.416793,False,False,False,False
s384,871,0.239,0.2012,0.331689,0.219607,0.416793,False,False,False,False
s384,872,0.2317,0.0073,0.311691,0.219607,0.416793,False,False,False,False
s384,873,,,0.311691,0.219607,0.416793,False,False,False,False
s384,874,,,0.311691,0.219607,0.416793,False,False,False,False
s384,875,,,0.311691,0.219607,0.416793,False,False,False,False
s384,876,,,0.311691,0.219607,0.416793,False,False,False,False
s384,877,,,0.311691,0.219607,0.416793,False,False,False,False
s384,878,,,0.311691,0.219607,0.416793,False,False,False,False
s384,879,0.2782,,0.304993,0.219607,0.416793,False,False,False,False
s384,880,0.3458,0.0676,0.313154,0.219607,0.416793,False,False,False,False
s384,881,,,0.313154,0.219607,0.416793,False,False,False,False
s384,882,0.1957,,0.289663,0.219607,0.416793,False,False,False,False
s384,883,,,0.289663,0.219607,0.416793,False,False,False,False
s384,884,,,0.289663,0.219607,0.416793,False,False,False,False
s384,885,0.2625,,0.284231,0.219607,0.416793,False,False,False,False
s384,886,,,0.284231,0.219607,0.416793,False,False,False,False
s384,887,,,0.284231,0.219607,0.416793,False,False,False,False
s384,888,0.3041,,0.288205,0.219607,0.416793,False,False,False,False
s384,889,,,0.288205,0.219607,0.416793,False,False,False,False
s384,890,,,0.288205,0.219607,0.416793,False,False,False,False
s384,891,,,0.288205,0.219607,0.416793,False,False,False,False
s384,892,0.3029,,0.291144,0.219607,0.416793,False,False,False,False
s384,893,0.2089,0.094,0.274695,0.219607,0.416793,False,False,False,False
s384,894,0.2619,0.053,0.272136,0.219607,0.416793,False,False,False,False
s384,895,,,0.272136,0.219607,0.416793,False,False,False,False
s384,896,0.2911,,0.275929,0.219607,0.416793,False,False,False,False
s384,897,0.3523,0.0612,0.291203,0.219607,0.416793,False,False,False,False
s384,898,,,0.291203,0.219607,0.416793,False,False,False,False
s384,899,0.2769,,0.288342,0.219607,0.416793,False,False,False,False
s384,900,,,0.288342,0.219607,0.416793,False,False,False,False
s384,901,,,0.288342,0.219607,0.416793,False,False,False,False
s384,902,0.1208,,0.254834,0.219607,0.416793,False,False,False,False
s384,903,0.2972,0.1764,0.263307,0.219607,0.416793,False,False,False,False
s384,904,0.1997,0.0975,0.250586,0.219607,0.416793,False,False,False,False
s384,905,,,0.250586,0.219607,0.416793,False,False,False,False
s384,906,,,0.250586,0.219607,0.416793,False,False,False,False
s384,907,0.201,,0.240669,0.219607,0.416793,False,False,False,False
s384,908,,,0.240669,0.219607,0.416793,False,False,False,False
s384,909,0.214,,0.235335,0.219607,0.416793,False,False,False,False
s384,910,,,0.235335,0.219607,0.416793,False,False,False,False
s384,911,,,0.235335,0.219607,0.416793,False,False,False,False
s384,912,,,0.235335,0.219607,0.416793,False,False,False,False
s384,913,,,0.235335,0.219607,0.416793,False,False,False,False
s384,914,0.3592,,0.260108,0.219607,0.416793,False,False,False,False
s384,915,0.2923,0.0669,0.266546,0.219607,0.416793,False,False,False,False
s384,916,0.4004,0.1081,0.293317,0.219607,0.416793,False,False,False,False
s384,917,0.3866,0.0138,0.311974,0.219607,0.416793,False,False,False,False
s384,918,0.2659,0.1207,0.302759,0.219607,0.416793,False,False,False,False
s384,919,0.2372,0.0287,0.289647,0.219607,0.416793,False,False,False,False
s384,920,0.3854,0.1482,0.308798,0.219607,0.416793,False,False,False,False
s384,921,0.3337,0.0517,0.313778,0.219607,0.416793,False,False,False,False
s384,922,0.2416,0.0921,0.299343,0.219607,0.416793,False,False,False,False
s384,923,0.4636,0.222,0.332194,0.219607,0.416793,False,False,False,False
s384,924,0.3038,0.1598,0.326515,0.219607,0.416793,False,False,False,False
s384,925,0.3138,0.01,0.323972,0.219607,0.416793,False,False,False,False
s384,926,0.2651,0.0487,0.312198,0.219607,0.416793,False,False,False,False
s384,927,,,0.312198,0.219607,0.416793,False,False,False,False
s384,928,,,0.312198,0.219607,0.416793,False,False,False,False
s384,929,0.1974,,0.289238,0.219607,0.416793,False,False,False,False
s384,930,0.313,0.1156,0.293991,0.219607,0.416793,False,False,False,False
s384,931,,,0.293991,0.219607,0.416793,False,False,False,False
s384,932,0.2379,,0.282772,0.219607,0.416793,False,False,False,False
s384,933,0.2452,0.0073,0.275258,0.219607,0.416793,False,False,False,False
s384,934,0.3409,0.0957,0.288386,0.219607,0.416793,False,False,False,False
s384,935,0.2038,0.1371,0.271469,0.219607,0.416793,False,False,False,False
s384,936,,,0.271469,0.219607,0.416793,False,False,False,False
s384,937,,,0.271469,0.219607,0.416793,False,False,False,False
s384,938,0.2735,,0.271875,0.219607,0.416793,False,False,False,False
s384,939,,,0.271875,0.219607,0.416793,False,False,False,False
s384,940,0.1898,,0.25546,0.219607,0.416793,False,False,False,False
s384,941,,,0.25546,0.219607,0.416793,False,False,False,False
s384,942,,,0.25546,0.219607,0.416793,False,False,False,False
s384,943,,,0.25546,0.219607,0.416793,False,False,False,False
s384,944,0.3084,,0.266048,0.219607,0.416793,False,False,False,False
s384,945,,,0.266048,0.219607,0.416793,False,False,False,False
s384,946,0.2257,,0.257979,0.219607,0.416793,False,False,False,False
s384,947,0.4357,0.21,0.293523,0.219607,0.416793,False,False,False,False
s384,948,,,0.293523,0.219607,0.416793,False,False,False,False
s384,949,,,0.293523,0.219607,0.416793,False,False,False,False
s384,950,,,0.293523,0.219607,0.416793,False,False,False,False
s384,951,0.3563,,0.306078,0.219607,0.416793,False,False,False,False
s384,952,0.3181,0.0382,0.308483,0.219607,0.416793,False,False,False,False
s384,953,0.2779,0.0402,0.302366,0.219607,0.416793,False,False,False,False
s384,954,,,0.302366,0.219607,0.416793,False,False,False,False
s384,955,0.2272,,0.287333,0.219607,0.416793,False,False,False,False
s384,956,0.3416,0.1144,0.298186,0.219607,0.416793,False,False,False,False
s384,957,0.4949,0.1533,0.337529,0.219607,0.416793,False,False,False,False
s384,958,,,0.337529,0.219607,0.416793,False,False,False,False
s384,959,0.2278,,0.315583,0.219607,0.416793,False,False,False,False
s384,960,,,0.315583,0.219607,0.416793,False,False,False,False
s384,961,,,0.315583,0.219607,0.416793,False,False,False,False
s384,962,0.1907,,0.290607,0.219607,0.416793,False,False,False,False
s384,963,,,0.290607,0.219607,0.416793,False,False,False,False
s384,964,,,0.290607,0.219607,0.416793,False,False,False,False
s384,965,0.2925,,0.290985,0.219607,0.416793,False,False,False,False
s384,966,,,0.290985,0.219607,0.416793,False,False,False,False
s384,967,0.329,,0.298588,0.219607,0.416793,False,False,False,False
s384,968,,,0.298588,0.219607,0.416793,False,False,False,False
s384,969,0.3137,,0.301611,0.219607,0.416793,False,False,False,False
s384,970,,,0.301611,0.219607,0.416793,False,False,False,False
s384,971,,,0.301611,0.219607,0.416793,False,False,False,False
s384,972,,,0.301611,0.219607,0.416793,False,False,False,False
s384,973,0.2353,,0.288348,0.219607,0.416793,False,False,False,False
s384,974,0.2397,0.0044,0.278619,0.219607,0.416793,False,False,False,False
s384,975,,,0.278619,0.219607,0.416793,False,False,False,False
s384,976,0.4417,,0.311235,0.219607,0.416793,False,False,False,False
s384,977,,,0.311235,0.219607,0.416793,False,False,False,False
s384,978,0.3188,,0.312748,0.219607,0.416793,False,False,False,False
s384,979,0.4935,0.1747,0.348898,0.219607,0.416793,False,False,False,False
s384,980,0.2332,0.2603,0.325759,0.219607,0.416793,False,False,False,False
s384,981,,,0.325759,0.219607,0.416793,False,False,False,False
s384,982,0.388,,0.338207,0.219607,0.416793,False,False,False,False
s384,983,0.2855,0.1025,0.327666,0.219607,0.416793,False,False,False,False
s384,984,0.3043,0.0188,0.322992,0.219607,0.416793,False,False,False,False
s384,985,0.2714,0.0329,0.312674,0.219607,0.416793,False,False,False,False
s384,986,0.3183,0.0469,0.313799,0.219607,0.416793,False,False,False,False
s384,987,,,0.313799,0.219607,0.416793,False,False,False,False
s384,988,0.2703,,0.305099,0.219607,0.416793,False,False,False,False
s384,989,0.2225,0.0478,0.288579,0.219607,0.416793,False,False,False,False
s384,990,,,0.288579,0.219607,0.416793,False,False,False,False
s384,991,0.1716,,0.265184,0.219607,0.416793,False,False,False,False
s384,992,,,0.265184,0.219607,0.416793,False,False,False,False
s384,993,,,0.265184,0.219607,0.416793,False,False,False,False
s384,994,0.3198,,0.276107,0.219607,0.416793,False,False,False,False
s384,995,0.2275,0.0923,0.266385,0.219607,0.416793,False,False,False,False
s384,996,,,0.266385,0.219607,0.416793,False,False,False,False
s384,997,0.2038,,0.253868,0.219607,0.416793,False,False,False,False
s384,998,0.2883,0.0845,0.260755,0.219607,0.416793,False,False,False,False
s384,999,,,0.260755,0.219607,0.416793,False,False,False,False
s384,1000,0.3958,,0.287764,0.219607,0.416793,False,False,False,False
s384,1001,,,0.287764,0.219607,0.416793,False,False,False,False
s384,1002,,,0.287764,0.219607,0.416793,False,False,False,False
s384,1003,0.2038,,0.270971,0.219607,0.416793,False,False,False,False
s384,1004,,,0.270971,0.219607,0.416793,False,False,False,False
s384,1005,0.2239,,0.261557,0.219607,0.416793,False,False,False,False
s384,1006,0.211,0.0129,0.251445,0.219607,0.416793,False,False,False,False
s384,1007,,,0.251445,0.219607,0.416793,False,False,False,False
s384,1008,,,0.251445,0.219607,0.416793,False,False,False,False
s384,1009,,,0.251445,0.219607,0.416793,False,False,False,False
s384,1010,0.2434,,0.249836,0.219607,0.416793,False,False,False,False
s384,1011,,,0.249836,0.219607,0.416793,False,False,False,False
s384,1012,0.2977,,0.259409,0.219607,0.416793,False,False,False,False
s384,1013,0.3057,0.008,0.268667,0.219607,0.416793,False,False,False,False
s384,1014,,,0.268667,0.219607,0.416793,False,False,False,False
s384,1015,,,0.268667,0.219607,0.416793,False,False,False,False
s384,1016,0.3104,,0.277014,0.219607,0.416793,False,False,False,False
s384,1017,,,0.277014,0.219607,0.416793,False,False,False,False
s384,1018,,,0.277014,0.219607,0.416793,False,False,False,False
s384,1019,0.28,,0.277611,0.219607,0.416793,False,False,False,False
s384,1020,0.2484,0.0316,0.271769,0.219607,0.416793,False,False,False,False
s384,1021,0.2704,0.022,0.271495,0.219607,0.416793,False,False,False,False
s384,1022,0.3657,0.0953,0.290336,0.219607,0.416793,False,False,False,False
s384,1023,0.4494,0.0837,0.322149,0.219607,0.416793,False,False,False,False
s384,1024,0.3021,0.1473,0.318139,0.219607,0.416793,False,False,False,False
s384,1025,,,0.318139,0.219607,0.416793,False,False,False,False
s384,1026,0.4348,,0.341471,0.219607,0.416793,False,False,False,False
s384,1027,0.0875,0.3473,0.290677,0.219607,0.416793,False,False,False,False
s384,1028,0.1784,0.0909,0.268222,0.219607,0.416793,False,False,False,False
s384,1029,,,0.268222,0.219607,0.416793,False,False,False,False
s384,1030,0.5355,,0.321677,0.219607,0.416793,False,False,False,False
s384,1031,0.22,0.3155,0.301342,0.219607,0.416793,False,False,False,False
s384,1032,0.3871,0.1671,0.318493,0.219607,0.416793,False,False,False,False
s384,1033,0.4921,0.105,0.353215,0.219607,0.416793,False,False,False,False
s384,1034,,,0.353215,0.219607,0.416793,False,False,False,False
s384,1035,0.3668,,0.355932,0.219607,0.416793,False,False,False,False
s384,1036,,,0.355932,0.219607,0.416793,False,False,False,False
s384,1037,,,0.355932,0.219607,0.416793,False,False,False,False
s384,1038,,,0.355932,0.219607,0.416793,False,False,False,False
s384,1039,,,0.355932,0.219607,0.416793,False,False,False,False
s384,1040,,,0.355932,0.219607,0.416793,False,False,False,False
s384,1041,0.3351,,0.351765,0.219607,0.416793,False,False,False,False
s384,1042,,,0.351765,0.219607,0.416793,False,False,False,False
s384,1043,,,0.351765,0.219607,0.416793,False,False,False,False
s384,1044,0.3349,,0.348392,0.219607,0.416793,False,False,False,False
s384,1045,0.32,0.0149,0.342714,0.219607,0.416793,False,False,False,False
s384,1046,0.3199,0.0001,0.338151,0.219607,0.416793,False,False,False,False
s384,1047,0.2891,0.0308,0.328341,0.219607,0.416793,False,False,False,False
s384,1048,0.2334,0.0557,0.309353,0.219607,0.416793,False,False,False,False
s384,1049,,,0.309353,0.219607,0.416793,False,False,False,False
s384,1050,0.3972,,0.326922,0.219607,0.416793,False,False,False,False
s384,1051,0.343,0.0542,0.330138,0.219607,0.416793,False,False,False,False
s384,1052,0.2716,0.0714,0.31843,0.219607,0.416793,False,False,False,False
s384,1053,0.2979,0.0263,0.314324,0.219607,0.416793,False,False,False,False
s384,1054,0.5283,0.2304,0.357119,0.219607,0.416793,False,False,False,False
s384,1055,,,0.357119,0.219607,0.416793,False,False,False,False
s384,1056,0.2369,,0.333075,0.219607,0.416793,False,False,False,False
s384,1057,0.4716,0.2347,0.36078,0.219607,0.416793,False,False,False,False
s384,1058,,,0.36078,0.219607,0.416793,False,False,False,False
s384,1059,0.4108,,0.370784,0.219607,0.416793,False,False,False,False
s384,1060,0.43,0.0192,0.382627,0.219607,0.416793,False,False,False,False
s384,1061,0.2769,0.1531,0.361482,0.219607,0.416793,False,False,False,False
s384,1062,0.31,0.0331,0.351186,0.219607,0.416793,False,False,False,False
s384,1063,0.2955,0.0145,0.340048,0.219607,0.416793,False,False,False,False
s384,1064,,,0.340048,0.219607,0.416793,False,False,False,False
s384,1065,0.3006,,0.332159,0.219607,0.416793,False,False,False,False
s384,1066,,,0.332159,0.219607,0.416793,False,False,False,False
s384,1067,,,0.332159,0.219607,0.416793,False,False,False,False
s384,1068,,,0.332159,0.219607,0.416793,False,False,False,False
s384,1069,0.2926,,0.324247,0.219607,0.416793,False,False,False,False
s384,1070,0.3692,0.0766,0.333238,0.219607,0.416793,False,False,False,False
s384,1071,0.3668,0.0024,0.33995,0.219607,0.416793,False,False,False,False
s384,1072,0.4929,0.1261,0.37054,0.219607,0.416793,False,False,False,False
s384,1073,0.477,0.0159,0.391832,0.219607,0.416793,False,False,False,False
s384,1074,0.3469,0.1301,0.382846,0.219607,0.416793,False,False,False,False
s384,1075,,,0.382846,0.219607,0.416793,False,False,False,False
s384,1076,,,0.382846,0.219607,0.416793,False,False,False,False
s384,1077,0.327,,0.371677,0.219607,0.416793,False,False,False,False
s384,1078,0.2878,0.0392,0.354901,0.219607,0.416793,False,False,False,False
s384,1079,0.308,0.0202,0.345521,0.219607,0.416793,False,False,False,False
s384,1080,0.296,0.012,0.335617,0.219607,0.416793,False,False,False,False
s384,1081,,,0.335617,0.219607,0.416793,False,False,False,False
s384,1082,0.3671,,0.341913,0.219607,0.416793,False,False,False,False
s384,1083,0.4183,0.0512,0.357191,0.219607,0.416793,False,False,False,False
s384,1084,,,0.357191,0.219607,0.416793,False,False,False,False
s384,1085,0.3425,,0.354253,0.219607,0.416793,False,False,False,False
s384,1086,0.2532,0.0893,0.334042,0.219607,0.416793,False,False,False,False
s384,1087,0.2661,0.0129,0.320454,0.219607,0.416793,False,False,False,False
s384,1088,0.2457,0.0204,0.305503,0.219607,0.416793,False,False,False,False
s384,1089,,,0.305503,0.219607,0.416793,False,False,False,False
s384,1090,0.4954,,0.343482,0.219607,0.416793,False,False,False,False
s384,1091,0.5261,0.0307,0.380006,0.219607,0.416793,False,False,False,False
s384,1092,0.3775,0.1486,0.379505,0.219607,0.416793,False,False,False,False
s384,1093,0.2812,0.0963,0.359844,0.219607,0.416793,False,False,False,False
s384,1094,0.5504,0.2692,0.397955,0.219607,0.416793,False,False,False,False
s384,1095,0.3058,0.2446,0.379524,0.219607,0.416793,False,False,False,False
s384,1096,0.4547,0.1489,0.394559,0.219607,0.416793,False,False,False,False
s384,1097,0.3217,0.133,0.379987,0.219607,0.416793,False,False,False,False
s384,1098,,,0.379987,0.219607,0.416793,False,False,False,False
s384,1099,0.3454,,0.37307,0.219607,0.416793,False,False,False,False
s384,1100,0.3371,0.0083,0.365876,0.219607,0.416793,False,False,False,False
s384,1101,0.3858,0.0487,0.369861,0.219607,0.416793,False,False,False,False
s384,1102,,,0.369861,0.219607,0.416793,False,False,False,False
s384,1103,,,0.369861,0.219607,0.416793,False,False,False,False
s384,1104,,,0.369861,0.219607,0.416793,False,False,False,False
s384,1105,,,0.369861,0.219607,0.416793,False,False,False,False
s384,1106,0.3111,,0.358109,0.219607,0.416793,False,False,False,False
s384,1107,0.3712,0.0601,0.360727,0.219607,0.416793,False,False,False,False
s384,1108,0.3829,0.0117,0.365161,0.219607,0.416793,False,False,False,False
s384,1109,0.3864,0.0035,0.369409,0.219607,0.416793,False,False,False,False
s384,1110,0.4478,0.0614,0.385087,0.219607,0.416793,False,False,False,False
s384,1111,0.4652,0.0174,0.40111,0.219607,0.416793,False,False,False,False
s384,1112,0.2974,0.1678,0.380368,0.219607,0.416793,False,False,False,False
s384,1113,0.26,0.0374,0.356294,0.219607,0.416793,False,False,False,False
s384,1114,0.2671,0.0071,0.338455,0.219607,0.416793,False,False,False,False
s384,1115,0.4135,0.1464,0.353464,0.219607,0.416793,False,False,False,False
s384,1116,0.2643,0.1492,0.335631,0.219607,0.416793,False,False,False,False
s384,1117,,,0.335631,0.219607,0.416793,False,False,False,False
s384,1118,,,0.335631,0.219607,0.416793,False,False,False,False
s384,1119,0.2573,,0.319965,0.219607,0.416793,False,False,False,False
s384,1120,,,0.319965,0.219607,0.416793,False,False,False,False
s384,1121,0.4847,,0.352912,0.219607,0.416793,False,False,False,False
s384,1122,0.3326,0.1521,0.34885,0.219607,0.416793,False,False,False,False
s384,1123,,,0.34885,0.219607,0.416793,False,False,False,False
s384,1124,0.3609,,0.35126,0.219607,0.416793,False,False,False,False
s384,1125,0.2095,0.1514,0.322908,0.219607,0.416793,False,False,False,False
s384,1126,,,0.322908,0.219607,0.416793,False,False,False,False
s384,1127,0.3259,,0.323506,0.219607,0.416793,False,False,False,False
s384,1128,,,0.323506,0.219607,0.416793,False,False,False,False
s384,1129,0.2931,,0.317425,0.219607,0.416793,False,False,False,False
s384,1130,0.3916,0.0985,0.33226,0.219607,0.416793,False,False,False,False
s384,1131,0.4849,0.0933,0.362788,0.219607,0.416793,False,False,False,False
s384,1132,0.2491,0.2358,0.34005,0.219607,0.416793,False,False,False,False
s384,1133,0.3268,0.0777,0.3374,0.219607,0.416793,False,False,False,False
s384,1134,0.2542,0.0726,0.32076,0.219607,0.416793,False,False,False,False
s384,1135,,,0.32076,0.219607,0.416793,False,False,False,False
s384,1136,0.4774,,0.352088,0.219607,0.416793,False,False,False,False
s384,1137,0.8789,0.4015,0.457451,0.219607,0.416793,True,False,False,False
s384,1138,,,0.457451,0.219607,0.416793,False,False,False,False
s384,1139,,,0.457451,0.219607,0.416793,False,False,False,False
s384,1140,,,0.457451,0.219607,0.416793,False,False,False,False
s384,1141,,,0.457451,0.219607,0.416793,False,False,False,False
s384,1142,0.7115,,0.50826,0.219607,0.416793,True,False,False,False
s384,1143,0.3778,0.3337,0.482168,0.219607,0.416793,False,False,False,False
s384,1144,0.62,0.2422,0.509735,0.219607,0.416793,True,True,False,False
s384,1145,,,0.509735,0.219607,0.416793,False,False,False,False
s384,1146,0.3896,,0.485708,0.219607,0.416793,False,False,False,False
s384,1147,,,0.485708,0.219607,0.416793,False,False,False,False
s384,1148,0.4417,,0.476906,0.219607,0.416793,False,False,False,False
s384,1149,0.4712,0.0295,0.475765,0.219607,0.416793,False,False,False,False
s384,1150,0.3534,0.1178,0.451292,0.219607,0.416793,False,False,False,False
s384,1151,0.452,0.0986,0.451434,0.219607,0.416793,False,False,False,False
s384,1152,,,0.451434,0.219607,0.416793,False,False,False,False
s384,1153,,,0.451434,0.219607,0.416793,False,False,False,False
s384,1154,0.467,,0.454547,0.219607,0.416793,False,False,False,False
s384,1155,2.7806,2.3136,0.919757,0.219607,0.416793,True,False,False,False
s384,1156,0.6639,2.1167,0.868586,0.219607,0.416793,True,True,False,False
s384,1157,0.5184,0.1455,0.798549,0.219607,0.416793,False,True,True,False
s384,1158,,,0.798549,0.219607,0.416793,False,False,False,False
s384,1159,,,0.798549,0.219607,0.416793,False,False,False,False
s384,1160,0.2627,,0.691379,0.219607,0.416793,False,False,False,False
s384,1161,,,0.691379,0.219607,0.416793,False,False,False,False
s384,1162,0.4725,,0.647603,0.219607,0.416793,False,False,False,False
s384,1163,0.2544,0.2181,0.568963,0.219607,0.416793,False,False,False,False
s384,1164,0.4216,0.1672,0.53949,0.219607,0.416793,False,False,False,False
s384,1165,0.5269,0.1053,0.536972,0.219607,0.416793,False,False,False,False
s384,1166,,,0.536972,0.219607,0.416793,False,False,False,False
s384,1167,,,0.536972,0.219607,0.416793,False,False,False,False
s384,1168,0.4215,,0.513878,0.219607,0.416793,False,False,False,False
s384,1169,,,0.513878,0.219607,0.416793,False,False,False,False
s384,1170,0.6401,,0.539122,0.219607,0.416793,True,False,False,False
s384,1171,0.4513,0.1888,0.521558,0.219607,0.416793,False,False,False,False
s384,1172,0.4463,0.005,0.506506,0.219607,0.416793,False,False,True,False
s384,1173,,,0.506506,0.219607,0.416793,False,False,False,False
s384,1174,0.2277,,0.450745,0.219607,0.416793,False,False,False,False
s384,1175,0.3591,0.1314,0.432416,0.219607,0.416793,False,False,False,False
s384,1176,0.3031,0.056,0.406553,0.219607,0.416793,False,False,False,False
s384,1177,0.3353,0.0322,0.392302,0.219607,0.416793,False,False,False,False
s384,1178,0.5629,0.2276,0.426422,0.219607,0.416793,False,False,False,False
s384,1179,0.9811,0.4182,0.537357,0.219607,0.416793,True,True,False,False
s384,1180,0.261,0.7201,0.482086,0.219607,0.416793,False,False,False,False
s384,1181,,,0.482086,0.219607,0.416793,False,False,False,False
s384,1182,0.279,,0.441469,0.219607,0.416793,False,False,False,False
s384,1183,0.421,0.142,0.437375,0.219607,0.416793,False,False,False,False
s384,1184,0.2971,0.1239,0.40932,0.219607,0.416793,False,False,False,False
s384,1185,0.4671,0.17,0.420876,0.219607,0.416793,False,False,False,False
s384,1186,,,0.420876,0.219607,0.416793,False,False,False,False
s384,1187,,,0.420876,0.219607,0.416793,False,False,False,False
s384,1188,,,0.420876,0.219607,0.416793,False,False,False,False
s384,1189,0.4574,,0.428181,0.219607,0.416793,False,False,False,False
s384,1190,,,0.428181,0.219607,0.416793,False,False,False,False
s384,1191,0.5024,,0.443025,0.219607,0.416793,False,False,False,False
s384,1192,0.348,0.1544,0.42402,0.219607,0.416793,False,False,False,False
s384,1193,,,0.42402,0.219607,0.416793,False,False,False,False
s384,1194,0.2423,,0.387676,0.219607,0.416793,False,False,False,False
s384,1195,0.3458,0.1035,0.379301,0.219607,0.416793,False,False,False,False
s384,1196,0.3414,0.0044,0.37172,0.219607,0.416793,False,False,False,False
s384,1197,0.33,0.0114,0.363376,0.219607,0.416793,False,False,False,False
s384,1198,0.3105,0.0195,0.352801,0.219607,0.416793,False,False,False,False
s384,1199,0.2237,0.0868,0.326981,0.219607,0.416793,False,False,False,False
s384,1200,,,0.326981,0.219607,0.416793,False,False,False,False
s384,1201,,,0.326981,0.219607,0.416793,False,False,False,False
s384,1202,0.3704,,0.335665,0.219607,0.416793,False,False,False,False
s384,1203,0.2749,0.0955,0.323512,0.219607,0.416793,False,False,False,False
s384,1204,0.3392,0.0643,0.326649,0.219607,0.416793,False,False,False,False
s384,1205,0.4011,0.0619,0.34154,0.219607,0.416793,False,False,False,False
s384,1206,0.4218,0.0207,0.357592,0.219607,0.416793,False,False,False,False
s384,1207,0.3888,0.033,0.363833,0.219607,0.416793,False,False,False,False
s384,1208,0.3116,0.0772,0.353387,0.219607,0.416793,False,False,False,False
s384,1209,,,0.353387,0.219607,0.416793,False,False,False,False
s384,1210,0.2614,,0.334989,0.219607,0.416793,False,False,False,False
s384,1211,,,0.334989,0.219607,0.416793,False,False,False,False
s384,1212,0.3172,,0.331431,0.219607,0.416793,False,False,False,False
s384,1213,0.2485,0.0687,0.314845,0.219607,0.416793,False,False,False,False
s384,1214,,,0.314845,0.219607,0.416793,False,False,False,False
s384,1215,,,0.314845,0.219607,0.416793,False,False,False,False
s384,1216,,,0.314845,0.219607,0.416793,False,False,False,False
s384,1217,0.1352,,0.278916,0.219607,0.416793,False,False,False,False
s384,1218,,,0.278916,0.219607,0.416793,False,False,False,False
s384,1219,0.2243,,0.267993,0.219607,0.416793,False,False,False,False
s384,1220,,,0.267993,0.219607,0.416793,False,False,False,False
s384,1221,,,0.267993,0.219607,0.416793,False,False,False,False
s384,1222,0.4245,,0.299294,0.219607,0.416793,False,False,False,False
s384,1223,0.3959,0.0286,0.318615,0.219607,0.416793,False,False,False,False
s384,1224,0.3578,0.0381,0.326452,0.219607,0.416793,False,False,False,False
s384,1225,0.4478,0.09,0.350722,0.219607,0.416793,False,False,False,False
s384,1226,0.1479,0.2999,0.310158,0.219607,0.416793,False,False,False,False
s384,1227,,,0.310158,0.219607,0.416793,False,False,False,False
s384,1228,0.2957,,0.307266,0.219607,0.416793,False,False,False,False
s384,1229,0.3828,0.0871,0.322373,0.219607,0.416793,False,False,False,False
s384,1230,,,0.322373,0.219607,0.416793,False,False,False,False
s384,1231,0.2891,,0.315718,0.219607,0.416793,False,False,False,False
s384,1232,,,0.315718,0.219607,0.416793,False,False,False,False
s384,1233,,,0.315718,0.219607,0.416793,False,False,False,False
s384,1234,0.2633,,0.305235,0.219607,0.416793,False,False,False,False
s384,1235,,,0.305235,0.219607,0.416793,False,False,False,False
s384,1236,0.3346,,0.311108,0.219607,0.416793,False,False,False,False
s384,1237,,,0.311108,0.219607,0.416793,False,False,False,False
s384,1238,0.6279,,0.374466,0.219607,0.416793,True,False,False,False
s384,1239,0.5374,0.0905,0.407053,0.219607,0.416793,False,True,False,False
s384,1240,,,0.407053,0.219607,0.416793,False,False,False,False
s384,1241,0.3356,,0.392762,0.219607,0.416793,False,False,False,False
s384,1242,0.295,0.0406,0.37321,0.219607,0.416793,False,False,False,False
s384,1243,0.2518,0.0432,0.348928,0.219607,0.416793,False,False,False,False
s384,1244,0.4765,0.2247,0.374442,0.219607,0.416793,False,False,False,False
s384,1245,0.3946,0.0819,0.378474,0.219607,0.416793,False,False,False,False
s384,1246,0.3779,0.0167,0.378359,0.219607,0.416793,False,False,False,False
s384,1247,0.165,0.2129,0.335687,0.219607,0.416793,False,False,False,False
s384,1248,0.2717,0.1067,0.32289,0.219607,0.416793,False,False,False,False
s384,1249,,,0.32289,0.219607,0.416793,False,False,False,False
s384,1250,0.1973,,0.297772,0.219607,0.416793,False,False,False,False
s384,1251,0.367,0.1697,0.311617,0.219607,0.416793,False,False,False,False
s384,1252,0.2809,0.0861,0.305474,0.219607,0.416793,False,False,False,False
s384,1253,0.2006,0.0803,0.284499,0.219607,0.416793,False,False,False,False
s384,1254,0.299,0.0984,0.287399,0.219607,0.416793,False,False,False,False
s384,1255,0.2374,0.0616,0.277399,0.219607,0.416793,False,False,False,False
s384,1256,0.4869,0.2495,0.3193,0.219607,0.416793,False,False,False,False
s384,1257,0.3137,0.1732,0.31818,0.219607,0.416793,False,False,False,False
s384,1258,0.3219,0.0082,0.318924,0.219607,0.416793,False,False,False,False
s384,1259,0.29,0.0319,0.313139,0.219607,0.416793,False,False,False,False
s384,1260,0.3465,0.0565,0.319811,0.219607,0.416793,False,False,False,False
s384,1261,0.3131,0.0334,0.318469,0.219607,0.416793,False,False,False,False
s384,1262,,,0.318469,0.219607,0.416793,False,False,False,False
s384,1263,0.2948,,0.313735,0.219607,0.416793,False,False,False,False
s384,1264,0.229,0.0658,0.296788,0.219607,0.416793,False,False,False,False
s384,1265,0.2466,0.0176,0.286751,0.219607,0.416793,False,False,False,False
s384,1266,0.2652,0.0186,0.28244,0.219607,0.416793,False,False,False,False
s384,1267,0.4328,0.1676,0.312512,0.219607,0.416793,False,False,False,False
s384,1268,0.3897,0.0431,0.32795,0.219607,0.416793,False,False,False,False
s384,1269,0.3865,0.0032,0.33966,0.219607,0.416793,False,False,False,False
s384,1270,0.1996,0.1869,0.311648,0.219607,0.416793,False,False,False,False
s384,1271,0.193,0.0066,0.287918,0.219607,0.416793,False,False,False,False
s384,1272,0.241,0.048,0.278535,0.219607,0.416793,False,False,False,False
s384,1273,,,0.278535,0.219607,0.416793,False,False,False,False
s384,1274,,,0.278535,0.219607,0.416793,False,False,False,False
s384,1275,,,0.278535,0.219607,0.416793,False,False,False,False
s384,1276,,,0.278535,0.219607,0.416793,False,False,False,False
s384,1277,,,0.278535,0.219607,0.416793,False,False,False,False
s384,1278,,,0.278535,0.219607,0.416793,False,False,False,False
s384,1279,0.4078,,0.304388,0.219607,0.416793,False,False,False,False
s384,1280,0.3879,0.0199,0.32109,0.219607,0.416793,False,False,False,False
s384,1281,0.3687,0.0192,0.330612,0.219607,0.416793,False,False,False,False
s384,1282,0.19,0.1787,0.30249,0.219607,0.416793,False,False,False,False
s384,1283,1.062,0.872,0.454392,0.219607,0.416793,True,False,False,False
s384,1284,0.4445,0.6175,0.452413,0.219607,0.416793,False,False,False,False
s384,1285,0.2472,0.1973,0.411371,0.219607,0.416793,False,False,False,False
s384,1286,0.1977,0.0495,0.368637,0.219607,0.416793,False,False,False,False
s384,1287,,,0.368637,0.219607,0.416793,False,False,False,False
s384,1288,0.5414,,0.403189,0.219607,0.416793,False,False,False,False
s384,1289,0.632,0.0906,0.448951,0.219607,0.416793,True,True,False,False
s384,1290,,,0.448951,0.219607,0.416793,False,False,False,False
s384,1291,,,0.448951,0.219607,0.416793,False,False,False,False
s384,1292,0.3282,,0.424801,0.219607,0.416793,False,False,False,False
s384,1293,0.3399,0.0117,0.407821,0.219607,0.416793,False,False,False,False
s384,1294,0.4239,0.084,0.411037,0.219607,0.416793,False,False,False,False
s384,1295,0.3943,0.0296,0.407689,0.219607,0.416793,False,False,False,False
s384,1296,0.3947,0.0004,0.405092,0.219607,0.416793,False,False,False,False
s384,1297,0.2892,0.1055,0.381913,0.219607,0.416793,False,False,False,False
s384,1298,,,0.381913,0.219607,0.416793,False,False,False,False
s384,1299,0.3254,,0.370611,0.219607,0.416793,False,False,False,False
s384,1300,0.3741,0.0487,0.371308,0.219607,0.416793,False,False,False,False
s384,1301,0.293,0.0811,0.355647,0.219607,0.416793,False,False,False,False
s384,1302,0.2854,0.0076,0.341597,0.219607,0.416793,False,False,False,False
s384,1303,0.3126,0.0272,0.335798,0.219607,0.416793,False,False,False,False
s384,1304,0.2716,0.041,0.322958,0.219607,0.416793,False,False,False,False
s384,1305,0.6377,0.3661,0.385907,0.219607,0.416793,True,False,False,False
s384,1306,0.5616,0.0761,0.421045,0.219607,0.416793,False,True,False,False
s384,1307,0.397,0.1646,0.416236,0.219607,0.416793,False,False,False,False
s384,1308,1.0551,0.6581,0.544009,0.219607,0.416793,True,True,False,False
s384,1309,0.4926,0.5625,0.533727,0.219607,0.416793,False,False,True,False
s384,1310,,,0.533727,0.219607,0.416793,False,False,False,False
s384,1311,0.3302,,0.493022,0.219607,0.416793,False,False,False,False
s384,1312,,,0.493022,0.219607,0.416793,False,False,False,False
s384,1313,,,0.493022,0.219607,0.416793,False,False,False,False
s384,1314,0.2758,,0.449577,0.219607,0.416793,False,False,False,False
s384,1315,,,0.449577,0.219607,0.416793,False,False,False,False
s384,1316,,,0.449577,0.219607,0.416793,False,False,False,False
s384,1317,0.2866,,0.416982,0.219607,0.416793,False,False,False,False
s384,1318,,,0.416982,0.219607,0.416793,False,False,False,False
s384,1319,0.3233,,0.398246,0.219607,0.416793,False,False,False,False
s384,1320,0.3367,0.0134,0.385936,0.219607,0.416793,False,False,False,False
s384,1321,0.6705,0.3338,0.442849,0.219607,0.416793,True,False,False,False
s384,1322,0.2866,0.3839,0.411599,0.219607,0.416793,False,False,False,False
s384,1323,,,0.411599,0.219607,0.416793,False,False,False,False
s384,1324,0.5281,,0.434899,0.219607,0.416793,False,False,False,False
s384,1325,0.2528,0.2753,0.39848,0.219607,0.416793,False,False,False,False
s384,1326,0.2905,0.0377,0.376884,0.219607,0.416793,False,False,False,False
s384,1327,0.2327,0.0578,0.348047,0.219607,0.416793,False,False,False,False
s384,1328,0.2642,0.0315,0.331278,0.219607,0.416793,False,False,False,False
s384,1329,0.2965,0.0323,0.324322,0.219607,0.416793,False,False,False,False
s384,1330,,,0.324322,0.219607,0.416793,False,False,False,False
s384,1331,,,0.324322,0.219607,0.416793,False,False,False,False
s384,1332,0.497,,0.358858,0.219607,0.416793,False,False,False,False
s384,1333,,,0.358858,0.219607,0.416793,False,False,False,False
s384,1334,0.3893,,0.364946,0.219607,0.416793,False,False,False,False
s384,1335,,,0.364946,0.219607,0.416793,False,False,False,False
s384,1336,1.0879,,0.509537,0.219607,0.416793,True,False,False,False
s384,1337,,,0.509537,0.219607,0.416793,False,False,False,False
s384,1338,0.5475,,0.51713,0.219607,0.416793,False,True,False,False
s384,1339,0.3344,0.2131,0.480584,0.219607,0.416793,False,False,False,False
s384,1340,0.8775,0.5431,0.559967,0.219607,0.416793,True,True,False,False
s384,1341,0.4033,0.4742,0.528634,0.219607,0.416793,False,False,False,False
s384,1342,0.4177,0.0144,0.506447,0.219607,0.416793,False,False,False,False
s384,1343,0.3023,0.1154,0.465617,0.219607,0.416793,False,False,False,False
s384,1344,,,0.465617,0.219607,0.416793,False,False,False,False
s384,1345,1.0543,,0.583354,0.219607,0.416793,True,False,False,False
s384,1346,0.3085,0.7458,0.528383,0.219607,0.416793,False,False,False,False
s384,1347,,,0.528383,0.219607,0.416793,False,False,False,False
s384,1348,,,0.528383,0.219607,0.416793,False,False,False,False
s384,1349,0.3834,,0.499387,0.219607,0.416793,False,False,False,False
s384,1350,0.868,0.4846,0.573109,0.219607,0.416793,True,False,False,False
s384,1351,0.4464,0.4216,0.547767,0.219607,0.416793,False,False,False,False
s384,1352,0.7477,0.3013,0.587754,0.219607,0.416793,True,True,False,False
s384,1353,0.3238,0.4239,0.534963,0.219607,0.416793,False,False,False,False
s384,1354,0.5533,0.2295,0.53863,0.219607,0.416793,False,True,True,False
s384,1355,30.9982,30.4449,6.63054,0.219607,0.416793,True,True,True,False
s384,1356,,,6.63054,0.219607,0.416793,False,False,False,False
s384,1357,,,6.63054,0.219607,0.416793,False,False,False,False
s384,1358,,,6.63054,0.219607,0.416793,False,False,False,False
s384,1359,0.7272,,5.44988,0.219607,0.416793,True,False,False,False
s384,1360,0.4389,0.2883,4.44768,0.219607,0.416793,False,False,False,False
s384,1361,0.7807,0.3418,3.71428,0.219607,0.416793,True,True,False,False
s384,1362,,,3.71428,0.219607,0.416793,False,False,False,False
s384,1363,0.3716,,3.04575,0.219607,0.416793,False,False,False,False
s384,1364,0.3592,0.0124,2.50844,0.219607,0.416793,False,False,False,False
s384,1365,0.3439,0.0153,2.07553,0.219607,0.416793,False,False,False,False
s384,1366,0.6457,0.3018,1.78956,0.219607,0.416793,True,False,False,False
s384,1367,1.0789,0.4332,1.64743,0.219607,0.416793,True,True,False,False
s384,1368,0.536,0.5429,1.42515,0.219607,0.416793,False,True,False,False
s384,1369,1.032,0.496,1.34652,0.219607,0.416793,True,True,True,False
s384,1370,0.4565,0.5755,1.16851,0.219607,0.416793,False,False,True,True
s384,1371,0.4587,0.0022,1.02655,0.219607,0.416793,False,False,True,True
s384,1372,0.8775,0.4188,0.99674,0.219607,0.416793,True,False,True,True
s384,1373,0.7651,0.1124,0.950412,0.219607,0.416793,True,True,True,True
s384,1374,,,0.950412,0.219607,0.416793,False,False,False,False
s384,1375,0.966,,0.95353,0.219607,0.416793,True,True,True,False
s384,1376,0.5048,0.4612,0.863784,0.219607,0.416793,False,False,True,False
s384,1377,1.4158,0.911,0.974187,0.219607,0.416793,True,True,True,False
s384,1378,,,0.974187,0.219607,0.416793,False,False,False,False
s384,1379,,,0.974187,0.219607,0.416793,False,False,False,False
s384,1380,1.0763,,0.99461,0.219607,0.416793,True,False,False,False
s384,1381,0.6899,0.3864,0.933668,0.219607,0.416793,True,True,False,False
s384,1382,0.7638,0.0739,0.899694,0.219607,0.416793,True,True,False,False
s384,1383,0.3664,0.3974,0.793035,0.219607,0.416793,False,False,False,False
s384,1384,0.3102,0.0562,0.696468,0.219607,0.416793,False,False,False,False
s384,1385,0.3708,0.0606,0.631335,0.219607,0.416793,False,False,False,False
s384,1386,0.4163,0.0455,0.588328,0.219607,0.416793,False,False,False,False
s384,1387,0.6379,0.2216,0.598242,0.219607,0.416793,True,False,False,False
s384,1388,0.8268,0.1889,0.643954,0.219607,0.416793,True,True,False,False
s384,1389,0.405,0.4218,0.596163,0.219607,0.416793,False,False,False,False
s384,1390,1.2374,0.8324,0.72441,0.219607,0.416793,True,True,False,False
s384,1391,0.4846,0.7528,0.676448,0.219607,0.416793,False,False,True,False
s384,1392,0.9091,0.4245,0.722979,0.219607,0.416793,True,True,True,True
s384,1393,0.5785,0.3306,0.694083,0.219607,0.416793,False,True,True,True
s384,1394,0.6507,0.0722,0.685406,0.219607,0.416793,True,True,True,True
s384,1395,0.5343,0.1164,0.655185,0.219607,0.416793,False,True,True,True
s384,1396,0.6008,0.0665,0.644308,0.219607,0.416793,False,True,True,True
s384,1397,0.7436,0.1428,0.664166,0.219607,0.416793,True,True,True,True
s384,1398,0.362,0.3816,0.603733,0.219607,0.416793,False,False,False,True
s384,1399,0.3695,0.0075,0.556887,0.219607,0.416793,False,False,False,True
s384,1400,0.1653,0.2042,0.478569,0.219607,0.416793,False,False,False,False
s384,1401,0.4089,0.2436,0.464635,0.219607,0.416793,False,False,False,False
s384,1402,0.9188,0.5099,0.555468,0.219607,0.416793,True,False,False,False
s384,1403,0.9211,0.0023,0.628595,0.219607,0.416793,True,True,False,False
s384,1404,0.7492,0.1719,0.652716,0.219607,0.416793,True,True,False,False
s384,1405,0.3503,0.3989,0.592233,0.219607,0.416793,False,False,False,False
s384,1406,0.3726,0.0223,0.548306,0.219607,0.416793,False,False,False,False
s384,1407,0.4157,0.0431,0.521785,0.219607,0.416793,False,False,False,False
s384,1408,0.5303,0.1146,0.523488,0.219607,0.416793,False,False,False,True
s384,1409,0.6185,0.0882,0.54249,0.219607,0.416793,True,True,False,True
s384,1410,1.1,0.4815,0.653992,0.219607,0.416793,True,True,False,True
s384,1411,0.3266,0.7734,0.588514,0.219607,0.416793,False,False,False,True
s384,1412,0.6739,0.3473,0.605591,0.219607,0.416793,True,True,True,True
s384,1413,0.3539,0.32,0.555253,0.219607,0.416793,False,False,False,True
s384,1414,0.4689,0.115,0.537982,0.219607,0.416793,False,False,False,True
s384,1415,1.3849,0.916,0.707366,0.219607,0.416793,True,False,False,True
s384,1416,0.9002,0.4847,0.745933,0.219607,0.416793,True,True,True,True
s384,1417,0.6465,0.2537,0.726046,0.219607,0.416793,True,True,True,True
s384,1418,0.5387,0.1078,0.688577,0.219607,0.416793,False,True,True,True
s384,1419,0.4048,0.1339,0.631822,0.219607,0.416793,False,False,False,True
s384,1420,1.2561,0.8513,0.756677,0.219607,0.416793,True,True,True,True
s384,1421,0.4247,0.8314,0.690282,0.219607,0.416793,False,False,True,True
s384,1422,0.9961,0.5714,0.751445,0.219607,0.416793,True,True,True,True
s384,1423,0.9813,0.0148,0.797416,0.219607,0.416793,True,True,True,True
s384,1424,,,0.797416,0.219607,0.416793,False,False,False,False
s384,1425,0.5117,,0.740273,0.219607,0.416793,False,False,True,False
s384,1426,,,0.740273,0.219607,0.416793,False,False,False,False
s384,1427,1.2139,,0.834998,0.219607,0.416793,True,False,False,False
s384,1428,0.5562,0.6577,0.779239,0.219607,0.416793,False,True,False,False
s384,1429,0.5016,0.0546,0.723711,0.219607,0.416793,False,False,True,False
s384,1430,,,0.723711,0.219607,0.416793,False,False,False,False
s384,1431,0.4353,,0.666029,0.219607,0.416793,False,False,True,False
s384,1432,0.7046,0.2693,0.673743,0.219607,0.416793,True,False,True,False
s384,1433,0.3113,0.3933,0.601254,0.219607,0.416793,False,False,False,False
s384,1434,0.5261,0.2148,0.586224,0.219607,0.416793,False,True,False,False
s384,1435,0.8342,0.3081,0.635819,0.219607,0.416793,True,True,True,False
s384,1436,0.5624,0.2718,0.621135,0.219607,0.416793,False,True,True,False
s384,1437,0.7111,0.1487,0.639128,0.219607,0.416793,True,True,True,False
s384,1438,1.6147,0.9036,0.834242,0.219607,0.416793,True,True,True,False
s384,1439,0.456,1.1587,0.758594,0.219607,0.416793,False,False,True,False
s384,1440,0.6462,0.1902,0.736115,0.219607,0.416793,True,True,True,False
s384,1441,0.4802,0.166,0.684932,0.219607,0.416793,False,False,True,True
s384,1442,0.4535,0.0267,0.638646,0.219607,0.416793,False,False,True,True
s384,1443,0.9158,0.4623,0.694077,0.219607,0.416793,True,False,True,True
s384,1444,0.6868,0.229,0.692621,0.219607,0.416793,True,True,True,True
s384,1445,1.3159,0.6291,0.817277,0.219607,0.416793,True,True,True,True
s384,1446,,,0.817277,0.219607,0.416793,False,False,False,False
s384,1447,1.407,,0.935222,0.219607,0.416793,True,True,True,False
s384,1448,0.6537,0.7533,0.878917,0.219607,0.416793,True,True,True,False
s384,1449,0.8524,0.1987,0.873614,0.219607,0.416793,True,True,True,False
s384,1450,0.4124,0.44,0.781371,0.219607,0.416793,False,False,False,False
s384,1451,0.4522,0.0398,0.715537,0.219607,0.416793,False,False,True,False
s384,1452,0.5138,0.0616,0.675189,0.219607,0.416793,False,False,True,False
s384,1453,0.2208,0.293,0.584312,0.219607,0.416793,False,False,False,False
s384,1454,0.5412,0.3204,0.575689,0.219607,0.416793,False,False,False,False
s384,1455,0.5947,0.0535,0.579491,0.219607,0.416793,False,True,True,False
s384,1456,1.1269,0.5322,0.688973,0.219607,0.416793,True,True,True,False
s384,1457,0.6363,0.4906,0.678439,0.219607,0.416793,True,True,True,False
s384,1458,,,0.678439,0.219607,0.416793,False,False,False,False
s384,1459,,,0.678439,0.219607,0.416793,False,False,False,False
s384,1460,0.3516,,0.613071,0.219607,0.416793,False,False,False,False
s384,1461,0.4364,0.0848,0.577737,0.219607,0.416793,False,False,False,False
s384,1462,0.6328,0.1964,0.588749,0.219607,0.416793,True,False,False,False
s384,1463,0.6325,0.0003,0.597499,0.219607,0.416793,True,True,False,False
s384,1464,1.1566,0.5241,0.70932,0.219607,0.416793,True,True,True,False
s384,1465,0.8646,0.292,0.740376,0.219607,0.416793,True,True,True,False
s384,1466,0.8597,0.0049,0.764241,0.219607,0.416793,True,True,True,False
s384,1467,1.1127,0.253,0.833932,0.219607,0.416793,True,True,True,True
s384,1468,0.9924,0.1203,0.865626,0.219607,0.416793,True,True,True,True
s384,1469,1.5468,0.5544,1.00186,0.219607,0.416793,True,True,True,True
s384,1470,1.1084,0.4384,1.02317,0.219607,0.416793,True,True,True,True
s384,1471,0.8968,0.2116,0.997895,0.219607,0.416793,True,True,True,True
s384,1472,1.1985,0.3017,1.03802,0.219607,0.416793,True,True,True,True
s384,1473,,,1.03802,0.219607,0.416793,False,False,False,False
s384,1474,0.5167,,0.933753,0.219607,0.416793,False,True,True,False
s384,1475,0.5447,0.028,0.855942,0.219607,0.416793,False,True,True,False
s384,1476,0.5664,0.0217,0.798034,0.219607,0.416793,False,True,True,False
s384,1477,1.2432,0.6768,0.887067,0.219607,0.416793,True,True,True,False
s384,1478,1.0537,0.1895,0.920394,0.219607,0.416793,True,True,True,False
s384,1479,0.8202,0.2335,0.900355,0.219607,0.416793,True,True,True,False
s384,1480,0.3689,0.4513,0.794064,0.219607,0.416793,False,False,False,False
s384,1481,0.9996,0.6307,0.835171,0.219607,0.416793,True,True,True,True
s384,1482,0.2487,0.7509,0.717877,0.219607,0.416793,False,False,False,False
s384,1483,0.2744,0.0257,0.629182,0.219607,0.416793,False,False,False,False
s384,1484,0.3568,0.0824,0.574705,0.219607,0.416793,False,False,False,False
s384,1485,0.8071,0.4503,0.621184,0.219607,0.416793,True,False,False,False
s384,1486,0.5243,0.2828,0.601807,0.219607,0.416793,False,True,False,False
s384,1487,0.8306,0.3063,0.647566,0.219607,0.416793,True,True,False,False
s384,1488,,,0.647566,0.219607,0.416793,False,False,False,False
s384,1489,1.0629,,0.730633,0.219607,0.416793,True,True,True,False
s384,1490,1.7201,0.6572,0.928526,0.219607,0.416793,True,True,True,False
s384,1491,0.8822,0.8379,0.919261,0.219607,0.416793,True,True,True,False
s384,1492,0.6209,0.2613,0.859589,0.219607,0.416793,True,True,True,False
s384,1493,1.1386,0.5177,0.915391,0.219607,0.416793,True,True,True,False
s384,1494,0.5022,0.6364,0.832753,0.219607,0.416793,False,False,True,False
s384,1495,0.4096,0.0926,0.748122,0.219607,0.416793,False,False,False,False
s384,1496,,,0.748122,0.219607,0.416793,False,False,False,False
s384,1497,0.9682,,0.792138,0.219607,0.416793,True,False,False,False
s384,1498,0.6821,0.2861,0.77013,0.219607,0.416793,True,True,False,False
s384,1499,0.2729,0.4092,0.670684,0.219607,0.416793,False,False,False,False
s384,1500,1.0514,0.7785,0.746827,0.219607,0.416793,True,True,False,False
s384,1501,1.1436,0.0922,0.826182,0.219607,0.416793,True,True,True,False
s384,1502,0.8839,0.2597,0.837726,0.219607,0.416793,True,True,True,False
s384,1503,0.6836,0.2003,0.8069,0.219607,0.416793,True,True,True,False
s384,1504,0.3929,0.2907,0.7241,0.219607,0.416793,False,False,False,False
s384,1505,0.6588,0.2659,0.71104,0.219607,0.416793,True,True,True,False
s384,1506,0.3316,0.3272,0.635152,0.219607,0.416793,False,False,False,False
s384,1507,0.3569,0.0253,0.579502,0.219607,0.416793,False,False,False,True
s384,1508,0.3377,0.0192,0.531141,0.219607,0.416793,False,False,False,True
s384,1509,1.3696,1.0319,0.698833,0.219607,0.416793,True,False,False,True
s384,1510,0.5526,0.817,0.669587,0.219607,0.416793,False,True,False,True
s384,1511,0.3422,0.2104,0.604109,0.219607,0.416793,False,False,False,True
s384,1512,0.8193,0.4771,0.647147,0.219607,0.416793,True,True,False,True
s384,1513,0.6717,0.1476,0.652058,0.219607,0.416793,True,True,True,True
s384,1514,0.7336,0.0619,0.668366,0.219607,0.416793,True,True,True,True
s384,1515,0.2722,0.4614,0.589133,0.219607,0.416793,False,False,False,False
s384,1516,,,0.589133,0.219607,0.416793,False,False,False,False
s384,1517,,,0.589133,0.219607,0.416793,False,False,False,False
s384,1518,0.7434,,0.619986,0.219607,0.416793,True,False,False,False
s384,1519,,,0.619986,0.219607,0.416793,False,False,False,False
s384,1520,1.5351,,0.803009,0.219607,0.416793,True,True,False,False
s384,1521,0.8048,0.7303,0.803367,0.219607,0.416793,True,True,False,False
s384,1522,1.5976,0.7928,0.962214,0.219607,0.416793,True,True,True,False
s384,1523,0.9825,0.6151,0.966271,0.219607,0.416793,True,True,True,False
s384,1524,0.3256,0.6569,0.838137,0.219607,0.416793,False,False,False,False
s384,1525,1.1665,0.8409,0.903809,0.219607,0.416793,True,True,True,False
s384,1526,0.3703,0.7962,0.797108,0.219607,0.416793,False,False,False,False
s384,1527,0.2642,0.1061,0.690526,0.219607,0.416793,False,False,False,False
s384,1528,0.4061,0.1419,0.633641,0.219607,0.416793,False,False,False,False
s384,1529,0.6046,0.1985,0.627833,0.219607,0.416793,False,False,False,False
s384,1530,0.3332,0.2714,0.568906,0.219607,0.416793,False,False,False,False
s384,1531,0.5966,0.2634,0.574445,0.219607,0.416793,False,True,False,False
s384,1532,0.4457,0.1509,0.548696,0.219607,0.416793,False,False,False,False
s384,1533,,,0.548696,0.219607,0.416793,False,False,False,False
s384,1534,0.38,,0.514957,0.219607,0.416793,False,False,False,False
s384,1535,0.3181,0.0619,0.475585,0.219607,0.416793,False,False,False,False
s384,1536,1.019,0.7009,0.584268,0.219607,0.416793,True,False,False,False
s384,1537,0.2386,0.7804,0.515135,0.219607,0.416793,False,False,False,False
s384,1538,0.6535,0.4149,0.542808,0.219607,0.416793,True,True,False,False
s384,1539,1.2781,0.6246,0.689866,0.219607,0.416793,True,True,False,False
s384,1540,0.6294,0.6487,0.677773,0.219607,0.416793,True,True,True,False
s384,1541,0.3645,0.2649,0.615118,0.219607,0.416793,False,False,False,False
s384,1542,0.2991,0.0654,0.551915,0.219607,0.416793,False,False,False,False
s384,1543,0.33,0.0309,0.507532,0.219607,0.416793,False,False,False,False
s384,1544,0.3468,0.0168,0.475385,0.219607,0.416793,False,False,False,False
s384,1545,1.5237,1.1769,0.685048,0.219607,0.416793,True,False,False,False
s384,1546,0.3303,1.1934,0.614099,0.219607,0.416793,False,False,False,False
s384,1547,1.022,0.6917,0.695679,0.219607,0.416793,True,True,False,False
s384,1548,1.3719,0.3499,0.830923,0.219607,0.416793,True,True,False,False
s384,1549,0.8502,0.5217,0.834779,0.219607,0.416793,True,True,True,False
s384,1550,0.392,0.4582,0.746223,0.219607,0.416793,False,False,False,True
s384,1551,1.032,0.64,0.803378,0.219607,0.416793,True,True,True,True
s384,1552,0.7824,0.2496,0.799183,0.219607,0.416793,True,True,True,True
s384,1553,0.4543,0.3281,0.730206,0.219607,0.416793,False,False,True,True
s384,1554,1.4175,0.9632,0.867665,0.219607,0.416793,True,True,True,True
s384,1555,0.4522,0.9653,0.784572,0.219607,0.416793,False,False,True,True
s384,1556,1.7297,1.2775,0.973598,0.219607,0.416793,True,True,True,True
s384,1557,0.4934,1.2363,0.877558,0.219607,0.416793,False,False,True,True
s384,1558,0.4846,0.0088,0.798966,0.219607,0.416793,False,False,True,True
s384,1559,0.4634,0.0212,0.731853,0.219607,0.416793,False,False,True,True
s384,1560,0.5047,0.0413,0.686423,0.219607,0.416793,False,False,True,True
s384,1561,1.3483,0.8436,0.818798,0.219607,0.416793,True,False,True,True
s384,1562,0.7324,0.6159,0.801518,0.219607,0.416793,True,True,True,True
s384,1563,0.8399,0.1075,0.809195,0.219607,0.416793,True,True,True,True
s384,1564,0.5814,0.2585,0.763636,0.219607,0.416793,False,True,True,True
s384,1565,0.8544,0.273,0.781789,0.219607,0.416793,True,True,True,True
s384,1566,0.503,0.3514,0.726031,0.219607,0.416793,False,False,True,True
