feature,t,value,mr,ewma,ewma_lcl,ewma_ucl,r1,r2,r3,r4
s060,0,-1.7264,,0.39508,-3.5136,5.3645,False,False,False,False
s060,1,0.8073,2.5337,0.477524,-3.5136,5.3645,False,False,False,False
s060,2,23.8245,23.0172,5.14692,-3.5136,5.3645,True,False,False,False
s060,3,24.3791,0.5546,8.99336,-3.5136,5.3645,True,True,False,False
s060,4,-12.2945,36.6736,4.73578,-3.5136,5.3645,False,False,False,False
s060,5,28.2955,40.59,9.44773,-3.5136,5.3645,True,True,False,False
s060,6,2.1109,26.1846,7.98036,-3.5136,5.3645,False,False,False,False
s060,7,29.1309,27.02,12.2105,-3.5136,5.3645,True,True,False,False
s060,8,26.9791,2.1518,15.1642,-3.5136,5.3645,True,True,False,False
s060,9,28.3118,1.3327,17.7937,-3.5136,5.3645,True,True,True,False
s060,10,27.8373,0.4745,19.8024,-3.5136,5.3645,True,True,True,False
s060,11,25.0836,2.7537,20.8587,-3.5136,5.3645,True,True,True,False
s060,12,22.6227,2.4609,21.2115,-3.5136,5.3645,True,True,True,True
s060,13,-1.1927,23.8154,16.7306,-3.5136,5.3645,False,False,False,False
s060,14,17.6382,18.8309,16.9122,-3.5136,5.3645,True,True,True,False
s060,15,20.4209,2.7827,17.6139,-3.5136,5.3645,True,True,True,False
s060,16,-8.1182,28.5391,12.4675,-3.5136,5.3645,False,False,False,False
s060,17,-5.5327,2.5855,8.86744,-3.5136,5.3645,False,False,False,False
s060,18,0.4836,6.0163,7.19068,-3.5136,5.3645,False,False,False,False
s060,19,22.4736,21.99,10.2473,-3.5136,5.3645,True,False,False,False
s060,20,3.97,18.5036,8.99181,-3.5136,5.3645,False,False,False,False
s060,21,0.12,3.85,7.21745,-3.5136,5.3645,False,False,False,False
s060,22,-3.6564,3.7764,5.04268,-3.5136,5.3645,False,False,False,False
s060,23,18.3936,22.05,7.71286,-3.5136,5.3645,True,False,False,False
s060,24,15.3536,3.04,9.24101,-3.5136,5.3645,True,True,False,False
s060,25,2.9964,12.3572,7.99209,-3.5136,5.3645,False,False,False,False
s060,26,-6.9155,9.9119,5.01057,-3.5136,5.3645,False,False,False,False
s060,27,17.3873,24.3028,7.48592,-3.5136,5.3645,True,False,False,False
s060,28,13.1136,4.2737,8.61145,-3.5136,5.3645,False,True,False,False
s060,29,14.7073,1.5937,9.83062,-3.5136,5.3645,True,True,False,False
s060,30,29.5109,14.8036,13.7667,-3.5136,5.3645,True,True,True,False
s060,31,13.1482,16.3627,13.643,-3.5136,5.3645,False,True,True,False
s060,32,-3.3864,16.5346,10.2371,-3.5136,5.3645,False,False,False,False
s060,33,4.4036,7.79,9.0704,-3.5136,5.3645,False,False,False,False
s060,34,17.5473,13.1437,10.7658,-3.5136,5.3645,True,False,False,False
s060,35,-10.1245,27.6718,6.58773,-3.5136,5.3645,False,False,False,False
s060,36,13.9782,24.1027,8.06582,-3.5136,5.3645,False,True,False,False
s060,37,13.4891,0.4891,9.15048,-3.5136,5.3645,False,True,False,False
s060,38,24.9027,11.4136,12.3009,-3.5136,5.3645,True,True,True,False
s060,39,23.4736,1.4291,14.5355,-3.5136,5.3645,True,True,True,False
s060,40,15.1509,8.3227,14.6585,-3.5136,5.3645,True,True,True,False
s060,41,-2.6636,17.8145,11.1941,-3.5136,5.3645,False,False,False,False
s060,42,-2.4636,0.2,8.46257,-3.5136,5.3645,False,False,False,False
s060,43,19.3136,21.7772,10.6328,-3.5136,5.3645,True,False,False,False
s060,44,8.3045,11.0091,10.1671,-3.5136,5.3645,False,False,False,False
s060,45,5.03,3.2745,9.1397,-3.5136,5.3645,False,False,False,False
s060,46,12.0945,7.0645,9.73066,-3.5136,5.3645,False,False,False,False
s060,47,23.1373,11.0428,12.412,-3.5136,5.3645,True,True,True,False
s060,48,25.0382,1.9009,14.9372,-3.5136,5.3645,True,True,True,False
s060,49,23.3109,1.7273,16.612,-3.5136,5.3645,True,True,True,False
s060,50,23.9555,0.6446,18.0807,-3.5136,5.3645,True,True,True,True
s060,51,21.39,2.5655,18.7425,-3.5136,5.3645,True,True,True,True
s060,52,1.5882,19.8018,15.3117,-3.5136,5.3645,False,False,False,True
s060,53,0.6782,0.91,12.385,-3.5136,5.3645,False,False,False,False
s060,54,20.0455,19.3673,13.9171,-3.5136,5.3645,True,False,False,False
s060,55,21.8964,1.8509,15.5129,-3.5136,5.3645,True,True,False,False
s060,56,22.8809,0.9845,16.9865,-3.5136,5.3645,True,True,False,False
s060,57,2.5209,20.36,14.0934,-3.5136,5.3645,False,False,False,False
s060,58,15.9527,13.4318,14.4653,-3.5136,5.3645,True,True,True,False
s060,59,-1.6545,17.6072,11.2413,-3.5136,5.3645,False,False,False,False
s060,60,6.7391,8.3936,10.3409,-3.5136,5.3645,False,False,False,False
s060,61,13.8118,7.0727,11.0351,-3.5136,5.3645,False,False,False,False
s060,62,18.3209,4.5091,12.4922,-3.5136,5.3645,True,True,True,False
s060,63,16.4582,1.8627,13.2854,-3.5136,5.3645,True,True,True,False
s060,64,9.05,7.4082,12.4383,-3.5136,5.3645,False,False,True,False
s060,65,18.8309,9.7809,13.7168,-3.5136,5.3645,True,True,True,False
s060,66,18.2809,0.55,14.6297,-3.5136,5.3645,True,True,True,False
s060,67,19.8,1.5191,15.6637,-3.5136,5.3645,True,True,True,True
s060,68,11.6818,8.1182,14.8673,-3.5136,5.3645,False,True,True,True
s060,69,22.4345,10.7527,16.3808,-3.5136,5.3645,True,True,True,True
s060,70,17.1627,5.2718,16.5372,-3.5136,5.3645,True,True,True,True
s060,71,25.4573,8.2946,18.3212,-3.5136,5.3645,True,True,True,True
s060,72,20.5509,4.9064,18.7671,-3.5136,5.3645,True,True,True,True
s060,73,18.6827,1.8682,18.7502,-3.5136,5.3645,True,True,True,True
s060,74,25.4427,6.76,20.0887,-3.5136,5.3645,True,True,True,True
s060,75,17.6373,7.8054,19.5984,-3.5136,5.3645,True,True,True,True
s060,76,24.3509,6.7136,20.5489,-3.5136,5.3645,True,True,True,True
s060,77,12.0627,12.2882,18.8517,-3.5136,5.3645,False,True,True,True
s060,78,9.5227,2.54,16.9859,-3.5136,5.3645,False,False,True,True
s060,79,22.9245,13.4018,18.1736,-3.5136,5.3645,True,True,True,True
s060,80,9.3336,13.5909,16.4056,-3.5136,5.3645,False,False,True,True
s060,81,12.5391,3.2055,15.6323,-3.5136,5.3645,False,True,True,True
s060,82,12.4309,0.1082,14.992,-3.5136,5.3645,False,True,True,True
s060,83,28.6355,16.2046,17.7207,-3.5136,5.3645,True,True,True,True
s060,84,8.6927,19.9428,15.9151,-3.5136,5.3645,False,False,True,True
s060,85,-5.3055,13.9982,11.671,-3.5136,5.3645,False,False,False,False
s060,86,-8.7491,3.4436,7.58698,-3.5136,5.3645,False,False,False,False
s060,87,26.6582,35.4073,11.4012,-3.5136,5.3645,True,False,False,False
s060,88,28.7064,2.0482,14.8623,-3.5136,5.3645,True,True,False,False
s060,89,-8.2255,36.9319,10.2447,-3.5136,5.3645,False,False,False,False
s060,90,28.1191,36.3446,13.8196,-3.5136,5.3645,True,True,False,False
s060,91,8.6673,19.4518,12.7891,-3.5136,5.3645,False,False,True,False
s060,92,3.8509,4.8164,11.0015,-3.5136,5.3645,False,False,False,False
s060,93,-15.1964,19.0473,5.76191,-3.5136,5.3645,True,False,False,False
s060,94,-6.4836,8.7128,3.3128,-3.5136,5.3645,False,False,False,False
s060,95,-11.2182,4.7346,0.406603,-3.5136,5.3645,False,True,False,False
s060,96,11.5591,22.7773,2.6371,-3.5136,5.3645,False,False,False,False
s060,97,28.4227,16.8636,7.79422,-3.5136,5.3645,True,True,False,False
s060,98,24.4727,3.95,11.1299,-3.5136,5.3645,True,True,False,False
s060,99,5.1345,19.3382,9.93083,-3.5136,5.3645,False,False,False,False
s060,100,24.8064,19.6719,12.9059,-3.5136,5.3645,True,True,True,False
s060,101,27.6182,2.8118,15.8484,-3.5136,5.3645,True,True,True,False
s060,102,20.5864,7.0318,16.796,-3.5136,5.3645,True,True,True,False
s060,103,27.6655,7.0791,18.9699,-3.5136,5.3645,True,True,True,True
s060,104,29.0264,1.3609,20.9812,-3.5136,5.3645,True,True,True,True
s060,105,27.7364,1.29,22.3322,-3.5136,5.3645,True,True,True,True
s060,106,24.8282,2.9082,22.8314,-3.5136,5.3645,True,True,True,True
s060,107,24.6118,0.2164,23.1875,-3.5136,5.3645,True,True,True,True
s060,108,27.7155,3.1037,24.0931,-3.5136,5.3645,True,True,True,True
s060,109,23.7864,3.9291,24.0318,-3.5136,5.3645,True,True,True,True
s060,110,20.6,3.1864,23.3454,-3.5136,5.3645,True,True,True,True
s060,111,29.7509,9.1509,24.6265,-3.5136,5.3645,True,True,True,True
s060,112,23.9945,5.7564,24.5001,-3.5136,5.3645,True,True,True,True
s060,113,16.7909,7.2036,22.9583,-3.5136,5.3645,True,True,True,True
s060,114,18.5764,1.7855,22.0819,-3.5136,5.3645,True,True,True,True
s060,115,23.7136,5.1372,22.4082,-3.5136,5.3645,True,True,True,True
s060,116,24.2918,0.5782,22.7849,-3.5136,5.3645,True,True,True,True
s060,117,25.5127,1.2209,23.3305,-3.5136,5.3645,True,True,True,True
s060,118,26.7064,1.1937,24.0057,-3.5136,5.3645,True,True,True,True
s060,119,8.9136,17.7928,20.9873,-3.5136,5.3645,False,False,True,True
s060,120,8.9418,0.0282,18.5782,-3.5136,5.3645,False,False,True,True
s060,121,6.9918,1.95,16.2609,-3.5136,5.3645,False,False,True,True
s060,122,16.6036,9.6118,16.3294,-3.5136,5.3645,True,False,True,True
s060,123,16.5255,0.0781,16.3686,-3.5136,5.3645,True,True,True,True
s060,124,29.1918,12.6663,18.9333,-3.5136,5.3645,True,True,True,True
s060,125,10.08,19.1118,17.1626,-3.5136,5.3645,False,True,True,True
s060,126,3.9055,6.1745,14.5112,-3.5136,5.3645,False,False,False,True
s060,127,26.6527,22.7472,16.9395,-3.5136,5.3645,True,True,True,True
s060,128,17.6864,8.9663,17.0889,-3.5136,5.3645,True,True,True,True
s060,129,15.0182,2.6682,16.6747,-3.5136,5.3645,True,True,True,True
s060,130,15.7936,0.7754,16.4985,-3.5136,5.3645,True,True,True,True
s060,131,6.6636,9.13,14.5315,-3.5136,5.3645,False,False,True,True
s060,132,10.2109,3.5473,13.6674,-3.5136,5.3645,False,True,True,True
s060,133,-19.1518,29.3627,7.10356,-3.5136,5.3645,True,False,False,False
s060,134,22.2164,41.3682,10.1261,-3.5136,5.3645,True,True,True,False
s060,135,25.8364,3.62,13.2682,-3.5136,5.3645,True,True,True,False
s060,136,25.9591,0.1227,15.8064,-3.5136,5.3645,True,True,True,False
s060,137,23.8864,2.0727,17.4224,-3.5136,5.3645,True,True,True,False
s060,138,23.0364,0.85,18.5452,-3.5136,5.3645,True,True,True,False
s060,139,22.7418,0.2946,19.3845,-3.5136,5.3645,True,True,True,False
s060,140,-9.2836,32.0254,13.6509,-3.5136,5.3645,False,False,False,False
s060,141,-17.9336,8.65,7.33399,-3.5136,5.3645,True,True,False,False
s060,142,23.5609,41.4945,10.5794,-3.5136,5.3645,True,False,False,False
s060,143,-8.3127,31.8736,6.80096,-3.5136,5.3645,False,True,False,False
s060,144,5.3382,13.6509,6.5084,-3.5136,5.3645,False,False,False,False
s060,145,23.8745,18.5363,9.98162,-3.5136,5.3645,True,False,False,False
s060,146,27.3427,3.4682,13.4538,-3.5136,5.3645,True,True,False,False
s060,147,17.3018,10.0409,14.2234,-3.5136,5.3645,True,True,False,False
s060,148,26.2655,8.9637,16.6318,-3.5136,5.3645,True,True,True,False
s060,149,-21.2055,47.471,9.06438,-3.5136,5.3645,True,False,False,False
s060,150,-7.5382,13.6673,5.74386,-3.5136,5.3645,False,False,False,False
s060,151,4.3109,11.8491,5.45727,-3.5136,5.3645,False,False,False,False
s060,152,29.1164,24.8055,10.1891,-3.5136,5.3645,True,False,False,False
s060,153,15.8609,13.2555,11.3235,-3.5136,5.3645,True,True,False,False
s060,154,26.7745,10.9136,14.4137,-3.5136,5.3645,True,True,False,False
s060,155,-3.2509,30.0254,10.8808,-3.5136,5.3645,False,False,False,False
s060,156,0.2309,3.4818,8.75078,-3.5136,5.3645,False,False,False,False
s060,157,26.4509,26.22,12.2908,-3.5136,5.3645,True,False,False,False
s060,158,-12.1527,38.6036,7.4021,-3.5136,5.3645,False,False,False,False
s060,159,-1.5664,10.5863,5.6084,-3.5136,5.3645,False,False,False,False
s060,160,14.6455,16.2119,7.41582,-3.5136,5.3645,True,False,False,False
s060,161,9.6745,4.971,7.86756,-3.5136,5.3645,False,False,False,False
s060,162,9.8418,0.1673,8.26241,-3.5136,5.3645,False,True,False,False
s060,163,-5.8682,15.71,5.43629,-3.5136,5.3645,False,False,False,False
s060,164,-12.1373,6.2691,1.92157,-3.5136,5.3645,False,False,False,False
s060,165,12.8364,24.9737,4.10453,-3.5136,5.3645,False,False,False,False
s060,166,9.4982,3.3382,5.18327,-3.5136,5.3645,False,False,False,False
s060,167,2.5827,6.9155,4.66315,-3.5136,5.3645,False,False,False,False
s060,168,15.1073,12.5246,6.75198,-3.5136,5.3645,True,False,False,False
s060,169,4.4282,10.6791,6.28723,-3.5136,5.3645,False,False,False,False
s060,170,17.7927,13.3645,8.58832,-3.5136,5.3645,True,True,False,False
s060,171,22.7927,5,11.4292,-3.5136,5.3645,True,True,False,False
s060,172,4.6609,18.1318,10.0755,-3.5136,5.3645,False,False,False,True
s060,173,26.0509,21.39,13.2706,-3.5136,5.3645,True,True,False,True
s060,174,17.1673,8.8836,14.0499,-3.5136,5.3645,True,True,True,True
s060,175,27.7282,10.5609,16.7856,-3.5136,5.3645,True,True,True,True
s060,176,-13.1245,40.8527,10.8036,-3.5136,5.3645,True,False,False,False
s060,177,-10.8745,2.25,6.46796,-3.5136,5.3645,False,True,False,False
s060,178,-13.3573,2.4828,2.50291,-3.5136,5.3645,True,True,False,False
s060,179,-2.2809,11.0764,1.54615,-3.5136,5.3645,False,False,False,False
s060,180,4.9745,7.2554,2.23182,-3.5136,5.3645,False,False,False,False
s060,181,0.3764,4.5981,1.86073,-3.5136,5.3645,False,False,False,False
s060,182,27.4136,27.0372,6.97131,-3.5136,5.3645,True,False,False,False
s060,183,-10.1291,37.5427,3.55123,-3.5136,5.3645,False,False,False,False
s060,184,-11.4709,1.3418,0.546801,-3.5136,5.3645,False,True,False,False
s060,185,3.8964,15.3673,1.21672,-3.5136,5.3645,False,False,False,False
s060,186,12.8982,9.0018,3.55302,-3.5136,5.3645,False,False,False,False
s060,187,0.4836,12.4146,2.93913,-3.5136,5.3645,False,False,False,False
s060,188,12.3073,11.8237,4.81277,-3.5136,5.3645,False,True,False,False
s060,189,21.7573,9.45,8.20167,-3.5136,5.3645,True,True,False,False
s060,190,10.0236,11.7337,8.56606,-3.5136,5.3645,False,True,True,False
s060,191,8.0636,1.96,8.46557,-3.5136,5.3645,False,False,True,False
s060,192,2.0427,6.0209,7.18099,-3.5136,5.3645,False,False,False,False
s060,193,17.4,15.3573,9.22479,-3.5136,5.3645,True,False,True,False
s060,194,3.28,14.12,8.03584,-3.5136,5.3645,False,False,False,False
s060,195,9.2527,5.9727,8.27921,-3.5136,5.3645,False,False,False,True
s060,196,-17.3591,26.6118,3.15155,-3.5136,5.3645,True,False,False,False
s060,197,-9.4964,7.8627,0.621958,-3.5136,5.3645,False,True,False,False
s060,198,-7.9627,1.5337,-1.09497,-3.5136,5.3645,False,True,False,False
s060,199,1.1173,9.08,-0.652519,-3.5136,5.3645,False,False,False,False
s060,200,8.3918,7.2745,1.15634,-3.5136,5.3645,False,False,False,False
s060,201,-15.5318,23.9236,-2.18128,-3.5136,5.3645,True,False,False,False
s060,202,9.6564,25.1882,0.186253,-3.5136,5.3645,False,False,False,False
s060,203,13.7,4.0436,2.889,-3.5136,5.3645,False,False,False,False
s060,204,6.5191,7.1809,3.61502,-3.5136,5.3645,False,False,True,False
s060,205,5.3118,1.2073,3.95438,-3.5136,5.3645,False,False,False,False
s060,206,7.7745,2.4627,4.7184,-3.5136,5.3645,False,False,True,False
s060,207,23.9018,16.1273,8.55508,-3.5136,5.3645,True,False,True,False
s060,208,-0.3327,24.2345,6.77753,-3.5136,5.3645,False,False,False,False
s060,209,20.7782,21.1109,9.57766,-3.5136,5.3645,True,True,False,False
s060,210,24.26,3.4818,12.5141,-3.5136,5.3645,True,True,True,False
s060,211,6.7073,17.5527,11.3528,-3.5136,5.3645,False,False,True,False
s060,212,29.7264,23.0191,15.0275,-3.5136,5.3645,True,True,True,False
s060,213,11.4855,18.2409,14.3191,-3.5136,5.3645,False,True,True,False
s060,214,28.3127,16.8272,17.1178,-3.5136,5.3645,True,True,True,False
s060,215,13.7255,14.5872,16.4394,-3.5136,5.3645,False,True,True,False
s060,216,18.8673,5.1418,16.9249,-3.5136,5.3645,True,True,True,True
s060,217,5.5782,13.2891,14.6556,-3.5136,5.3645,False,False,True,True
s060,218,25.5282,19.95,16.8301,-3.5136,5.3645,True,True,True,True
s060,219,5.9945,19.5337,14.663,-3.5136,5.3645,False,False,True,True
s060,220,2.7764,3.2181,12.2857,-3.5136,5.3645,False,False,False,True
s060,221,2.6173,0.1591,10.352,-3.5136,5.3645,False,False,False,True
s060,222,20.8336,18.2163,12.4483,-3.5136,5.3645,True,False,False,True
s060,223,27.3,6.4664,15.4187,-3.5136,5.3645,True,True,False,True
s060,224,5.4191,21.8809,13.4187,-3.5136,5.3645,False,False,False,True
s060,225,5.9136,0.4945,11.9177,-3.5136,5.3645,False,False,True,True
s060,226,5.3782,0.5354,10.6098,-3.5136,5.3645,False,False,True,True
s060,227,-11.2309,16.6091,6.24167,-3.5136,5.3645,False,False,False,False
s060,228,-1.8473,9.3836,4.62388,-3.5136,5.3645,False,False,False,False
s060,229,25.43,27.2773,8.7851,-3.5136,5.3645,True,False,False,False
s060,230,15.4555,9.9745,10.1192,-3.5136,5.3645,True,True,False,False
s060,231,0.7582,14.6973,8.24698,-3.5136,5.3645,False,False,False,False
s060,232,-12.0473,12.8055,4.18813,-3.5136,5.3645,False,False,False,False
s060,233,-10.2673,1.78,1.29704,-3.5136,5.3645,False,True,False,False
s060,234,1.1591,11.4264,1.26945,-3.5136,5.3645,False,False,False,False
s060,235,-11.8245,12.9836,-1.34934,-3.5136,5.3645,False,True,False,False
s060,236,8.4236,20.2481,0.60525,-3.5136,5.3645,False,False,False,False
s060,237,18.6045,10.1809,4.2051,-3.5136,5.3645,True,False,False,False
s060,238,8.9764,9.6281,5.15936,-3.5136,5.3645,False,False,False,False
s060,239,0.7218,8.2546,4.27185,-3.5136,5.3645,False,False,False,False
s060,240,-1.42,2.1418,3.13348,-3.5136,5.3645,False,False,False,False
s060,241,9.2082,10.6282,4.34842,-3.5136,5.3645,False,False,False,False
s060,242,12.1609,2.9527,5.91092,-3.5136,5.3645,False,False,False,False
s060,243,8.5273,3.6336,6.43419,-3.5136,5.3645,False,False,False,False
s060,244,17.1745,8.6472,8.58226,-3.5136,5.3645,True,True,True,False
s060,245,5.7855,11.389,8.0229,-3.5136,5.3645,False,False,True,False
s060,246,14.4382,8.6527,9.30596,-3.5136,5.3645,True,True,True,False
s060,247,11.6964,2.7418,9.78405,-3.5136,5.3645,False,True,True,False
s060,248,18.0545,6.3581,11.4381,-3.5136,5.3645,True,True,True,True
s060,249,20.7055,2.651,13.2916,-3.5136,5.3645,True,True,True,True
s060,250,1.1273,19.5782,10.8588,-3.5136,5.3645,False,False,False,True
s060,251,16.4073,15.28,11.9685,-3.5136,5.3645,True,True,True,True
s060,252,5.4018,11.0055,10.6551,-3.5136,5.3645,False,False,True,True
s060,253,26.8609,21.4591,13.8963,-3.5136,5.3645,True,True,True,True
s060,254,23.7709,3.09,15.8712,-3.5136,5.3645,True,True,True,True
s060,255,-0.84,24.6109,12.529,-3.5136,5.3645,False,False,False,False
s060,256,25.4264,26.2664,15.1085,-3.5136,5.3645,True,True,True,False
s060,257,26.6136,1.1872,17.4095,-3.5136,5.3645,True,True,True,False
s060,258,-6.5391,33.1527,12.6198,-3.5136,5.3645,False,False,False,False
s060,259,0.1518,6.6909,10.1262,-3.5136,5.3645,False,False,False,False
s060,260,2.8245,2.6727,8.66584,-3.5136,5.3645,False,False,False,False
s060,261,12.1818,9.3573,9.36903,-3.5136,5.3645,False,False,False,False
s060,262,19.5609,7.3791,11.4074,-3.5136,5.3645,True,True,False,False
s060,263,-1.1609,20.7218,8.89374,-3.5136,5.3645,False,False,False,False
s060,264,18.63,19.7909,10.841,-3.5136,5.3645,True,True,False,False
s060,265,20.7118,2.0818,12.8152,-3.5136,5.3645,True,True,True,False
s060,266,-11.9682,32.68,7.85848,-3.5136,5.3645,False,False,False,False
s060,267,16.8445,28.8127,9.65569,-3.5136,5.3645,True,True,False,False
s060,268,14.0382,2.8063,10.5322,-3.5136,5.3645,False,True,True,False
s060,269,28.4009,14.3627,14.1059,-3.5136,5.3645,True,True,True,False
s060,270,22.1827,6.2182,15.7213,-3.5136,5.3645,True,True,True,False
s060,271,9.1882,12.9945,14.4147,-3.5136,5.3645,False,False,True,False
s060,272,1.5018,7.6864,11.8321,-3.5136,5.3645,False,False,False,False
s060,273,16.0155,14.5137,12.6688,-3.5136,5.3645,True,False,True,False
s060,274,2.5027,13.5128,10.6356,-3.5136,5.3645,False,False,False,True
s060,275,87.0391,84.5364,25.9163,-3.5136,5.3645,True,True,False,True
s060,276,0.7591,86.28,20.8848,-3.5136,5.3645,False,False,False,False
s060,277,9.8782,9.1191,18.6835,-3.5136,5.3645,False,True,False,False
s060,278,15.6791,5.8009,18.0826,-3.5136,5.3645,True,True,False,False
s060,279,16.2418,0.5627,17.7145,-3.5136,5.3645,True,True,True,False
s060,280,10.3745,5.8673,16.2465,-3.5136,5.3645,False,True,True,False
s060,281,2.5045,7.87,13.4981,-3.5136,5.3645,False,False,False,False
s060,282,24.14,21.6355,15.6265,-3.5136,5.3645,True,True,True,False
s060,283,23.7109,0.4291,17.2433,-3.5136,5.3645,True,True,True,False
s060,284,5.78,17.9309,14.9507,-3.5136,5.3645,False,False,True,True
s060,285,-0.18,5.96,11.9245,-3.5136,5.3645,False,False,False,False
s060,286,-8.6082,8.4282,7.81799,-3.5136,5.3645,False,False,False,False
s060,287,22.7173,31.3255,10.7979,-3.5136,5.3645,True,False,False,False
s060,288,20.0236,2.6937,12.643,-3.5136,5.3645,True,True,False,False
s060,289,17.9782,2.0454,13.71,-3.5136,5.3645,True,True,False,False
s060,290,17.7327,0.2455,14.5146,-3.5136,5.3645,True,True,True,False
s060,291,1.3718,16.3609,11.886,-3.5136,5.3645,False,False,False,False
s060,292,2.0373,0.6655,9.91628,-3.5136,5.3645,False,False,False,False
s060,293,1.4218,0.6155,8.21738,-3.5136,5.3645,False,False,False,False
s060,294,22.4382,21.0164,11.0615,-3.5136,5.3645,True,False,False,True
s060,295,14.9018,7.5364,11.8296,-3.5136,5.3645,True,True,False,True
s060,296,4.4391,10.4627,10.3515,-3.5136,5.3645,False,False,False,True
s060,297,-15.31,19.7491,5.2192,-3.5136,5.3645,True,False,False,False
s060,298,27.3227,42.6327,9.6399,-3.5136,5.3645,True,False,False,False
s060,299,2.78,24.5427,8.26792,-3.5136,5.3645,False,False,False,False
s060,300,18.1782,15.3982,10.25,-3.5136,5.3645,True,True,False,False
s060,301,22.3736,4.1954,12.6747,-3.5136,5.3645,True,True,False,False
s060,302,24.4791,2.1055,15.0356,-3.5136,5.3645,True,True,True,False
s060,303,20.7209,3.7582,16.1726,-3.5136,5.3645,True,True,True,False
s060,304,6.2045,14.5164,14.179,-3.5136,5.3645,False,False,True,False
s060,305,6.9082,0.7037,12.7249,-3.5136,5.3645,False,False,True,True
s060,306,23.2655,16.3573,14.833,-3.5136,5.3645,True,False,True,True
s060,307,-7.8309,31.0964,10.3002,-3.5136,5.3645,False,False,False,False
s060,308,0.5373,8.3682,8.34762,-3.5136,5.3645,False,False,False,False
s060,309,3.1136,2.5763,7.30082,-3.5136,5.3645,False,False,False,False
s060,310,25.1891,22.0755,10.8785,-3.5136,5.3645,True,False,False,False
s060,311,1.23,23.9591,8.94878,-3.5136,5.3645,False,False,False,False
s060,312,13.5955,12.3655,9.87812,-3.5136,5.3645,False,True,False,False
s060,313,-2.9273,16.5228,7.31704,-3.5136,5.3645,False,False,False,False
s060,314,13.3745,16.3018,8.52853,-3.5136,5.3645,False,True,False,False
s060,315,27.4627,14.0882,12.3154,-3.5136,5.3645,True,True,False,False
s060,316,4.9991,22.4636,10.8521,-3.5136,5.3645,False,False,False,False
s060,317,1.9145,3.0846,9.06459,-3.5136,5.3645,False,False,False,False
s060,318,9.5927,7.6782,9.17021,-3.5136,5.3645,False,False,False,False
s060,319,1.8182,7.7745,7.69981,-3.5136,5.3645,False,False,False,False
s060,320,22.6936,20.8754,10.6986,-3.5136,5.3645,True,False,False,False
s060,321,19.1027,3.5909,12.3794,-3.5136,5.3645,True,True,False,True
s060,322,3.3055,15.7972,10.5646,-3.5136,5.3645,False,False,False,True
s060,323,13.6809,10.3754,11.1879,-3.5136,5.3645,False,True,False,True
s060,324,26.9136,13.2327,14.333,-3.5136,5.3645,True,True,True,True
s060,325,0.1427,26.7709,11.495,-3.5136,5.3645,False,False,False,False
s060,326,14.75,14.6073,12.146,-3.5136,5.3645,True,True,False,False
s060,327,8.0955,6.6545,11.3359,-3.5136,5.3645,False,False,True,False
s060,328,0.8873,7.2082,9.24616,-3.5136,5.3645,False,False,False,False
s060,329,1.77,0.8827,7.75093,-3.5136,5.3645,False,False,False,False
s060,330,21.1082,19.3382,10.4224,-3.5136,5.3645,True,False,False,False
s060,331,4.6327,16.4755,9.26444,-3.5136,5.3645,False,False,False,False
s060,332,10.7709,6.1382,9.56574,-3.5136,5.3645,False,True,False,False
s060,333,4.4155,6.3554,8.53569,-3.5136,5.3645,False,False,False,False
s060,334,4.4091,0.0064,7.71037,-3.5136,5.3645,False,False,False,False
s060,335,-10.37,14.7791,4.0943,-3.5136,5.3645,False,False,False,False
s060,336,5.8091,16.1791,4.43726,-3.5136,5.3645,False,False,False,False
s060,337,2.0664,3.7427,3.96309,-3.5136,5.3645,False,False,False,False
s060,338,-0.2173,2.2837,3.12701,-3.5136,5.3645,False,False,False,False
s060,339,4.97,5.1873,3.49561,-3.5136,5.3645,False,False,False,False
s060,340,1.4036,3.5664,3.07721,-3.5136,5.3645,False,False,False,False
s060,341,2.9536,1.55,3.05248,-3.5136,5.3645,False,False,False,False
s060,342,-0.5691,3.5227,2.32817,-3.5136,5.3645,False,False,False,False
s060,343,5.8727,6.4418,3.03707,-3.5136,5.3645,False,False,False,False
s060,344,14.0673,8.1946,5.24312,-3.5136,5.3645,False,False,False,False
s060,345,-5.6018,19.6691,3.07414,-3.5136,5.3645,False,False,False,False
s060,346,2.0009,7.6027,2.85949,-3.5136,5.3645,False,False,False,False
s060,347,20.81,18.8091,6.44959,-3.5136,5.3645,True,False,False,False
s060,348,-5.9045,26.7145,3.97877,-3.5136,5.3645,False,False,False,False
s060,349,-0.3264,5.5781,3.11774,-3.5136,5.3645,False,False,False,False
s060,350,4.3055,4.6319,3.35529,-3.5136,5.3645,False,False,False,False
s060,351,5.0809,0.7754,3.70041,-3.5136,5.3645,False,False,False,False
s060,352,6.3364,1.2555,4.22761,-3.5136,5.3645,False,False,False,False
s060,353,3.1418,3.1946,4.01045,-3.5136,5.3645,False,False,False,False
s060,354,22.1027,18.9609,7.6289,-3.5136,5.3645,True,False,False,False
s060,355,-0.8891,22.9918,5.9253,-3.5136,5.3645,False,False,False,False
s060,356,-6.8555,5.9664,3.36914,-3.5136,5.3645,False,False,False,False
s060,357,2.1473,9.0028,3.12477,-3.5136,5.3645,False,False,False,False
s060,358,-8.4836,10.6309,0.803097,-3.5136,5.3645,False,False,False,False
s060,359,3.9382,12.4218,1.43012,-3.5136,5.3645,False,False,False,False
s060,360,-0.2618,4.2,1.09173,-3.5136,5.3645,False,False,False,False
s060,361,-2.7936,2.5318,0.314667,-3.5136,5.3645,False,False,False,False
s060,362,9.8518,12.6454,2.22209,-3.5136,5.3645,False,False,False,False
s060,363,3.8936,5.9582,2.5564,-3.5136,5.3645,False,False,False,False
s060,364,-5.9236,9.8172,0.860396,-3.5136,5.3645,False,False,False,False
s060,365,4.0991,10.0227,1.50814,-3.5136,5.3645,False,False,False,False
s060,366,6.3436,2.2445,2.47523,-3.5136,5.3645,False,False,False,False
s060,367,0.31,6.0336,2.04218,-3.5136,5.3645,False,False,False,False
s060,368,28.5145,28.2045,7.33665,-3.5136,5.3645,True,False,False,False
s060,369,4.0209,24.4936,6.6735,-3.5136,5.3645,False,False,False,False
s060,370,3.2182,0.8027,5.98244,-3.5136,5.3645,False,False,False,False
s060,371,14.3891,11.1709,7.66377,-3.5136,5.3645,True,False,False,False
s060,372,6.2455,8.1436,7.38012,-3.5136,5.3645,False,False,False,False
s060,373,3.7982,2.4473,6.66373,-3.5136,5.3645,False,False,False,False
s060,374,-1.9555,5.7537,4.93989,-3.5136,5.3645,False,False,False,False
s060,375,-10.6036,8.6481,1.83119,-3.5136,5.3645,False,False,False,False
s060,376,3.88,14.4836,2.24095,-3.5136,5.3645,False,False,False,False
s060,377,5.7945,1.9145,2.95166,-3.5136,5.3645,False,False,False,False
s060,378,0.8018,4.9927,2.52169,-3.5136,5.3645,False,False,False,False
s060,379,10.8955,10.0937,4.19645,-3.5136,5.3645,False,False,False,False
s060,380,15.2791,4.3836,6.41298,-3.5136,5.3645,True,True,False,False
s060,381,18.7173,3.4382,8.87384,-3.5136,5.3645,True,True,True,False
s060,382,3.3955,15.3218,7.77818,-3.5136,5.3645,False,False,False,False
s060,383,0.1227,3.2728,6.24708,-3.5136,5.3645,False,False,False,False
s060,384,3.5336,3.4109,5.70438,-3.5136,5.3645,False,False,False,False
s060,385,-5.3355,8.8691,3.49641,-3.5136,5.3645,False,False,False,False
s060,386,1.4355,6.771,3.08423,-3.5136,5.3645,False,False,False,False
s060,387,7.3918,5.9563,3.94574,-3.5136,5.3645,False,False,False,False
s060,388,4.8018,2.59,4.11695,-3.5136,5.3645,False,False,False,False
s060,389,-7.4155,12.2173,1.81046,-3.5136,5.3645,False,False,False,False
s060,390,0.0945,7.51,1.46727,-3.5136,5.3645,False,False,False,False
s060,391,8.9073,8.8128,2.95528,-3.5136,5.3645,False,False,False,False
s060,392,5.0473,3.86,3.37368,-3.5136,5.3645,False,False,False,False
s060,393,26.1536,21.1063,7.92966,-3.5136,5.3645,True,False,False,False
s060,394,-2.9973,29.1509,5.74427,-3.5136,5.3645,False,False,False,False
s060,395,-5.6473,2.65,3.46596,-3.5136,5.3645,False,False,False,False
s060,396,-1.2182,4.4291,2.52913,-3.5136,5.3645,False,False,False,False
s060,397,1.2264,2.4446,2.26858,-3.5136,5.3645,False,False,False,False
s060,398,2.8355,1.6091,2.38196,-3.5136,5.3645,False,False,False,False
s060,399,5.9073,3.0718,3.08703,-3.5136,5.3645,False,False,False,False
s060,400,4.5027,1.4046,3.37017,-3.5136,5.3645,False,False,False,False
s060,401,3.2591,1.2436,3.34795,-3.5136,5.3645,False,False,False,False
s060,402,4.1509,0.8918,3.50854,-3.5136,5.3645,False,False,False,False
s060,403,4.4564,0.3055,3.69811,-3.5136,5.3645,False,False,False,False
s060,404,0.4591,3.9973,3.05031,-3.5136,5.3645,False,False,False,False
s060,405,-1.0773,1.5364,2.22479,-3.5136,5.3645,False,False,False,False
s060,406,10.9955,12.0728,3.97893,-3.5136,5.3645,False,False,False,False
s060,407,2.0064,8.9891,3.58442,-3.5136,5.3645,False,False,False,False
s060,408,18.4,16.3936,6.54754,-3.5136,5.3645,True,True,False,False
s060,409,0.3036,18.0964,5.29875,-3.5136,5.3645,False,False,False,False
s060,410,22.7636,22.46,8.79172,-3.5136,5.3645,True,True,False,False
s060,411,6.1527,16.6109,8.26392,-3.5136,5.3645,False,False,False,False
s060,412,20.2627,14.11,10.6637,-3.5136,5.3645,True,True,True,False
s060,413,-3.09,23.3527,7.91294,-3.5136,5.3645,False,False,False,False
s060,414,1.9855,5.0755,6.72745,-3.5136,5.3645,False,False,False,False
s060,415,8.3018,6.3163,7.04232,-3.5136,5.3645,False,False,False,False
s060,416,2.9964,5.3054,6.23314,-3.5136,5.3645,False,False,False,False
s060,417,4.5645,1.5681,5.89941,-3.5136,5.3645,False,False,False,False
s060,418,1.14,3.4245,4.94753,-3.5136,5.3645,False,False,False,False
s060,419,8.8173,7.6773,5.72148,-3.5136,5.3645,False,False,False,False
s060,420,2.4345,6.3828,5.06409,-3.5136,5.3645,False,False,False,False
s060,421,-28.9882,31.4227,-1.74637,-3.5136,5.3645,True,False,False,False
s060,422,6.6,35.5882,-0.0770972,-3.5136,5.3645,False,False,False,False
s060,423,25.2736,18.6736,4.99304,-3.5136,5.3645,True,False,False,False
s060,424,-5.7182,30.9918,2.85079,-3.5136,5.3645,False,False,False,False
s060,425,-1.4345,4.2837,1.99374,-3.5136,5.3645,False,False,False,False
s060,426,-0.3327,1.1018,1.52845,-3.5136,5.3645,False,False,False,False
s060,427,0.5682,0.9009,1.3364,-3.5136,5.3645,False,False,False,False
s060,428,2.9518,2.3836,1.65948,-3.5136,5.3645,False,False,False,False
s060,429,7.7727,4.8209,2.88212,-3.5136,5.3645,False,False,False,False
s060,430,2.75,5.0227,2.8557,-3.5136,5.3645,False,False,False,False
s060,431,15.81,13.06,5.44656,-3.5136,5.3645,True,False,False,False
s060,432,3.4882,12.3218,5.05489,-3.5136,5.3645,False,False,False,False
s060,433,1.2673,2.2209,4.29737,-3.5136,5.3645,False,False,False,False
s060,434,4.7864,3.5191,4.39518,-3.5136,5.3645,False,False,False,False
s060,435,-8.3955,13.1819,1.83704,-3.5136,5.3645,False,False,False,False
s060,436,14.7345,23.13,4.41653,-3.5136,5.3645,True,False,False,False
s060,437,1.2209,13.5136,3.77741,-3.5136,5.3645,False,False,False,False
s060,438,1.0345,0.1864,3.22882,-3.5136,5.3645,False,False,False,False
s060,439,1.0636,0.0291,2.79578,-3.5136,5.3645,False,False,False,False
s060,440,1.6173,0.5537,2.56008,-3.5136,5.3645,False,False,False,False
s060,441,2.4173,0.8,2.53153,-3.5136,5.3645,False,False,False,False
s060,442,-7.1564,9.5737,0.593942,-3.5136,5.3645,False,False,False,False
s060,443,0.6991,7.8555,0.614973,-3.5136,5.3645,False,False,False,False
s060,444,2.5964,1.8973,1.01126,-3.5136,5.3645,False,False,False,False
s060,445,-0.4091,3.0055,0.727187,-3.5136,5.3645,False,False,False,False
s060,446,-5.0245,4.6154,-0.42315,-3.5136,5.3645,False,False,False,False
s060,447,-0.7236,4.3009,-0.48324,-3.5136,5.3645,False,False,False,False
s060,448,1.9482,2.6718,0.00304771,-3.5136,5.3645,False,False,False,False
s060,449,1.3255,0.6227,0.267538,-3.5136,5.3645,False,False,False,False
s060,450,-6.8627,8.1882,-1.15851,-3.5136,5.3645,False,False,False,False
s060,451,7.0591,13.9218,0.485012,-3.5136,5.3645,False,False,False,False
s060,452,2.2118,4.8473,0.83037,-3.5136,5.3645,False,False,False,False
s060,453,7.9373,5.7255,2.25176,-3.5136,5.3645,False,False,False,False
s060,454,0.8745,7.0628,1.9763,-3.5136,5.3645,False,False,False,False
s060,455,3.99,3.1155,2.37904,-3.5136,5.3645,False,False,False,False
s060,456,4.4455,0.4555,2.79234,-3.5136,5.3645,False,False,False,False
s060,457,168.145,163.7,35.863,-3.5136,5.3645,True,False,False,False
s060,458,-0.2845,168.43,28.6335,-3.5136,5.3645,False,False,False,False
s060,459,2.0609,2.3454,23.319,-3.5136,5.3645,False,False,False,False
s060,460,1.7373,0.3236,19.0026,-3.5136,5.3645,False,False,False,False
s060,461,3.1191,1.3818,15.8259,-3.5136,5.3645,False,False,False,False
s060,462,0.2818,2.8373,12.7171,-3.5136,5.3645,False,False,False,False
s060,463,4.06,3.7782,10.9857,-3.5136,5.3645,False,False,False,False
s060,464,-0.3182,4.3782,8.7249,-3.5136,5.3645,False,False,False,False
s060,465,-0.0636,0.2546,6.9672,-3.5136,5.3645,False,False,False,False
s060,466,36.3682,36.4318,12.8474,-3.5136,5.3645,True,False,False,False
s060,467,1.0291,35.3391,10.4837,-3.5136,5.3645,False,False,False,False
s060,468,1.9591,0.93,8.77881,-3.5136,5.3645,False,False,False,False
s060,469,1.6373,0.3218,7.35051,-3.5136,5.3645,False,False,False,False
s060,470,-1.2209,2.8582,5.63623,-3.5136,5.3645,False,False,False,False
s060,471,8.8445,10.0654,6.27788,-3.5136,5.3645,False,False,False,False
s060,472,-1.1255,9.97,4.79721,-3.5136,5.3645,False,False,False,False
s060,473,2.9409,4.0664,4.42594,-3.5136,5.3645,False,False,False,False
s060,474,-4.4845,7.4254,2.64386,-3.5136,5.3645,False,False,False,False
s060,475,8.1418,12.6263,3.74344,-3.5136,5.3645,False,False,False,False
s060,476,9.4864,1.3446,4.89204,-3.5136,5.3645,False,False,False,False
s060,477,-7.5073,16.9937,2.41217,-3.5136,5.3645,False,False,False,False
s060,478,3.8264,11.3337,2.69501,-3.5136,5.3645,False,False,False,False
s060,479,10.2355,6.4091,4.20311,-3.5136,5.3645,False,False,False,False
s060,480,1.0218,9.2137,3.56685,-3.5136,5.3645,False,False,False,False
s060,481,3.8664,2.8446,3.62676,-3.5136,5.3645,False,False,False,False
s060,482,-6.0545,9.9209,1.69051,-3.5136,5.3645,False,False,False,False
s060,483,2.8745,8.929,1.92731,-3.5136,5.3645,False,False,False,False
s060,484,-0.81,3.6845,1.37984,-3.5136,5.3645,False,False,False,False
s060,485,8.1445,8.9545,2.73278,-3.5136,5.3645,False,False,False,False
s060,486,11.4855,3.341,4.48332,-3.5136,5.3645,False,False,False,False
s060,487,1.4745,10.011,3.88156,-3.5136,5.3645,False,False,False,False
s060,488,2.0127,0.5382,3.50779,-3.5136,5.3645,False,False,False,False
s060,489,0.91,1.1027,2.98823,-3.5136,5.3645,False,False,False,False
s060,490,-1.5118,2.4218,2.08822,-3.5136,5.3645,False,False,False,False
s060,491,0.9091,2.4209,1.8524,-3.5136,5.3645,False,False,False,False
s060,492,0.6191,0.29,1.60574,-3.5136,5.3645,False,False,False,False
s060,493,3.3655,2.7464,1.95769,-3.5136,5.3645,False,False,False,False
s060,494,-2.63,5.9955,1.04015,-3.5136,5.3645,False,False,False,False
s060,495,1.0045,3.6345,1.03302,-3.5136,5.3645,False,False,False,False
s060,496,1.1527,0.1482,1.05696,-3.5136,5.3645,False,False,False,False
s060,497,0.2055,0.9472,0.886666,-3.5136,5.3645,False,False,False,False
s060,498,-3.8982,4.1037,-0.0703071,-3.5136,5.3645,False,False,False,False
s060,499,3.2764,7.1746,0.599034,-3.5136,5.3645,False,False,False,False
s060,500,-4.0373,7.3137,-0.328233,-3.5136,5.3645,False,False,False,False
s060,501,0.1618,4.1991,-0.230226,-3.5136,5.3645,False,False,False,False
s060,502,-3.9436,4.1054,-0.972901,-3.5136,5.3645,False,False,False,False
s060,503,-1.2518,2.6918,-1.02868,-3.5136,5.3645,False,False,False,False
s060,504,1.3664,2.6182,-0.549665,-3.5136,5.3645,False,False,False,False
s060,505,5.65,4.2836,0.690268,-3.5136,5.3645,False,False,False,False
s060,506,7.8264,2.1764,2.11749,-3.5136,5.3645,False,False,False,False
s060,507,-1.1927,9.0191,1.45546,-3.5136,5.3645,False,False,False,False
s060,508,5.4991,6.6918,2.26418,-3.5136,5.3645,False,False,False,False
s060,509,-0.0309,5.53,1.80517,-3.5136,5.3645,False,False,False,False
s060,510,0.5091,0.54,1.54595,-3.5136,5.3645,False,False,False,False
s060,511,,,1.54595,-3.5136,5.3645,False,False,False,False
s060,512,,,1.54595,-3.5136,5.3645,False,False,False,False
s060,513,0.5755,,1.35186,-3.5136,5.3645,False,False,False,False
s060,514,0.2573,0.3182,1.13295,-3.5136,5.3645,False,False,False,False
s060,515,9.2827,9.0254,2.7629,-3.5136,5.3645,False,False,False,False
s060,516,-1.0482,10.3309,2.00068,-3.5136,5.3645,False,False,False,False
s060,517,5.6309,6.6791,2.72672,-3.5136,5.3645,False,False,False,False
s060,518,13.3709,7.74,4.85556,-3.5136,5.3645,False,False,False,False
s060,519,5.1736,8.1973,4.91917,-3.5136,5.3645,False,False,False,False
s060,520,4.8373,0.3363,4.90279,-3.5136,5.3645,False,False,False,False
s060,521,6.3691,1.5318,5.19606,-3.5136,5.3645,False,False,False,False
s060,522,0.2818,6.0873,4.2132,-3.5136,5.3645,False,False,False,False
s060,523,-0.1745,0.4563,3.33566,-3.5136,5.3645,False,False,False,False
s060,524,-0.8964,0.7219,2.48925,-3.5136,5.3645,False,False,False,False
s060,525,7.0709,7.9673,3.40558,-3.5136,5.3645,False,False,False,False
s060,526,0.4545,6.6164,2.81536,-3.5136,5.3645,False,False,False,False
s060,527,2.2518,1.7973,2.70265,-3.5136,5.3645,False,False,False,False
s060,528,0.9991,1.2527,2.36194,-3.5136,5.3645,False,False,False,False
s060,529,2.3691,1.37,2.36337,-3.5136,5.3645,False,False,False,False
s060,530,3.43,1.0609,2.5767,-3.5136,5.3645,False,False,False,False
s060,531,2.3755,1.0545,2.53646,-3.5136,5.3645,False,False,False,False
s060,532,1.1682,1.2073,2.26281,-3.5136,5.3645,False,False,False,False
s060,533,0.1691,0.9991,1.84407,-3.5136,5.3645,False,False,False,False
s060,534,2.6491,2.48,2.00507,-3.5136,5.3645,False,False,False,False
s060,535,3.1382,0.4891,2.2317,-3.5136,5.3645,False,False,False,False
s060,536,4.4364,1.2982,2.67264,-3.5136,5.3645,False,False,False,False
s060,537,2.1045,2.3319,2.55901,-3.5136,5.3645,False,False,False,False
s060,538,3.9818,1.8773,2.84357,-3.5136,5.3645,False,False,False,False
s060,539,2.8182,1.1636,2.83849,-3.5136,5.3645,False,False,False,False
s060,540,-0.1209,2.9391,2.24662,-3.5136,5.3645,False,False,False,False
s060,541,1.1782,1.2991,2.03293,-3.5136,5.3645,False,False,False,False
s060,542,0.1664,1.0118,1.65963,-3.5136,5.3645,False,False,False,False
s060,543,4.92,4.7536,2.3117,-3.5136,5.3645,False,False,False,False
s060,544,-1.3227,6.2427,1.58482,-3.5136,5.3645,False,False,False,False
s060,545,-0.7845,0.5382,1.11096,-3.5136,5.3645,False,False,False,False
s060,546,0.2655,1.05,0.941865,-3.5136,5.3645,False,False,False,False
s060,547,-3.6855,3.951,0.0163922,-3.5136,5.3645,False,False,False,False
s060,548,-1.7609,1.9246,-0.339066,-3.5136,5.3645,False,False,False,False
s060,549,2.9691,4.73,0.322567,-3.5136,5.3645,False,False,False,False
s060,550,-1.7982,4.7673,-0.101586,-3.5136,5.3645,False,False,False,False
s060,551,-0.3736,1.4246,-0.155989,-3.5136,5.3645,False,False,False,False
s060,552,4.9073,5.2809,0.856669,-3.5136,5.3645,False,False,False,False
s060,553,1.49,3.4173,0.983335,-3.5136,5.3645,False,False,False,False
s060,554,3.2491,1.7591,1.43649,-3.5136,5.3645,False,False,False,False
s060,555,-1.0927,4.3418,0.93065,-3.5136,5.3645,False,False,False,False
s060,556,0.2536,1.3463,0.79524,-3.5136,5.3645,False,False,False,False
s060,557,-0.7036,0.9572,0.495472,-3.5136,5.3645,False,False,False,False
s060,558,3.73,4.4336,1.14238,-3.5136,5.3645,False,False,False,False
s060,559,-0.4173,4.1473,0.830442,-3.5136,5.3645,False,False,False,False
s060,560,1.4464,1.8637,0.953634,-3.5136,5.3645,False,False,False,False
s060,561,4.8364,3.39,1.73019,-3.5136,5.3645,False,False,False,False
s060,562,-2.6655,7.5019,0.85105,-3.5136,5.3645,False,False,False,False
s060,563,-0.3455,2.32,0.61174,-3.5136,5.3645,False,False,False,False
s060,564,-6.6055,6.26,-0.831708,-3.5136,5.3645,False,False,False,False
s060,565,-0.0191,6.5864,-0.669187,-3.5136,5.3645,False,False,False,False
s060,566,1.4845,1.5036,-0.238449,-3.5136,5.3645,False,False,False,False
s060,567,8.9864,7.5019,1.60652,-3.5136,5.3645,False,False,False,False
s060,568,-0.95,9.9364,1.09522,-3.5136,5.3645,False,False,False,False
s060,569,2.8618,3.8118,1.44853,-3.5136,5.3645,False,False,False,False
s060,570,-2.0764,4.9382,0.743547,-3.5136,5.3645,False,False,False,False
s060,571,3.36,5.4364,1.26684,-3.5136,5.3645,False,False,False,False
s060,572,4.0427,0.6827,1.82201,-3.5136,5.3645,False,False,False,False
s060,573,2.8618,1.1809,2.02997,-3.5136,5.3645,False,False,False,False
s060,574,-1.9909,4.8527,1.22579,-3.5136,5.3645,False,False,False,False
s060,575,0.7655,2.7564,1.13374,-3.5136,5.3645,False,False,False,False
s060,576,1.9245,1.159,1.29189,-3.5136,5.3645,False,False,False,False
s060,577,-0.1973,2.1218,0.994051,-3.5136,5.3645,False,False,False,False
s060,578,-1.9855,1.7882,0.398141,-3.5136,5.3645,False,False,False,False
s060,579,2.4718,4.4573,0.812872,-3.5136,5.3645,False,False,False,False
s060,580,3.7127,1.2409,1.39284,-3.5136,5.3645,False,False,False,False
s060,581,-0.66,4.3727,0.98227,-3.5136,5.3645,False,False,False,False
s060,582,-1.0573,0.3973,0.574356,-3.5136,5.3645,False,False,False,False
s060,583,11.2909,12.3482,2.71767,-3.5136,5.3645,False,False,False,False
s060,584,-1.9573,13.2482,1.78267,-3.5136,5.3645,False,False,False,False
s060,585,-0.4482,1.5091,1.3365,-3.5136,5.3645,False,False,False,False
s060,586,-3.9318,3.4836,0.282838,-3.5136,5.3645,False,False,False,False
s060,587,-2.3355,1.5963,-0.24083,-3.5136,5.3645,False,False,False,False
s060,588,-0.2173,2.1182,-0.236124,-3.5136,5.3645,False,False,False,False
s060,589,-0.6464,0.4291,-0.318179,-3.5136,5.3645,False,False,False,False
s060,590,7.24,7.8864,1.19346,-3.5136,5.3645,False,False,False,False
s060,591,-2.8818,10.1218,0.378406,-3.5136,5.3645,False,False,False,False
s060,592,-0.9409,1.9409,0.114544,-3.5136,5.3645,False,False,False,False
s060,593,2.2855,3.2264,0.548736,-3.5136,5.3645,False,False,False,False
s060,594,0.7227,1.5628,0.583528,-3.5136,5.3645,False,False,False,False
s060,595,4.9073,4.1846,1.44828,-3.5136,5.3645,False,False,False,False
s060,596,2.28,2.6273,1.61463,-3.5136,5.3645,False,False,False,False
s060,597,0.9518,1.3282,1.48206,-3.5136,5.3645,False,False,False,False
s060,598,1.2836,0.3318,1.44237,-3.5136,5.3645,False,False,False,False
s060,599,0.7064,0.5772,1.29518,-3.5136,5.3645,False,False,False,False
s060,600,2.6873,1.9809,1.5736,-3.5136,5.3645,False,False,False,False
s060,601,15.3073,12.62,4.32034,-3.5136,5.3645,True,False,False,False
s060,602,7.9755,7.3318,5.05137,-3.5136,5.3645,False,False,False,False
s060,603,-0.6591,8.6346,3.90928,-3.5136,5.3645,False,False,False,False
s060,604,-2.4609,1.8018,2.63524,-3.5136,5.3645,False,False,False,False
s060,605,1.8173,4.2782,2.47165,-3.5136,5.3645,False,False,False,False
s060,606,-1.1391,2.9564,1.7495,-3.5136,5.3645,False,False,False,False
s060,607,-4.1518,3.0127,0.569242,-3.5136,5.3645,False,False,False,False
s060,608,-0.6936,3.4582,0.316674,-3.5136,5.3645,False,False,False,False
s060,609,0.1891,0.8827,0.291159,-3.5136,5.3645,False,False,False,False
s060,610,2.39,2.2009,0.710927,-3.5136,5.3645,False,False,False,False
s060,611,-0.9127,3.3027,0.386202,-3.5136,5.3645,False,False,False,False
s060,612,0.9409,1.8536,0.497141,-3.5136,5.3645,False,False,False,False
s060,613,-2.0555,2.9964,-0.0133868,-3.5136,5.3645,False,False,False,False
s060,614,-3.1455,1.09,-0.639809,-3.5136,5.3645,False,False,False,False
s060,615,1.5445,4.69,-0.202948,-3.5136,5.3645,False,False,False,False
s060,616,1.4373,0.1072,0.125102,-3.5136,5.3645,False,False,False,False
s060,617,-6.0445,7.4818,-1.10882,-3.5136,5.3645,False,False,False,False
s060,618,1.3791,7.4236,-0.611235,-3.5136,5.3645,False,False,False,False
s060,619,-0.9618,2.3409,-0.681348,-3.5136,5.3645,False,False,False,False
s060,620,1.6073,2.5691,-0.223618,-3.5136,5.3645,False,False,False,False
s060,621,-2.5727,4.18,-0.693435,-3.5136,5.3645,False,False,False,False
s060,622,3.3918,5.9645,0.123612,-3.5136,5.3645,False,False,False,False
s060,623,-1.3773,4.7691,-0.17657,-3.5136,5.3645,False,False,False,False
s060,624,2.0336,3.4109,0.265464,-3.5136,5.3645,False,False,False,False
s060,625,1.5755,0.4581,0.527471,-3.5136,5.3645,False,False,False,False
s060,626,2.5336,0.9581,0.928697,-3.5136,5.3645,False,False,False,False
s060,627,-1.7327,4.2663,0.396418,-3.5136,5.3645,False,False,False,False
s060,628,-5.1655,3.4328,-0.715966,-3.5136,5.3645,False,False,False,False
s060,629,-5.0027,0.1628,-1.57331,-3.5136,5.3645,False,False,False,False
s060,630,-1.0082,3.9945,-1.46029,-3.5136,5.3645,False,False,False,False
s060,631,2.0591,3.0673,-0.756412,-3.5136,5.3645,False,False,False,False
s060,632,-0.17,2.2291,-0.63913,-3.5136,5.3645,False,False,False,False
s060,633,-1.8791,1.7091,-0.887124,-3.5136,5.3645,False,False,False,False
s060,634,53.6818,55.5609,10.0267,-3.5136,5.3645,True,False,False,False
s060,635,2.1145,51.5673,8.44423,-3.5136,5.3645,False,False,False,False
s060,636,-0.9918,3.1063,6.55702,-3.5136,5.3645,False,False,False,False
s060,637,-0.8045,0.1873,5.08472,-3.5136,5.3645,False,False,False,False
s060,638,0.5791,1.3836,4.18359,-3.5136,5.3645,False,False,False,False
s060,639,-4.8145,5.3936,2.38398,-3.5136,5.3645,False,False,False,False
s060,640,-0.0964,4.7181,1.8879,-3.5136,5.3645,False,False,False,False
s060,641,0.34,0.4364,1.57832,-3.5136,5.3645,False,False,False,False
s060,642,1.5127,1.1727,1.5652,-3.5136,5.3645,False,False,False,False
s060,643,-19.9927,21.5054,-2.74638,-3.5136,5.3645,True,False,False,False
s060,644,0.0855,20.0782,-2.18001,-3.5136,5.3645,False,False,False,False
s060,645,3.65,3.5645,-1.01401,-3.5136,5.3645,False,False,False,False
s060,646,5.1,1.45,0.208796,-3.5136,5.3645,False,False,False,False
s060,647,2.4673,2.6327,0.660497,-3.5136,5.3645,False,False,False,False
s060,648,-2.6673,5.1346,-0.00506258,-3.5136,5.3645,False,False,False,False
s060,649,3.8,6.4673,0.75595,-3.5136,5.3645,False,False,False,False
s060,650,0.3418,3.4582,0.67312,-3.5136,5.3645,False,False,False,False
s060,651,0.23,0.1118,0.584496,-3.5136,5.3645,False,False,False,False
s060,652,-0.7482,0.9782,0.317957,-3.5136,5.3645,False,False,False,False
s060,653,2.74,3.4882,0.802365,-3.5136,5.3645,False,False,False,False
s060,654,0.1491,2.5909,0.671712,-3.5136,5.3645,False,False,False,False
s060,655,1.4982,1.3491,0.83701,-3.5136,5.3645,False,False,False,False
s060,656,-0.3518,1.85,0.599248,-3.5136,5.3645,False,False,False,False
s060,657,1.7991,2.1509,0.839218,-3.5136,5.3645,False,False,False,False
s060,658,-1.71,3.5091,0.329375,-3.5136,5.3645,False,False,False,False
s060,659,2.1918,3.9018,0.70186,-3.5136,5.3645,False,False,False,False
s060,660,-0.2282,2.42,0.515848,-3.5136,5.3645,False,False,False,False
s060,661,-2.7427,2.5145,-0.135862,-3.5136,5.3645,False,False,False,False
s060,662,1.0336,3.7763,0.0980306,-3.5136,5.3645,False,False,False,False
s060,663,-1.2336,2.2672,-0.168296,-3.5136,5.3645,False,False,False,False
s060,664,3.9309,5.1645,0.651544,-3.5136,5.3645,False,False,False,False
s060,665,3.1845,0.7464,1.15813,-3.5136,5.3645,False,False,False,False
s060,666,3.5264,0.3419,1.63179,-3.5136,5.3645,False,False,False,False
s060,667,0.8764,2.65,1.48071,-3.5136,5.3645,False,False,False,False
s060,668,-1.9682,2.8446,0.790928,-3.5136,5.3645,False,False,False,False
s060,669,3.2964,5.2646,1.29202,-3.5136,5.3645,False,False,False,False
s060,670,4.3818,1.0854,1.90998,-3.5136,5.3645,False,False,False,False
s060,671,0.5082,3.8736,1.62962,-3.5136,5.3645,False,False,False,False
s060,672,0.4373,0.0709,1.39116,-3.5136,5.3645,False,False,False,False
s060,673,-0.6609,1.0982,0.980746,-3.5136,5.3645,False,False,False,False
s060,674,2.5055,3.1664,1.2857,-3.5136,5.3645,False,False,False,False
s060,675,0.4027,2.1028,1.1091,-3.5136,5.3645,False,False,False,False
s060,676,-1.2973,1.7,0.627818,-3.5136,5.3645,False,False,False,False
s060,677,4.4827,5.78,1.39879,-3.5136,5.3645,False,False,False,False
s060,678,0.3036,4.1791,1.17976,-3.5136,5.3645,False,False,False,False
s060,679,2.5718,2.2682,1.45816,-3.5136,5.3645,False,False,False,False
s060,680,-0.0555,2.6273,1.15543,-3.5136,5.3645,False,False,False,False
s060,681,-0.4455,0.39,0.835245,-3.5136,5.3645,False,False,False,False
s060,682,-1.1582,0.7127,0.436556,-3.5136,5.3645,False,False,False,False
s060,683,-0.4073,0.7509,0.267785,-3.5136,5.3645,False,False,False,False
s060,684,0.1155,0.5228,0.237328,-3.5136,5.3645,False,False,False,False
s060,685,-8.64,8.7555,-1.53814,-3.5136,5.3645,False,False,False,False
s060,686,3.19,11.83,-0.59251,-3.5136,5.3645,False,False,False,False
s060,687,-2.0836,5.2736,-0.890728,-3.5136,5.3645,False,False,False,False
s060,688,-1.1527,0.9309,-0.943122,-3.5136,5.3645,False,False,False,False
s060,689,2.99,4.1427,-0.156498,-3.5136,5.3645,False,False,False,False
s060,690,1.5582,1.4318,0.186442,-3.5136,5.3645,False,False,False,False
s060,691,-0.5464,2.1046,0.0398733,-3.5136,5.3645,False,False,False,False
s060,692,2.8618,3.4082,0.604259,-3.5136,5.3645,False,False,False,False
s060,693,-4.4482,7.31,-0.406233,-3.5136,5.3645,False,False,False,False
s060,694,2.43,6.8782,0.161014,-3.5136,5.3645,False,False,False,False
s060,695,1.17,1.26,0.362811,-3.5136,5.3645,False,False,False,False
s060,696,-1.93,3.1,-0.0957513,-3.5136,5.3645,False,False,False,False
s060,697,2.6373,4.5673,0.450859,-3.5136,5.3645,False,False,False,False
s060,698,3.4827,0.8454,1.05723,-3.5136,5.3645,False,False,False,False
s060,699,2.0173,1.4654,1.24924,-3.5136,5.3645,False,False,False,False
s060,700,1.5527,0.4646,1.30993,-3.5136,5.3645,False,False,False,False
s060,701,-8.6982,10.2509,-0.691693,-3.5136,5.3645,False,False,False,False
s060,702,-2.3391,6.3591,-1.02117,-3.5136,5.3645,False,False,False,False
s060,703,4.1782,6.5173,0.0187003,-3.5136,5.3645,False,False,False,False
s060,704,4.1455,0.0327,0.84406,-3.5136,5.3645,False,False,False,False
s060,705,4.0555,0.09,1.48635,-3.5136,5.3645,False,False,False,False
s060,706,1.54,2.5155,1.49708,-3.5136,5.3645,False,False,False,False
s060,707,2.8627,1.3227,1.7702,-3.5136,5.3645,False,False,False,False
s060,708,1.7755,1.0872,1.77126,-3.5136,5.3645,False,False,False,False
s060,709,16.6491,14.8736,4.74683,-3.5136,5.3645,True,False,False,False
s060,710,1.9255,14.7236,4.18256,-3.5136,5.3645,False,False,False,True
s060,711,-1.3727,3.2982,3.07151,-3.5136,5.3645,False,False,False,False
s060,712,2.6218,3.9945,2.98157,-3.5136,5.3645,False,False,False,False
s060,713,-0.7782,3.4,2.22962,-3.5136,5.3645,False,False,False,False
s060,714,-0.3918,0.3864,1.70533,-3.5136,5.3645,False,False,False,False
s060,715,-0.9691,0.5773,1.17045,-3.5136,5.3645,False,False,False,False
s060,716,5.0955,6.0646,1.95546,-3.5136,5.3645,False,False,False,False
s060,717,-1.1173,6.2128,1.34091,-3.5136,5.3645,False,False,False,False
s060,718,3.3364,4.4537,1.74,-3.5136,5.3645,False,False,False,False
s060,719,0.9827,2.3537,1.58854,-3.5136,5.3645,False,False,False,False
s060,720,-0.6727,1.6554,1.13629,-3.5136,5.3645,False,False,False,False
s060,721,-0.7891,0.1164,0.751216,-3.5136,5.3645,False,False,False,False
s060,722,1.7618,2.5509,0.953333,-3.5136,5.3645,False,False,False,False
s060,723,2.4582,0.6964,1.25431,-3.5136,5.3645,False,False,False,False
s060,724,2.9373,0.4791,1.5909,-3.5136,5.3645,False,False,False,False
s060,725,1.9491,0.9882,1.66254,-3.5136,5.3645,False,False,False,False
s060,726,-1.4191,3.3682,1.04622,-3.5136,5.3645,False,False,False,False
s060,727,0.2527,1.6718,0.887512,-3.5136,5.3645,False,False,False,False
s060,728,1.5927,1.34,1.02855,-3.5136,5.3645,False,False,False,False
s060,729,1.1845,0.4082,1.05974,-3.5136,5.3645,False,False,False,False
s060,730,-1.5764,2.7609,0.532512,-3.5136,5.3645,False,False,False,False
s060,731,-0.2718,1.3046,0.371649,-3.5136,5.3645,False,False,False,False
s060,732,-2.0291,1.7573,-0.1085,-3.5136,5.3645,False,False,False,False
s060,733,3.5355,5.5646,0.6203,-3.5136,5.3645,False,False,False,False
s060,734,0.8236,2.7119,0.66096,-3.5136,5.3645,False,False,False,False
s060,735,-2.5836,3.4072,0.0120478,-3.5136,5.3645,False,False,False,False
s060,736,3.4491,6.0327,0.699458,-3.5136,5.3645,False,False,False,False
s060,737,1.0518,2.3973,0.769927,-3.5136,5.3645,False,False,False,False
s060,738,3.4391,2.3873,1.30376,-3.5136,5.3645,False,False,False,False
s060,739,-1.89,5.3291,0.665009,-3.5136,5.3645,False,False,False,False
s060,740,1.1627,3.0527,0.764547,-3.5136,5.3645,False,False,False,False
s060,741,-0.3236,1.4863,0.546918,-3.5136,5.3645,False,False,False,False
s060,742,2.1645,2.4881,0.870434,-3.5136,5.3645,False,False,False,False
s060,743,-1.9891,4.1536,0.298527,-3.5136,5.3645,False,False,False,False
s060,744,-0.2482,1.7409,0.189182,-3.5136,5.3645,False,False,False,False
s060,745,-1.6436,1.3954,-0.177374,-3.5136,5.3645,False,False,False,False
s060,746,5.1773,6.8209,0.89356,-3.5136,5.3645,False,False,False,False
s060,747,5.8045,0.6272,1.87575,-3.5136,5.3645,False,False,False,False
s060,748,-2.3691,8.1736,1.02678,-3.5136,5.3645,False,False,False,False
s060,749,5.9491,8.3182,2.01124,-3.5136,5.3645,False,False,False,False
s060,750,5.4964,0.4527,2.70827,-3.5136,5.3645,False,False,False,False
s060,751,4.1464,1.35,2.9959,-3.5136,5.3645,False,False,False,False
s060,752,3.8164,0.33,3.16,-3.5136,5.3645,False,False,False,False
s060,753,2.7582,1.0582,3.07964,-3.5136,5.3645,False,False,False,False
s060,754,-3.0355,5.7937,1.85661,-3.5136,5.3645,False,False,False,False
s060,755,-1.0991,1.9364,1.26547,-3.5136,5.3645,False,False,False,False
s060,756,-0.9045,0.1946,0.831476,-3.5136,5.3645,False,False,False,False
s060,757,0.0282,0.9327,0.67082,-3.5136,5.3645,False,False,False,False
s060,758,-2.1173,2.1455,0.113196,-3.5136,5.3645,False,False,False,False
s060,759,-3.1518,1.0345,-0.539803,-3.5136,5.3645,False,False,False,False
s060,760,-1.4173,1.7345,-0.715302,-3.5136,5.3645,False,False,False,False
s060,761,0.8536,2.2709,-0.401522,-3.5136,5.3645,False,False,False,True
s060,762,-0.1391,0.9927,-0.349038,-3.5136,5.3645,False,False,False,True
s060,763,-1.9982,1.8591,-0.67887,-3.5136,5.3645,False,False,False,True
s060,764,0.5564,2.5546,-0.431816,-3.5136,5.3645,False,False,False,True
s060,765,-0.2418,0.7982,-0.393813,-3.5136,5.3645,False,False,False,True
s060,766,-1.7136,1.4718,-0.65777,-3.5136,5.3645,False,False,False,True
s060,767,-1.3073,0.4063,-0.787676,-3.5136,5.3645,False,False,False,True
s060,768,0.8827,2.19,-0.453601,-3.5136,5.3645,False,False,False,True
s060,769,3.2655,2.3828,0.290219,-3.5136,5.3645,False,False,False,False
s060,770,1.0673,2.1982,0.445635,-3.5136,5.3645,False,False,False,False
s060,771,-0.1773,1.2446,0.321048,-3.5136,5.3645,False,False,False,False
s060,772,3.0791,3.2564,0.872659,-3.5136,5.3645,False,False,False,False
s060,773,3.6664,0.5873,1.43141,-3.5136,5.3645,False,False,False,False
s060,774,4.0555,0.3891,1.95623,-3.5136,5.3645,False,False,False,False
s060,775,-3.2082,7.2637,0.92334,-3.5136,5.3645,False,False,False,False
s060,776,-2.1182,1.09,0.315032,-3.5136,5.3645,False,False,False,False
s060,777,0.4855,2.6037,0.349126,-3.5136,5.3645,False,False,False,False
s060,778,0.3391,0.1464,0.347121,-3.5136,5.3645,False,False,False,False
s060,779,1.4345,1.0954,0.564597,-3.5136,5.3645,False,False,False,False
s060,780,1.8164,0.3819,0.814957,-3.5136,5.3645,False,False,False,False
s060,781,0.56,1.2564,0.763966,-3.5136,5.3645,False,False,False,False
s060,782,-1.1427,1.7027,0.382633,-3.5136,5.3645,False,False,False,False
s060,783,5.4718,6.6145,1.40047,-3.5136,5.3645,False,False,False,False
s060,784,-4.6736,10.1454,0.185653,-3.5136,5.3645,False,False,False,False
s060,785,1.2691,5.9427,0.402342,-3.5136,5.3645,False,False,False,False
s060,786,1.6309,0.3618,0.648054,-3.5136,5.3645,False,False,False,False
s060,787,3.1382,1.5073,1.14608,-3.5136,5.3645,False,False,False,False
s060,788,1.91,1.2282,1.29887,-3.5136,5.3645,False,False,False,False
s060,789,4.3955,2.4855,1.91819,-3.5136,5.3645,False,False,False,False
s060,790,2.1173,2.2782,1.95801,-3.5136,5.3645,False,False,False,False
s060,791,2.3855,0.2682,2.04351,-3.5136,5.3645,False,False,False,False
s060,792,1.2882,1.0973,1.89245,-3.5136,5.3645,False,False,False,True
s060,793,3.9027,2.6145,2.2945,-3.5136,5.3645,False,False,False,True
s060,794,-2.5482,6.4509,1.32596,-3.5136,5.3645,False,False,False,False
s060,795,1.5218,4.07,1.36513,-3.5136,5.3645,False,False,False,False
s060,796,-0.8736,2.3954,0.917382,-3.5136,5.3645,False,False,False,False
s060,797,1.7073,2.5809,1.07537,-3.5136,5.3645,False,False,False,False
s060,798,2.1982,0.4909,1.29993,-3.5136,5.3645,False,False,False,False
s060,799,2.4218,0.2236,1.52431,-3.5136,5.3645,False,False,False,False
s060,800,4.9555,2.5337,2.21054,-3.5136,5.3645,False,False,False,False
s060,801,1.8709,3.0846,2.14262,-3.5136,5.3645,False,False,False,False
s060,802,0.7355,1.1354,1.86119,-3.5136,5.3645,False,False,False,False
s060,803,1.2809,0.5454,1.74513,-3.5136,5.3645,False,False,False,False
s060,804,5.5318,4.2509,2.50247,-3.5136,5.3645,False,False,False,False
s060,805,-3.1227,8.6545,1.37743,-3.5136,5.3645,False,False,False,False
s060,806,6.1855,9.3082,2.33905,-3.5136,5.3645,False,False,False,False
s060,807,1.9936,4.1919,2.26996,-3.5136,5.3645,False,False,False,False
s060,808,0.2436,1.75,1.86469,-3.5136,5.3645,False,False,False,False
s060,809,2.9073,2.6637,2.07321,-3.5136,5.3645,False,False,False,False
s060,810,0.3491,2.5582,1.72839,-3.5136,5.3645,False,False,False,False
s060,811,1.1136,0.7645,1.60543,-3.5136,5.3645,False,False,False,False
s060,812,1.3009,0.1873,1.54452,-3.5136,5.3645,False,False,False,False
s060,813,2.1918,0.8909,1.67398,-3.5136,5.3645,False,False,False,False
s060,814,,,1.67398,-3.5136,5.3645,False,False,False,False
s060,815,0.1809,,1.37536,-3.5136,5.3645,False,False,False,False
s060,816,0.7482,0.5673,1.24993,-3.5136,5.3645,False,False,False,False
s060,817,2.5491,1.8009,1.50976,-3.5136,5.3645,False,False,False,False
s060,818,-0.6645,3.2136,1.07491,-3.5136,5.3645,False,False,False,False
s060,819,6.1882,6.8527,2.09757,-3.5136,5.3645,False,False,False,False
s060,820,4.6209,1.5673,2.60224,-3.5136,5.3645,False,False,False,False
s060,821,3.0345,1.5864,2.68869,-3.5136,5.3645,False,False,False,False
s060,822,-4.2064,7.2409,1.30967,-3.5136,5.3645,False,False,False,False
s060,823,6.1727,10.3791,2.28228,-3.5136,5.3645,False,False,False,False
s060,824,7.3164,1.1437,3.2891,-3.5136,5.3645,False,False,False,False
s060,825,4.5918,2.7246,3.54964,-3.5136,5.3645,False,False,False,False
s060,826,3.2273,1.3645,3.48517,-3.5136,5.3645,False,False,False,False
s060,827,6.6827,3.4554,4.12468,-3.5136,5.3645,False,False,False,False
s060,828,-4.6636,11.3463,2.36702,-3.5136,5.3645,False,False,False,False
s060,829,2.4182,7.0818,2.37726,-3.5136,5.3645,False,False,False,False
s060,830,3.5945,1.1763,2.62071,-3.5136,5.3645,False,False,False,False
s060,831,4.6209,1.0264,3.02075,-3.5136,5.3645,False,False,False,False
s060,832,2.2336,2.3873,2.86332,-3.5136,5.3645,False,False,False,False
s060,833,5.2064,2.9728,3.33193,-3.5136,5.3645,False,False,False,False
s060,834,-0.5718,5.7782,2.55119,-3.5136,5.3645,False,False,False,False
s060,835,7.0273,7.5991,3.44641,-3.5136,5.3645,False,False,False,False
s060,836,2.1145,4.9128,3.18003,-3.5136,5.3645,False,False,False,False
s060,837,2.1973,0.0828,2.98348,-3.5136,5.3645,False,False,False,False
s060,838,4.9118,2.7145,3.36915,-3.5136,5.3645,False,False,False,False
s060,839,4.8127,0.0991,3.65786,-3.5136,5.3645,False,False,False,False
s060,840,4.4445,0.3682,3.81519,-3.5136,5.3645,False,False,False,False
s060,841,5.6155,1.171,4.17525,-3.5136,5.3645,False,False,False,False
s060,842,2.8136,2.8019,3.90292,-3.5136,5.3645,False,False,False,True
s060,843,3.9527,1.1391,3.91287,-3.5136,5.3645,False,False,False,True
s060,844,3.4482,0.5045,3.81994,-3.5136,5.3645,False,False,False,True
s060,845,1.3445,2.1037,3.32485,-3.5136,5.3645,False,False,False,True
s060,846,,,3.32485,-3.5136,5.3645,False,False,False,False
s060,847,0.9591,,2.8517,-3.5136,5.3645,False,False,False,False
s060,848,5.3191,4.36,3.34518,-3.5136,5.3645,False,False,False,False
s060,849,-2.1555,7.4746,2.24504,-3.5136,5.3645,False,False,False,False
s060,850,1.7627,3.9182,2.14858,-3.5136,5.3645,False,False,False,False
s060,851,1.9273,0.1646,2.10432,-3.5136,5.3645,False,False,False,False
s060,852,1.2327,0.6946,1.93,-3.5136,5.3645,False,False,False,False
s060,853,5.4209,4.1882,2.62818,-3.5136,5.3645,False,False,False,False
s060,854,5.0818,0.3391,3.1189,-3.5136,5.3645,False,False,False,False
s060,855,5.5109,0.4291,3.5973,-3.5136,5.3645,False,False,False,False
s060,856,-0.07,5.5809,2.86384,-3.5136,5.3645,False,False,False,False
s060,857,0.5609,0.6309,2.40325,-3.5136,5.3645,False,False,False,False
s060,858,5.5964,5.0355,3.04188,-3.5136,5.3645,False,False,False,False
s060,859,5.3973,0.1991,3.51297,-3.5136,5.3645,False,False,False,False
s060,860,2.3182,3.0791,3.27401,-3.5136,5.3645,False,False,False,False
s060,861,6.0773,3.7591,3.83467,-3.5136,5.3645,False,False,False,False
s060,862,4.3136,1.7637,3.93046,-3.5136,5.3645,False,False,False,False
s060,863,-2.3509,6.6645,2.67418,-3.5136,5.3645,False,False,False,False
s060,864,1.1618,3.5127,2.37171,-3.5136,5.3645,False,False,False,False
s060,865,0.5764,0.5854,2.01265,-3.5136,5.3645,False,False,False,False
s060,866,6.8491,6.2727,2.97994,-3.5136,5.3645,False,False,False,False
s060,867,-0.7245,7.5736,2.23905,-3.5136,5.3645,False,False,False,False
s060,868,-0.2227,0.5018,1.7467,-3.5136,5.3645,False,False,False,False
s060,869,5.9155,6.1382,2.58046,-3.5136,5.3645,False,False,False,False
s060,870,2.4209,3.4946,2.54855,-3.5136,5.3645,False,False,False,False
s060,871,13.5518,11.1309,4.7492,-3.5136,5.3645,False,False,False,False
s060,872,3.0945,10.4573,4.41826,-3.5136,5.3645,False,False,False,False
s060,873,-1.2336,4.3281,3.28789,-3.5136,5.3645,False,False,False,False
s060,874,4.4409,5.6745,3.51849,-3.5136,5.3645,False,False,False,False
s060,875,-4.6109,9.0518,1.89261,-3.5136,5.3645,False,False,False,False
s060,876,1.89,6.5009,1.89209,-3.5136,5.3645,False,False,False,False
s060,877,0.4527,1.4373,1.60421,-3.5136,5.3645,False,False,False,False
s060,878,-0.2036,0.6563,1.24265,-3.5136,5.3645,False,False,False,False
s060,879,-3.7536,3.55,0.243399,-3.5136,5.3645,False,False,False,False
s060,880,-3.9045,0.1509,-0.586181,-3.5136,5.3645,False,False,False,False
s060,881,-2.81,1.0945,-1.03094,-3.5136,5.3645,False,False,False,False
s060,882,-2.6109,0.1991,-1.34694,-3.5136,5.3645,False,False,False,False
s060,883,-2.6273,0.0164,-1.60301,-3.5136,5.3645,False,False,False,False
s060,884,5.4709,8.0982,-0.188227,-3.5136,5.3645,False,False,False,False
s060,885,0.5218,4.9491,-0.0462214,-3.5136,5.3645,False,False,False,False
s060,886,4.3982,3.8764,0.842663,-3.5136,5.3645,False,False,False,False
s060,887,0.5518,3.8464,0.78449,-3.5136,5.3645,False,False,False,False
s060,888,1.4418,0.89,0.915952,-3.5136,5.3645,False,False,False,False
s060,889,-2.5955,4.0373,0.213662,-3.5136,5.3645,False,False,False,False
s060,890,-4.9018,2.3063,-0.809431,-3.5136,5.3645,False,False,False,False
s060,891,0.7636,5.6654,-0.494824,-3.5136,5.3645,False,False,False,False
s060,892,-2.7845,3.5481,-0.95276,-3.5136,5.3645,False,False,False,False
s060,893,-2.4709,0.3136,-1.25639,-3.5136,5.3645,False,False,False,False
s060,894,-3.2718,0.8009,-1.65947,-3.5136,5.3645,False,False,False,False
s060,895,2.1136,5.3854,-0.904856,-3.5136,5.3645,False,False,False,False
s060,896,3.9291,1.8155,0.0619351,-3.5136,5.3645,False,False,False,False
s060,897,-0.5336,4.4627,-0.0571719,-3.5136,5.3645,False,False,False,False
s060,898,-1.1836,0.65,-0.282458,-3.5136,5.3645,False,False,False,False
s060,899,5.7945,6.9781,0.932934,-3.5136,5.3645,False,False,False,False
s060,900,-4.9682,10.7627,-0.247293,-3.5136,5.3645,False,False,False,False
s060,901,-0.9136,4.0546,-0.380554,-3.5136,5.3645,False,False,False,False
s060,902,-3.65,2.7364,-1.03444,-3.5136,5.3645,False,False,False,False
s060,903,-2.5345,1.1155,-1.33445,-3.5136,5.3645,False,False,False,False
s060,904,0.86,3.3945,-0.895564,-3.5136,5.3645,False,False,False,False
s060,905,-3.4991,4.3591,-1.41627,-3.5136,5.3645,False,False,False,False
s060,906,-5.2327,1.7336,-2.17956,-3.5136,5.3645,False,False,False,False
s060,907,-1.79,3.4427,-2.10165,-3.5136,5.3645,False,False,False,True
s060,908,1.0309,2.8209,-1.47514,-3.5136,5.3645,False,False,False,False
s060,909,-4.0109,5.0418,-1.98229,-3.5136,5.3645,False,False,False,False
s060,910,1.4727,5.4836,-1.29129,-3.5136,5.3645,False,False,False,False
s060,911,-1.2427,2.7154,-1.28157,-3.5136,5.3645,False,False,False,False
s060,912,2.4845,3.7272,-0.528358,-3.5136,5.3645,False,False,False,False
s060,913,0.79,1.6945,-0.264687,-3.5136,5.3645,False,False,False,False
s060,914,5.6618,4.8718,0.920611,-3.5136,5.3645,False,False,False,False
s060,915,-2.4345,8.0963,0.249588,-3.5136,5.3645,False,False,False,False
s060,916,-1.4027,1.0318,-0.0808692,-3.5136,5.3645,False,False,False,False
s060,917,-4.5936,3.1909,-0.983415,-3.5136,5.3645,False,False,False,False
s060,918,-0.3309,4.2627,-0.852912,-3.5136,5.3645,False,False,False,False
s060,919,2.6718,3.0027,-0.14797,-3.5136,5.3645,False,False,False,False
s060,920,4.9845,2.3127,0.878524,-3.5136,5.3645,False,False,False,False
s060,921,-3.4445,8.429,0.0139193,-3.5136,5.3645,False,False,False,False
s060,922,2.2855,5.73,0.468235,-3.5136,5.3645,False,False,False,False
s060,923,22.4673,20.1818,4.86805,-3.5136,5.3645,True,False,False,False
s060,924,6.5645,15.9028,5.20734,-3.5136,5.3645,False,False,False,False
s060,925,-4.6227,11.1872,3.24133,-3.5136,5.3645,False,False,False,False
s060,926,5.5455,10.1682,3.70216,-3.5136,5.3645,False,False,False,False
s060,927,-2.1518,7.6973,2.53137,-3.5136,5.3645,False,False,False,False
s060,928,6.25,8.4018,3.2751,-3.5136,5.3645,False,False,False,False
s060,929,3.2509,2.9991,3.27026,-3.5136,5.3645,False,False,False,False
s060,930,0.9909,2.26,2.81439,-3.5136,5.3645,False,False,False,False
s060,931,-3.8655,4.8564,1.47841,-3.5136,5.3645,False,False,False,False
s060,932,-0.75,3.1155,1.03273,-3.5136,5.3645,False,False,False,False
s060,933,0.2745,1.0245,0.881082,-3.5136,5.3645,False,False,False,False
s060,934,-5.9273,6.2018,-0.480595,-3.5136,5.3645,False,False,False,False
s060,935,-2.9209,3.0064,-0.968656,-3.5136,5.3645,False,False,False,False
s060,936,-3.74,0.8191,-1.52292,-3.5136,5.3645,False,False,False,False
s060,937,-0.0691,3.6709,-1.23216,-3.5136,5.3645,False,False,False,False
s060,938,5.1136,5.1827,0.0369923,-3.5136,5.3645,False,False,False,False
s060,939,1.7082,3.4054,0.371234,-3.5136,5.3645,False,False,False,False
s060,940,1.5555,0.1527,0.608087,-3.5136,5.3645,False,False,False,False
s060,941,1.3136,0.2419,0.74919,-3.5136,5.3645,False,False,False,False
s060,942,-1.0182,2.3318,0.395712,-3.5136,5.3645,False,False,False,False
s060,943,-0.9945,0.0237,0.117669,-3.5136,5.3645,False,False,False,False
s060,944,-0.9236,0.0709,-0.0905845,-3.5136,5.3645,False,False,False,False
s060,945,-0.6609,0.2627,-0.204648,-3.5136,5.3645,False,False,False,False
s060,946,-0.1918,0.4691,-0.202078,-3.5136,5.3645,False,False,False,False
s060,947,-2.2818,2.09,-0.618022,-3.5136,5.3645,False,False,False,False
s060,948,-5.9336,3.6518,-1.68114,-3.5136,5.3645,False,False,False,False
s060,949,5.7182,11.6518,-0.20127,-3.5136,5.3645,False,False,False,False
s060,950,-5.1255,10.8437,-1.18612,-3.5136,5.3645,False,False,False,False
s060,951,-2.1309,2.9946,-1.37507,-3.5136,5.3645,False,False,False,False
s060,952,0.42,2.5509,-1.01606,-3.5136,5.3645,False,False,False,False
s060,953,-1.1945,1.6145,-1.05175,-3.5136,5.3645,False,False,False,False
s060,954,-3.5291,2.3346,-1.54722,-3.5136,5.3645,False,False,False,False
s060,955,-3.4291,0.1,-1.92359,-3.5136,5.3645,False,False,False,False
s060,956,-2.1709,1.2582,-1.97306,-3.5136,5.3645,False,False,False,False
s060,957,-5.9573,3.7864,-2.7699,-3.5136,5.3645,False,False,False,True
s060,958,-1.0464,4.9109,-2.4252,-3.5136,5.3645,False,False,False,True
s060,959,4.2391,5.2855,-1.09234,-3.5136,5.3645,False,False,False,False
s060,960,-1.6873,5.9264,-1.21133,-3.5136,5.3645,False,False,False,False
s060,961,1.0145,2.7018,-0.766167,-3.5136,5.3645,False,False,False,False
s060,962,-0.8727,1.8872,-0.787474,-3.5136,5.3645,False,False,False,False
s060,963,-4.2364,3.3637,-1.47726,-3.5136,5.3645,False,False,False,False
s060,964,-5.1391,0.9027,-2.20963,-3.5136,5.3645,False,False,False,False
s060,965,1.54,6.6791,-1.4597,-3.5136,5.3645,False,False,False,False
s060,966,0.1082,1.4318,-1.14612,-3.5136,5.3645,False,False,False,False
s060,967,-1.67,1.7782,-1.2509,-3.5136,5.3645,False,False,False,False
s060,968,-4.89,3.22,-1.97872,-3.5136,5.3645,False,False,False,False
s060,969,-6.5282,1.6382,-2.88861,-3.5136,5.3645,False,False,False,False
s060,970,7.03,13.5582,-0.904891,-3.5136,5.3645,False,False,False,False
s060,971,-2.6355,9.6655,-1.25101,-3.5136,5.3645,False,False,False,False
s060,972,1.3936,4.0291,-0.72209,-3.5136,5.3645,False,False,False,False
s060,973,-3.7045,5.0981,-1.31857,-3.5136,5.3645,False,False,False,False
s060,974,-0.45,3.2545,-1.14486,-3.5136,5.3645,False,False,False,False
s060,975,-1.4564,1.0064,-1.20717,-3.5136,5.3645,False,False,False,False
s060,976,-2.6364,1.18,-1.49301,-3.5136,5.3645,False,False,False,False
s060,977,3.9818,6.6182,-0.39805,-3.5136,5.3645,False,False,False,False
s060,978,-4.2327,8.2145,-1.16498,-3.5136,5.3645,False,False,False,False
s060,979,-0.8045,3.4282,-1.09288,-3.5136,5.3645,False,False,False,False
s060,980,-0.0164,0.7881,-0.877587,-3.5136,5.3645,False,False,False,False
s060,981,0.7827,0.7991,-0.54553,-3.5136,5.3645,False,False,False,False
s060,982,-0.4409,1.2236,-0.524604,-3.5136,5.3645,False,False,False,False
s060,983,2.1136,2.5545,0.00303684,-3.5136,5.3645,False,False,False,False
s060,984,-1.66,3.7736,-0.329571,-3.5136,5.3645,False,False,False,False
s060,985,3.0982,4.7582,0.355984,-3.5136,5.3645,False,False,False,False
s060,986,1.4009,1.6973,0.564967,-3.5136,5.3645,False,False,False,False
s060,987,1.1855,0.2154,0.689073,-3.5136,5.3645,False,False,False,False
s060,988,-2.6655,3.851,0.0181588,-3.5136,5.3645,False,False,False,False
s060,989,-1.31,1.3555,-0.247473,-3.5136,5.3645,False,False,False,False
s060,990,-3.8836,2.5736,-0.974698,-3.5136,5.3645,False,False,False,False
s060,991,-1.5945,2.2891,-1.09866,-3.5136,5.3645,False,False,False,False
s060,992,-1.7155,0.121,-1.22203,-3.5136,5.3645,False,False,False,False
s060,993,-3.2882,1.5727,-1.63526,-3.5136,5.3645,False,False,False,False
s060,994,-2.9182,0.37,-1.89185,-3.5136,5.3645,False,False,False,False
s060,995,,,-1.89185,-3.5136,5.3645,False,False,False,False
s060,996,-3.0882,,-2.13112,-3.5136,5.3645,False,False,False,False
s060,997,-0.0045,3.0837,-1.7058,-3.5136,5.3645,False,False,False,False
s060,998,-5.8564,5.8519,-2.53592,-3.5136,5.3645,False,False,False,False
s060,999,3.9673,9.8237,-1.23527,-3.5136,5.3645,False,False,False,False
s060,1000,0.7,3.2673,-0.848219,-3.5136,5.3645,False,False,False,False
s060,1001,-6.6618,7.3618,-2.01093,-3.5136,5.3645,False,False,False,False
s060,1002,2.6345,9.2963,-1.08185,-3.5136,5.3645,False,False,False,False
s060,1003,-0.6327,3.2672,-0.992018,-3.5136,5.3645,False,False,False,False
s060,1004,-5.8818,5.2491,-1.96997,-3.5136,5.3645,False,False,False,False
s060,1005,-2.2636,3.6182,-2.0287,-3.5136,5.3645,False,False,False,False
s060,1006,0.7382,3.0018,-1.47532,-3.5136,5.3645,False,False,False,False
s060,1007,4.9082,4.17,-0.198616,-3.5136,5.3645,False,False,False,False
s060,1008,-1.1764,6.0846,-0.394173,-3.5136,5.3645,False,False,False,False
s060,1009,-3.1182,1.9418,-0.938978,-3.5136,5.3645,False,False,False,False
s060,1010,-2.5191,0.5991,-1.255,-3.5136,5.3645,False,False,False,False
s060,1011,-0.9,1.6191,-1.184,-3.5136,5.3645,False,False,False,False
s060,1012,2.23,3.13,-0.501202,-3.5136,5.3645,False,False,False,False
s060,1013,-1.0909,3.3209,-0.619141,-3.5136,5.3645,False,False,False,False
s060,1014,-6.0845,4.9936,-1.71221,-3.5136,5.3645,False,False,False,False
s060,1015,0.4382,6.5227,-1.28213,-3.5136,5.3645,False,False,False,False
s060,1016,2.6227,2.1845,-0.501164,-3.5136,5.3645,False,False,False,False
s060,1017,-6.3391,8.9618,-1.66875,-3.5136,5.3645,False,False,False,False
s060,1018,-2.67,3.6691,-1.869,-3.5136,5.3645,False,False,False,False
s060,1019,-2.3891,0.2809,-1.97302,-3.5136,5.3645,False,False,False,False
s060,1020,-3.9218,1.5327,-2.36278,-3.5136,5.3645,False,False,False,False
s060,1021,-5.52,1.5982,-2.99422,-3.5136,5.3645,False,False,False,False
s060,1022,-0.0636,5.4564,-2.4081,-3.5136,5.3645,False,False,False,False
s060,1023,-1.5991,1.5355,-2.2463,-3.5136,5.3645,False,False,False,False
s060,1024,-2.2191,0.62,-2.24086,-3.5136,5.3645,False,False,False,True
s060,1025,2.9864,5.2055,-1.19541,-3.5136,5.3645,False,False,False,False
s060,1026,0.2464,2.74,-0.907045,-3.5136,5.3645,False,False,False,False
s060,1027,0.7136,0.4672,-0.582916,-3.5136,5.3645,False,False,False,False
s060,1028,-3.9555,4.6691,-1.25743,-3.5136,5.3645,False,False,False,False
s060,1029,0.5609,4.5164,-0.893766,-3.5136,5.3645,False,False,False,False
s060,1030,-2.5682,3.1291,-1.22865,-3.5136,5.3645,False,False,False,False
s060,1031,-1.2991,1.2691,-1.24274,-3.5136,5.3645,False,False,False,False
s060,1032,-2.7282,1.4291,-1.53983,-3.5136,5.3645,False,False,False,False
s060,1033,-5.4691,2.7409,-2.32569,-3.5136,5.3645,False,False,False,True
s060,1034,-2.1,3.3691,-2.28055,-3.5136,5.3645,False,False,False,True
s060,1035,-1.9827,0.1173,-2.22098,-3.5136,5.3645,False,False,False,True
s060,1036,-1.0545,0.9282,-1.98768,-3.5136,5.3645,False,False,False,True
s060,1037,-3.2055,2.151,-2.23125,-3.5136,5.3645,False,False,False,True
s060,1038,1.4609,4.6664,-1.49282,-3.5136,5.3645,False,False,False,False
s060,1039,-3.1227,4.5836,-1.81879,-3.5136,5.3645,False,False,False,False
s060,1040,-3.7509,0.6282,-2.20522,-3.5136,5.3645,False,False,False,False
s060,1041,-3.2945,0.4564,-2.42307,-3.5136,5.3645,False,False,False,False
s060,1042,-1.56,1.7345,-2.25046,-3.5136,5.3645,False,False,False,False
s060,1043,-1.0409,0.5191,-2.00855,-3.5136,5.3645,False,False,False,False
s060,1044,-1.24,0.1991,-1.85484,-3.5136,5.3645,False,False,False,False
s060,1045,-4.4882,3.2482,-2.38151,-3.5136,5.3645,False,False,False,False
s060,1046,1.4409,5.9291,-1.61703,-3.5136,5.3645,False,False,False,False
s060,1047,-0.0509,1.4918,-1.3038,-3.5136,5.3645,False,False,False,False
s060,1048,1.7318,1.7827,-0.696682,-3.5136,5.3645,False,False,False,False
s060,1049,-0.2436,1.9754,-0.606065,-3.5136,5.3645,False,False,False,False
s060,1050,0.38,0.6236,-0.408852,-3.5136,5.3645,False,False,False,False
s060,1051,-2.1409,2.5209,-0.755262,-3.5136,5.3645,False,False,False,False
s060,1052,-2.0655,0.0754,-1.01731,-3.5136,5.3645,False,False,False,False
s060,1053,-4.3955,2.33,-1.69295,-3.5136,5.3645,False,False,False,False
s060,1054,-1.9291,2.4664,-1.74018,-3.5136,5.3645,False,False,False,False
s060,1055,-4.6591,2.73,-2.32396,-3.5136,5.3645,False,False,False,False
s060,1056,-0.5327,4.1264,-1.96571,-3.5136,5.3645,False,False,False,True
s060,1057,-1.0827,0.55,-1.78911,-3.5136,5.3645,False,False,False,True
s060,1058,-0.3727,0.71,-1.50583,-3.5136,5.3645,False,False,False,True
s060,1059,-1.0473,0.6746,-1.41412,-3.5136,5.3645,False,False,False,True
s060,1060,0.9736,2.0209,-0.936577,-3.5136,5.3645,False,False,False,False
s060,1061,-3.9509,4.9245,-1.53944,-3.5136,5.3645,False,False,False,False
s060,1062,1.0027,4.9536,-1.03101,-3.5136,5.3645,False,False,False,False
s060,1063,2.8109,1.8082,-0.262631,-3.5136,5.3645,False,False,False,False
s060,1064,-3.6145,6.4254,-0.933004,-3.5136,5.3645,False,False,False,False
s060,1065,-5.76,2.1455,-1.8984,-3.5136,5.3645,False,False,False,False
s060,1066,-1.6109,4.1491,-1.8409,-3.5136,5.3645,False,False,False,False
s060,1067,2.32,3.9309,-1.00872,-3.5136,5.3645,False,False,False,False
s060,1068,-1.2491,3.5691,-1.0568,-3.5136,5.3645,False,False,False,False
s060,1069,0.1873,1.4364,-0.807978,-3.5136,5.3645,False,False,False,False
s060,1070,4.8791,4.6918,0.329437,-3.5136,5.3645,False,False,False,False
s060,1071,-2.0209,6.9,-0.14063,-3.5136,5.3645,False,False,False,False
s060,1072,-0.7391,1.2818,-0.260324,-3.5136,5.3645,False,False,False,False
s060,1073,-2.8727,2.1336,-0.782799,-3.5136,5.3645,False,False,False,False
s060,1074,2.6036,5.4763,-0.105519,-3.5136,5.3645,False,False,False,False
s060,1075,-5.9418,8.5454,-1.27278,-3.5136,5.3645,False,False,False,False
s060,1076,-4.9891,0.9527,-2.01604,-3.5136,5.3645,False,False,False,False
s060,1077,-2.9718,2.0173,-2.20719,-3.5136,5.3645,False,False,False,False
s060,1078,-0.9364,2.0354,-1.95303,-3.5136,5.3645,False,False,False,False
s060,1079,1.1673,2.1037,-1.32897,-3.5136,5.3645,False,False,False,False
s060,1080,0.6009,0.5664,-0.942994,-3.5136,5.3645,False,False,False,False
s060,1081,2.6473,2.0464,-0.224935,-3.5136,5.3645,False,False,False,False
s060,1082,0.5364,2.1109,-0.072668,-3.5136,5.3645,False,False,False,False
s060,1083,-2.5036,3.04,-0.558854,-3.5136,5.3645,False,False,False,False
s060,1084,-0.6327,1.8709,-0.573623,-3.5136,5.3645,False,False,False,False
s060,1085,0.77,1.4027,-0.304899,-3.5136,5.3645,False,False,False,False
s060,1086,-3.1818,3.9518,-0.880279,-3.5136,5.3645,False,False,False,False
s060,1087,-0.8436,2.3382,-0.872943,-3.5136,5.3645,False,False,False,False
s060,1088,-2.2409,1.3973,-1.14653,-3.5136,5.3645,False,False,False,False
s060,1089,2.2982,4.5391,-0.457588,-3.5136,5.3645,False,False,False,False
s060,1090,-3.1255,5.4237,-0.99117,-3.5136,5.3645,False,False,False,False
s060,1091,-1.1727,1.9528,-1.02748,-3.5136,5.3645,False,False,False,False
s060,1092,1.2955,2.4682,-0.562881,-3.5136,5.3645,False,False,False,False
s060,1093,-2.9727,4.2682,-1.04484,-3.5136,5.3645,False,False,False,False
s060,1094,4.3955,7.3682,0.0432242,-3.5136,5.3645,False,False,False,False
s060,1095,-3.4964,7.8919,-0.664701,-3.5136,5.3645,False,False,False,False
s060,1096,-3.2155,0.2809,-1.17486,-3.5136,5.3645,False,False,False,False
s060,1097,2.0282,5.2437,-0.534248,-3.5136,5.3645,False,False,False,False
s060,1098,-3.6155,5.6437,-1.1505,-3.5136,5.3645,False,False,False,False
s060,1099,-4.1018,0.4863,-1.74076,-3.5136,5.3645,False,False,False,False
s060,1100,0.1982,4.3,-1.35297,-3.5136,5.3645,False,False,False,False
s060,1101,-5.9682,6.1664,-2.27601,-3.5136,5.3645,False,False,False,False
s060,1102,-1.4409,4.5273,-2.10899,-3.5136,5.3645,False,False,False,False
s060,1103,-2.6709,1.23,-2.22137,-3.5136,5.3645,False,False,False,False
s060,1104,0.0327,2.7036,-1.77056,-3.5136,5.3645,False,False,False,False
s060,1105,1.7018,1.6691,-1.07609,-3.5136,5.3645,False,False,False,False
s060,1106,-3.3455,5.0473,-1.52997,-3.5136,5.3645,False,False,False,False
s060,1107,-2.4373,0.9082,-1.71144,-3.5136,5.3645,False,False,False,False
s060,1108,-6.0455,3.6082,-2.57825,-3.5136,5.3645,False,False,False,False
s060,1109,-3.2255,2.82,-2.7077,-3.5136,5.3645,False,False,False,False
s060,1110,-9.1,5.8745,-3.98616,-3.5136,5.3645,False,False,False,False
s060,1111,2.2727,11.3727,-2.73439,-3.5136,5.3645,False,False,False,False
s060,1112,-0.9536,3.2263,-2.37823,-3.5136,5.3645,False,False,False,False
s060,1113,-2.5027,1.5491,-2.40312,-3.5136,5.3645,False,False,False,False
s060,1114,-3.8791,1.3764,-2.69832,-3.5136,5.3645,False,False,False,False
s060,1115,-6.6409,2.7618,-3.48684,-3.5136,5.3645,False,False,False,False
s060,1116,-5.6945,0.9464,-3.92837,-3.5136,5.3645,False,False,False,False
s060,1117,1.5927,7.2872,-2.82415,-3.5136,5.3645,False,False,False,False
s060,1118,-2.5345,4.1272,-2.76622,-3.5136,5.3645,False,False,False,False
s060,1119,-0.5955,1.939,-2.33208,-3.5136,5.3645,False,False,False,False
s060,1120,-4.7818,4.1863,-2.82202,-3.5136,5.3645,False,False,False,False
s060,1121,1.63,6.4118,-1.93162,-3.5136,5.3645,False,False,False,False
s060,1122,-0.4109,2.0409,-1.62747,-3.5136,5.3645,False,False,False,False
s060,1123,-2.9573,2.5464,-1.89344,-3.5136,5.3645,False,False,False,False
s060,1124,-0.2136,2.7437,-1.55747,-3.5136,5.3645,False,False,False,False
s060,1125,-1.6045,1.3909,-1.56688,-3.5136,5.3645,False,False,False,False
s060,1126,-0.0236,1.5809,-1.25822,-3.5136,5.3645,False,False,False,False
s060,1127,-0.0882,0.0646,-1.02422,-3.5136,5.3645,False,False,False,False
s060,1128,-0.5973,0.5091,-0.938834,-3.5136,5.3645,False,False,False,False
s060,1129,-0.4682,0.1291,-0.844707,-3.5136,5.3645,False,False,False,True
s060,1130,-4.7991,4.3309,-1.63559,-3.5136,5.3645,False,False,False,True
s060,1131,-0.0073,4.7918,-1.30993,-3.5136,5.3645,False,False,False,True
s060,1132,-2.5436,2.5363,-1.55666,-3.5136,5.3645,False,False,False,True
s060,1133,3.9982,6.5418,-0.44569,-3.5136,5.3645,False,False,False,False
s060,1134,-0.5745,4.5727,-0.471452,-3.5136,5.3645,False,False,False,False
s060,1135,-9.4318,8.8573,-2.26352,-3.5136,5.3645,False,False,False,False
s060,1136,1.47,10.9018,-1.51682,-3.5136,5.3645,False,False,False,False
s060,1137,3.1645,1.6945,-0.580554,-3.5136,5.3645,False,False,False,False
s060,1138,-0.8173,3.9818,-0.627903,-3.5136,5.3645,False,False,False,False
s060,1139,4.1655,4.9828,0.330777,-3.5136,5.3645,False,False,False,False
s060,1140,-4.15,8.3155,-0.565378,-3.5136,5.3645,False,False,False,False
s060,1141,3.2173,7.3673,0.191158,-3.5136,5.3645,False,False,False,False
s060,1142,-2.9355,6.1528,-0.434174,-3.5136,5.3645,False,False,False,False
s060,1143,-4.4927,1.5572,-1.24588,-3.5136,5.3645,False,False,False,False
s060,1144,-5.3318,0.8391,-2.06306,-3.5136,5.3645,False,False,False,False
s060,1145,-0.2627,5.0691,-1.70299,-3.5136,5.3645,False,False,False,False
s060,1146,-4.8382,4.5755,-2.33003,-3.5136,5.3645,False,False,False,False
s060,1147,-1.02,3.8182,-2.06803,-3.5136,5.3645,False,False,False,False
s060,1148,-0.5045,0.5155,-1.75532,-3.5136,5.3645,False,False,False,False
s060,1149,-0.1545,0.35,-1.43516,-3.5136,5.3645,False,False,False,True
s060,1150,-1.6864,1.5319,-1.48541,-3.5136,5.3645,False,False,False,True
s060,1151,-0.8218,0.8646,-1.35268,-3.5136,5.3645,False,False,False,True
s060,1152,1.6336,2.4554,-0.755427,-3.5136,5.3645,False,False,False,False
s060,1153,-1.4973,3.1309,-0.903802,-3.5136,5.3645,False,False,False,False
s060,1154,4.0809,5.5782,0.0931385,-3.5136,5.3645,False,False,False,False
s060,1155,2.8464,1.2345,0.643791,-3.5136,5.3645,False,False,False,False
s060,1156,3.6536,0.8072,1.24575,-3.5136,5.3645,False,False,False,False
s060,1157,-1.4355,5.0891,0.709502,-3.5136,5.3645,False,False,False,False
s060,1158,-0.7155,0.72,0.424502,-3.5136,5.3645,False,False,False,False
s060,1159,0.3209,1.0364,0.403781,-3.5136,5.3645,False,False,False,False
s060,1160,-4.4109,4.7318,-0.559155,-3.5136,5.3645,False,False,False,False
s060,1161,-5.7473,1.3364,-1.59678,-3.5136,5.3645,False,False,False,False
s060,1162,-0.0945,5.6528,-1.29633,-3.5136,5.3645,False,False,False,False
s060,1163,2.0909,2.1854,-0.618882,-3.5136,5.3645,False,False,False,False
s060,1164,-0.1464,2.2373,-0.524385,-3.5136,5.3645,False,False,False,False
s060,1165,1.1473,1.2937,-0.190048,-3.5136,5.3645,False,False,False,False
s060,1166,-1.9382,3.0855,-0.539679,-3.5136,5.3645,False,False,False,False
s060,1167,3.5436,5.4818,0.276977,-3.5136,5.3645,False,False,False,False
s060,1168,0.2073,3.3363,0.263042,-3.5136,5.3645,False,False,False,False
s060,1169,-0.1191,0.3264,0.186613,-3.5136,5.3645,False,False,False,False
s060,1170,-1.8827,1.7636,-0.227249,-3.5136,5.3645,False,False,False,False
s060,1171,3.3882,5.2709,0.495841,-3.5136,5.3645,False,False,False,False
s060,1172,4.5382,1.15,1.30431,-3.5136,5.3645,False,False,False,False
s060,1173,0.4982,4.04,1.14309,-3.5136,5.3645,False,False,False,False
s060,1174,4.0736,3.5754,1.72919,-3.5136,5.3645,False,False,False,False
s060,1175,1.4427,2.6309,1.67189,-3.5136,5.3645,False,False,False,False
s060,1176,1,0.4427,1.53751,-3.5136,5.3645,False,False,False,False
s060,1177,-0.95,1.95,1.04001,-3.5136,5.3645,False,False,False,False
s060,1178,-2.2364,1.2864,0.38473,-3.5136,5.3645,False,False,False,False
s060,1179,1.2236,3.46,0.552504,-3.5136,5.3645,False,False,False,False
s060,1180,1.3555,0.1319,0.713103,-3.5136,5.3645,False,False,False,False
s060,1181,0.59,0.7655,0.688482,-3.5136,5.3645,False,False,False,False
s060,1182,4.5355,3.9455,1.45789,-3.5136,5.3645,False,False,False,False
s060,1183,-2.3364,6.8719,0.699029,-3.5136,5.3645,False,False,False,False
s060,1184,-10.4455,8.1091,-1.52988,-3.5136,5.3645,False,False,False,False
s060,1185,-2.9491,7.4964,-1.81372,-3.5136,5.3645,False,False,False,False
s060,1186,0.4782,3.4273,-1.35534,-3.5136,5.3645,False,False,False,False
s060,1187,1.4055,0.9273,-0.80317,-3.5136,5.3645,False,False,False,False
s060,1188,-7.0082,8.4137,-2.04418,-3.5136,5.3645,False,False,False,False
s060,1189,1.9336,8.9418,-1.24862,-3.5136,5.3645,False,False,False,False
s060,1190,6.3491,4.4155,0.270923,-3.5136,5.3645,False,False,False,False
s060,1191,6.2755,0.0736,1.47184,-3.5136,5.3645,False,False,False,False
s060,1192,5.6364,0.6391,2.30475,-3.5136,5.3645,False,False,False,False
s060,1193,-3.7791,9.4155,1.08798,-3.5136,5.3645,False,False,False,False
s060,1194,-1.9482,1.8309,0.480745,-3.5136,5.3645,False,False,False,False
s060,1195,1.3282,3.2764,0.650236,-3.5136,5.3645,False,False,False,False
s060,1196,0.1536,1.1746,0.550909,-3.5136,5.3645,False,False,False,False
s060,1197,-1.3127,1.4663,0.178187,-3.5136,5.3645,False,False,False,False
s060,1198,-1.86,0.5473,-0.229451,-3.5136,5.3645,False,False,False,False
s060,1199,3.4318,5.2918,0.5028,-3.5136,5.3645,False,False,False,False
s060,1200,3.1764,0.2554,1.03752,-3.5136,5.3645,False,False,False,False
s060,1201,-2.3591,5.5355,0.358196,-3.5136,5.3645,False,False,False,False
s060,1202,2.3418,4.7009,0.754917,-3.5136,5.3645,False,False,False,False
s060,1203,-6.0255,8.3673,-0.601167,-3.5136,5.3645,False,False,False,False
s060,1204,0.1973,6.2228,-0.441473,-3.5136,5.3645,False,False,False,False
s060,1205,2.0673,1.87,0.0602813,-3.5136,5.3645,False,False,False,False
s060,1206,,,0.0602813,-3.5136,5.3645,False,False,False,False
s060,1207,0.2355,,0.095325,-3.5136,5.3645,False,False,False,False
s060,1208,-3.01,3.2455,-0.52574,-3.5136,5.3645,False,False,False,False
s060,1209,1.28,4.29,-0.164592,-3.5136,5.3645,False,False,False,False
s060,1210,2.2009,0.9209,0.308506,-3.5136,5.3645,False,False,False,False
s060,1211,-3.0055,5.2064,-0.354295,-3.5136,5.3645,False,False,False,False
s060,1212,-1.0982,1.9073,-0.503076,-3.5136,5.3645,False,False,False,False
s060,1213,-2.0309,0.9327,-0.808641,-3.5136,5.3645,False,False,False,False
s060,1214,-6.6464,4.6155,-1.97619,-3.5136,5.3645,False,False,False,False
s060,1215,-0.5455,6.1009,-1.69005,-3.5136,5.3645,False,False,False,False
s060,1216,-7.1518,6.6063,-2.7824,-3.5136,5.3645,False,False,False,False
s060,1217,-6.3845,0.7673,-3.50282,-3.5136,5.3645,False,False,False,False
s060,1218,-0.1545,6.23,-2.83316,-3.5136,5.3645,False,False,False,True
s060,1219,-1.4327,1.2782,-2.55307,-3.5136,5.3645,False,False,False,True
s060,1220,-5.65,4.2173,-3.17245,-3.5136,5.3645,False,False,False,True
s060,1221,0.6573,6.3073,-2.4065,-3.5136,5.3645,False,False,False,True
s060,1222,-1.9727,2.63,-2.31974,-3.5136,5.3645,False,False,False,True
s060,1223,5.0691,7.0418,-0.841974,-3.5136,5.3645,False,False,False,False
s060,1224,-0.5127,5.5818,-0.776119,-3.5136,5.3645,False,False,False,False
s060,1225,4.1591,4.6718,0.210925,-3.5136,5.3645,False,False,False,False
s060,1226,3.1373,1.0218,0.7962,-3.5136,5.3645,False,False,False,False
s060,1227,3.8682,0.7309,1.4106,-3.5136,5.3645,False,False,False,False
s060,1228,-5.4145,9.2827,0.0455799,-3.5136,5.3645,False,False,False,False
s060,1229,-0.6818,4.7327,-0.099896,-3.5136,5.3645,False,False,False,False
s060,1230,4.6891,5.3709,0.857903,-3.5136,5.3645,False,False,False,False
s060,1231,0.7736,3.9155,0.841043,-3.5136,5.3645,False,False,False,False
s060,1232,-0.7109,1.4845,0.530654,-3.5136,5.3645,False,False,False,False
s060,1233,3.1527,3.8636,1.05506,-3.5136,5.3645,False,False,False,False
s060,1234,,,1.05506,-3.5136,5.3645,False,False,False,False
s060,1235,-3.8864,,0.0667706,-3.5136,5.3645,False,False,False,False
s060,1236,-6.8764,2.99,-1.32186,-3.5136,5.3645,False,False,False,False
s060,1237,-0.3955,6.4809,-1.13659,-3.5136,5.3645,False,False,False,False
s060,1238,0.1364,0.5319,-0.881993,-3.5136,5.3645,False,False,False,False
s060,1239,0.5536,0.4172,-0.594874,-3.5136,5.3645,False,False,False,False
s060,1240,3.2573,2.7037,0.175561,-3.5136,5.3645,False,False,False,False
s060,1241,0.8527,2.4046,0.310989,-3.5136,5.3645,False,False,False,False
s060,1242,-5.7091,6.5618,-0.893029,-3.5136,5.3645,False,False,False,False
s060,1243,3.0718,8.7809,-0.100063,-3.5136,5.3645,False,False,False,False
s060,1244,4.9382,1.8664,0.907589,-3.5136,5.3645,False,False,False,False
s060,1245,2.8727,2.0655,1.30061,-3.5136,5.3645,False,False,False,False
s060,1246,-0.63,3.5027,0.914489,-3.5136,5.3645,False,False,False,False
s060,1247,-1.4355,0.8055,0.444491,-3.5136,5.3645,False,False,False,False
s060,1248,3.7136,5.1491,1.09831,-3.5136,5.3645,False,False,False,False
s060,1249,1.04,2.6736,1.08665,-3.5136,5.3645,False,False,False,False
s060,1250,-3.0909,4.1309,0.25114,-3.5136,5.3645,False,False,False,False
s060,1251,-1.41,1.6809,-0.0810877,-3.5136,5.3645,False,False,False,False
s060,1252,-0.0182,1.3918,-0.0685102,-3.5136,5.3645,False,False,False,False
s060,1253,2.9282,2.9464,0.530832,-3.5136,5.3645,False,False,False,False
s060,1254,3.8882,0.96,1.20231,-3.5136,5.3645,False,False,False,False
s060,1255,-3.5727,7.4609,0.247304,-3.5136,5.3645,False,False,False,False
s060,1256,0.1627,3.7354,0.230384,-3.5136,5.3645,False,False,False,False
s060,1257,1.7909,1.6282,0.542487,-3.5136,5.3645,False,False,False,False
s060,1258,-2.4818,4.2727,-0.0623705,-3.5136,5.3645,False,False,False,False
s060,1259,0.67,3.1518,0.0841036,-3.5136,5.3645,False,False,False,False
s060,1260,1.7273,1.0573,0.412743,-3.5136,5.3645,False,False,False,False
s060,1261,1.8609,0.1336,0.702374,-3.5136,5.3645,False,False,False,False
s060,1262,2.5055,0.6446,1.063,-3.5136,5.3645,False,False,False,False
s060,1263,1.9764,0.5291,1.24568,-3.5136,5.3645,False,False,False,False
s060,1264,3.3064,1.33,1.65782,-3.5136,5.3645,False,False,False,False
s060,1265,-2.1009,5.4073,0.906079,-3.5136,5.3645,False,False,False,False
s060,1266,0.7864,2.8873,0.882143,-3.5136,5.3645,False,False,False,False
s060,1267,0.9573,0.1709,0.897174,-3.5136,5.3645,False,False,False,False
s060,1268,0.2236,0.7337,0.76246,-3.5136,5.3645,False,False,False,False
s060,1269,3.4845,3.2609,1.30687,-3.5136,5.3645,False,False,False,False
s060,1270,-0.1891,3.6736,1.00767,-3.5136,5.3645,False,False,False,False
s060,1271,-5.55,5.3609,-0.303861,-3.5136,5.3645,False,False,False,False
s060,1272,0.7955,6.3455,-0.0839885,-3.5136,5.3645,False,False,False,False
s060,1273,1.5036,0.7081,0.233529,-3.5136,5.3645,False,False,False,False
s060,1274,-0.3445,1.8481,0.117923,-3.5136,5.3645,False,False,False,False
s060,1275,-7.1427,6.7982,-1.3342,-3.5136,5.3645,False,False,False,False
s060,1276,-4.72,2.4227,-2.01136,-3.5136,5.3645,False,False,False,False
s060,1277,0.9427,5.6627,-1.42055,-3.5136,5.3645,False,False,False,False
s060,1278,1.8782,0.9355,-0.760799,-3.5136,5.3645,False,False,False,False
s060,1279,-3.3427,5.2209,-1.27718,-3.5136,5.3645,False,False,False,False
s060,1280,0.6855,4.0282,-0.884643,-3.5136,5.3645,False,False,False,False
s060,1281,-3.6036,4.2891,-1.42843,-3.5136,5.3645,False,False,False,False
s060,1282,1.1991,4.8027,-0.902928,-3.5136,5.3645,False,False,False,False
s060,1283,1.5882,0.3891,-0.404702,-3.5136,5.3645,False,False,False,False
s060,1284,-6.0636,7.6518,-1.53648,-3.5136,5.3645,False,False,False,False
s060,1285,2.5855,8.6491,-0.712085,-3.5136,5.3645,False,False,False,False
s060,1286,-1.8809,4.4664,-0.945848,-3.5136,5.3645,False,False,False,False
s060,1287,-3.7773,1.8964,-1.51214,-3.5136,5.3645,False,False,False,False
s060,1288,-2.1464,1.6309,-1.63899,-3.5136,5.3645,False,False,False,False
s060,1289,0.8045,2.9509,-1.15029,-3.5136,5.3645,False,False,False,False
s060,1290,-1.3618,2.1663,-1.19259,-3.5136,5.3645,False,False,False,False
s060,1291,-3.1382,1.7764,-1.58172,-3.5136,5.3645,False,False,False,False
s060,1292,0.3245,3.4627,-1.20047,-3.5136,5.3645,False,False,False,False
s060,1293,-9.7682,10.0927,-2.91402,-3.5136,5.3645,False,False,False,True
s060,1294,2.6991,12.4673,-1.79139,-3.5136,5.3645,False,False,False,False
s060,1295,-3.7073,6.4064,-2.17458,-3.5136,5.3645,False,False,False,False
s060,1296,-2.6564,1.0509,-2.27094,-3.5136,5.3645,False,False,False,False
s060,1297,-7.87,5.2136,-3.39075,-3.5136,5.3645,False,False,False,False
s060,1298,-1.99,5.88,-3.1106,-3.5136,5.3645,False,False,False,False
s060,1299,-5.8855,3.8955,-3.66558,-3.5136,5.3645,False,False,False,False
s060,1300,4.3618,10.2473,-2.06011,-3.5136,5.3645,False,False,False,False
s060,1301,-7.6655,12.0273,-3.18118,-3.5136,5.3645,False,False,False,False
s060,1302,1.1655,8.831,-2.31185,-3.5136,5.3645,False,False,False,False
s060,1303,8.1455,6.98,-0.220378,-3.5136,5.3645,False,False,False,False
s060,1304,1.6482,6.4973,0.153338,-3.5136,5.3645,False,False,False,False
s060,1305,-1.4227,3.0709,-0.16187,-3.5136,5.3645,False,False,False,False
s060,1306,0.0955,1.5182,-0.110396,-3.5136,5.3645,False,False,False,False
s060,1307,7.1009,7.0054,1.33186,-3.5136,5.3645,False,False,False,False
s060,1308,1.5273,5.5736,1.37095,-3.5136,5.3645,False,False,False,False
s060,1309,1.8582,0.3309,1.4684,-3.5136,5.3645,False,False,False,False
s060,1310,0.2336,1.6246,1.22144,-3.5136,5.3645,False,False,False,False
s060,1311,1.0482,0.8146,1.18679,-3.5136,5.3645,False,False,False,False
s060,1312,-1.03,2.0782,0.743434,-3.5136,5.3645,False,False,False,False
s060,1313,-1.0445,0.0145,0.385847,-3.5136,5.3645,False,False,False,False
s060,1314,0.5982,1.6427,0.428318,-3.5136,5.3645,False,False,False,False
s060,1315,0.4264,0.1718,0.427934,-3.5136,5.3645,False,False,False,False
s060,1316,1.3255,0.8991,0.607447,-3.5136,5.3645,False,False,False,False
s060,1317,-3.4191,4.7446,-0.197862,-3.5136,5.3645,False,False,False,False
s060,1318,0.1773,3.5964,-0.12283,-3.5136,5.3645,False,False,False,False
s060,1319,-1.7336,1.9109,-0.444984,-3.5136,5.3645,False,False,False,False
s060,1320,-6.74,5.0064,-1.70399,-3.5136,5.3645,False,False,False,False
s060,1321,-3.1927,3.5473,-2.00173,-3.5136,5.3645,False,False,False,False
s060,1322,2.7927,5.9854,-1.04284,-3.5136,5.3645,False,False,False,False
s060,1323,3.64,0.8473,-0.106275,-3.5136,5.3645,False,False,False,False
s060,1324,1.0691,2.5709,0.1288,-3.5136,5.3645,False,False,False,False
s060,1325,-1.8736,2.9427,-0.27168,-3.5136,5.3645,False,False,False,False
s060,1326,5.7309,7.6045,0.928836,-3.5136,5.3645,False,False,False,False
s060,1327,-4.0527,9.7836,-0.0674712,-3.5136,5.3645,False,False,False,False
s060,1328,-2.5418,1.5109,-0.562337,-3.5136,5.3645,False,False,False,False
s060,1329,-6.6455,4.1037,-1.77897,-3.5136,5.3645,False,False,False,False
s060,1330,1.0518,7.6973,-1.21282,-3.5136,5.3645,False,False,False,False
s060,1331,-0.81,1.8618,-1.13225,-3.5136,5.3645,False,False,False,False
s060,1332,-5.1491,4.3391,-1.93562,-3.5136,5.3645,False,False,False,False
s060,1333,6.2636,11.4127,-0.295778,-3.5136,5.3645,False,False,False,False
s060,1334,-4.8873,11.1509,-1.21408,-3.5136,5.3645,False,False,False,False
s060,1335,-2.15,2.7373,-1.40127,-3.5136,5.3645,False,False,False,False
s060,1336,-1.97,0.18,-1.51501,-3.5136,5.3645,False,False,False,False
s060,1337,0.7,2.67,-1.07201,-3.5136,5.3645,False,False,False,False
s060,1338,-2.7136,3.4136,-1.40033,-3.5136,5.3645,False,False,False,False
s060,1339,-5.2427,2.5291,-2.1688,-3.5136,5.3645,False,False,False,False
s060,1340,-2.8055,2.4372,-2.29614,-3.5136,5.3645,False,False,False,False
s060,1341,-4.6582,1.8527,-2.76855,-3.5136,5.3645,False,False,False,True
s060,1342,-1.1455,3.5127,-2.44394,-3.5136,5.3645,False,False,False,True
s060,1343,3.1336,4.2791,-1.32843,-3.5136,5.3645,False,False,False,False
s060,1344,3.6809,0.5473,-0.326567,-3.5136,5.3645,False,False,False,False
s060,1345,5.17,1.4891,0.772746,-3.5136,5.3645,False,False,False,False
s060,1346,-1.2955,6.4655,0.359097,-3.5136,5.3645,False,False,False,False
s060,1347,3.8109,5.1064,1.04946,-3.5136,5.3645,False,False,False,False
s060,1348,2.0509,1.76,1.24975,-3.5136,5.3645,False,False,False,False
s060,1349,0.6327,1.4182,1.12634,-3.5136,5.3645,False,False,False,False
s060,1350,1.7036,1.0709,1.24179,-3.5136,5.3645,False,False,False,False
s060,1351,-1.7818,3.4854,0.637072,-3.5136,5.3645,False,False,False,False
s060,1352,-2.2373,0.4555,0.0621972,-3.5136,5.3645,False,False,False,False
s060,1353,-4.9627,2.7254,-0.942782,-3.5136,5.3645,False,False,False,False
s060,1354,-2.0327,2.93,-1.16077,-3.5136,5.3645,False,False,False,False
s060,1355,-1.8709,0.1618,-1.30279,-3.5136,5.3645,False,False,False,False
s060,1356,3.7555,5.6264,-0.291134,-3.5136,5.3645,False,False,False,False
s060,1357,-4.8609,8.6164,-1.20509,-3.5136,5.3645,False,False,False,False
s060,1358,-0.1145,4.7464,-0.98697,-3.5136,5.3645,False,False,False,False
s060,1359,-3.9255,3.811,-1.57468,-3.5136,5.3645,False,False,False,False
s060,1360,-3.54,0.3855,-1.96774,-3.5136,5.3645,False,False,False,False
s060,1361,-5.68,2.14,-2.71019,-3.5136,5.3645,False,False,True,False
s060,1362,2.4209,8.1009,-1.68397,-3.5136,5.3645,False,False,False,False
s060,1363,-0.3136,2.7345,-1.4099,-3.5136,5.3645,False,False,False,False
s060,1364,-0.0345,0.2791,-1.13482,-3.5136,5.3645,False,False,False,False
s060,1365,-1.2164,1.1819,-1.15114,-3.5136,5.3645,False,False,False,False
s060,1366,1.8109,3.0273,-0.558728,-3.5136,5.3645,False,False,False,False
s060,1367,1.2109,0.6,-0.204803,-3.5136,5.3645,False,False,False,False
s060,1368,-2.5945,3.8054,-0.682742,-3.5136,5.3645,False,False,False,False
s060,1369,-2.91,0.3155,-1.12819,-3.5136,5.3645,False,False,False,False
s060,1370,-3.6345,0.7245,-1.62945,-3.5136,5.3645,False,False,False,False
s060,1371,-3.2436,0.3909,-1.95228,-3.5136,5.3645,False,False,False,False
s060,1372,-3.9927,0.7491,-2.36037,-3.5136,5.3645,False,False,False,False
s060,1373,-2.3618,1.6309,-2.36065,-3.5136,5.3645,False,False,False,False
s060,1374,4.7282,7.09,-0.942883,-3.5136,5.3645,False,False,False,False
s060,1375,-3.1964,7.9246,-1.39359,-3.5136,5.3645,False,False,False,False
s060,1376,-1.5036,1.6928,-1.41559,-3.5136,5.3645,False,False,False,False
s060,1377,8.9964,10.5,0.666809,-3.5136,5.3645,False,False,False,False
s060,1378,-0.4109,9.4073,0.451267,-3.5136,5.3645,False,False,False,False
s060,1379,-6.5027,6.0918,-0.939526,-3.5136,5.3645,False,False,False,False
s060,1380,-3.7673,2.7354,-1.50508,-3.5136,5.3645,False,False,False,False
s060,1381,3.3691,7.1364,-0.530245,-3.5136,5.3645,False,False,False,False
s060,1382,1.3355,2.0336,-0.157096,-3.5136,5.3645,False,False,False,False
s060,1383,-3.4327,4.7682,-0.812217,-3.5136,5.3645,False,False,False,False
s060,1384,-3.8691,0.4364,-1.42359,-3.5136,5.3645,False,False,False,False
s060,1385,4.9336,8.8027,-0.152155,-3.5136,5.3645,False,False,False,False
s060,1386,1.1891,3.7445,0.116096,-3.5136,5.3645,False,False,False,False
s060,1387,-2.3109,3.5,-0.369303,-3.5136,5.3645,False,False,False,False
s060,1388,-3.0645,0.7536,-0.908342,-3.5136,5.3645,False,False,False,False
s060,1389,-1.99,1.0745,-1.12467,-3.5136,5.3645,False,False,False,False
s060,1390,3.1727,5.1627,-0.265199,-3.5136,5.3645,False,False,False,False
s060,1391,1.8318,1.3409,0.154201,-3.5136,5.3645,False,False,False,False
s060,1392,-4.9191,6.7509,-0.860459,-3.5136,5.3645,False,False,False,False
s060,1393,-2.3264,2.5927,-1.15365,-3.5136,5.3645,False,False,False,False
s060,1394,-6.2591,3.9327,-2.17474,-3.5136,5.3645,False,False,False,False
s060,1395,-0.4636,5.7955,-1.83251,-3.5136,5.3645,False,False,False,False
s060,1396,-0.28,0.1836,-1.52201,-3.5136,5.3645,False,False,False,False
s060,1397,4.7382,5.0182,-0.269967,-3.5136,5.3645,False,False,False,False
s060,1398,-6.4945,11.2327,-1.51487,-3.5136,5.3645,False,False,False,False
s060,1399,-3.9618,2.5327,-2.00426,-3.5136,5.3645,False,False,False,False
s060,1400,-2.49,1.4718,-2.10141,-3.5136,5.3645,False,False,False,False
s060,1401,-0.5345,1.9555,-1.78803,-3.5136,5.3645,False,False,False,False
s060,1402,-7.8145,7.28,-2.99332,-3.5136,5.3645,False,False,False,False
s060,1403,-2.9791,4.8354,-2.99048,-3.5136,5.3645,False,False,False,False
s060,1404,0.3173,3.2964,-2.32892,-3.5136,5.3645,False,False,False,False
s060,1405,-3.4618,3.7791,-2.5555,-3.5136,5.3645,False,False,False,True
s060,1406,-3.4391,0.0227,-2.73222,-3.5136,5.3645,False,False,False,True
s060,1407,-3.5573,0.1182,-2.89723,-3.5136,5.3645,False,False,False,True
s060,1408,2.6827,6.24,-1.78125,-3.5136,5.3645,False,False,False,False
s060,1409,1.7791,0.9036,-1.06918,-3.5136,5.3645,False,False,False,False
s060,1410,-1.4627,3.2418,-1.14788,-3.5136,5.3645,False,False,False,False
s060,1411,-5.4282,3.9655,-2.00395,-3.5136,5.3645,False,False,False,False
s060,1412,-1.4609,3.9673,-1.89534,-3.5136,5.3645,False,False,False,False
s060,1413,-4.8009,3.34,-2.47645,-3.5136,5.3645,False,False,False,False
s060,1414,-2.6682,2.1327,-2.5148,-3.5136,5.3645,False,False,False,False
s060,1415,-2.2582,0.41,-2.46348,-3.5136,5.3645,False,False,False,False
s060,1416,-1.8509,0.4073,-2.34096,-3.5136,5.3645,False,False,False,False
s060,1417,-1.97,0.1191,-2.26677,-3.5136,5.3645,False,False,False,True
s060,1418,-4.5718,2.6018,-2.72778,-3.5136,5.3645,False,False,False,True
s060,1419,-0.5655,4.0063,-2.29532,-3.5136,5.3645,False,False,False,True
s060,1420,-2.0991,1.5336,-2.25608,-3.5136,5.3645,False,False,False,True
s060,1421,-5.1618,3.0627,-2.83722,-3.5136,5.3645,False,False,False,True
s060,1422,1.7736,6.9354,-1.91506,-3.5136,5.3645,False,False,False,False
s060,1423,-0.3409,2.1145,-1.60023,-3.5136,5.3645,False,False,False,False
s060,1424,2.8236,3.1645,-0.715461,-3.5136,5.3645,False,False,False,False
s060,1425,3.6255,0.8019,0.152731,-3.5136,5.3645,False,False,False,False
s060,1426,0.2336,3.3919,0.168905,-3.5136,5.3645,False,False,False,False
s060,1427,-5.8273,6.0609,-1.03034,-3.5136,5.3645,False,False,False,False
s060,1428,-3.4873,2.34,-1.52173,-3.5136,5.3645,False,False,False,False
s060,1429,-5.3264,1.8391,-2.28266,-3.5136,5.3645,False,False,False,False
s060,1430,-2.1264,3.2,-2.25141,-3.5136,5.3645,False,False,False,False
s060,1431,-5.7373,3.6109,-2.94859,-3.5136,5.3645,False,False,False,False
s060,1432,0.2055,5.9428,-2.31777,-3.5136,5.3645,False,False,False,False
s060,1433,-2.8245,3.03,-2.41912,-3.5136,5.3645,False,False,False,True
s060,1434,-4.9336,2.1091,-2.92201,-3.5136,5.3645,False,False,False,True
s060,1435,3.1427,8.0763,-1.70907,-3.5136,5.3645,False,False,False,False
s060,1436,7.71,4.5673,0.174744,-3.5136,5.3645,False,False,False,False
s060,1437,-3.1827,10.8927,-0.496745,-3.5136,5.3645,False,False,False,False
s060,1438,-5.1645,1.9818,-1.4303,-3.5136,5.3645,False,False,False,False
s060,1439,-3.5064,1.6581,-1.84552,-3.5136,5.3645,False,False,False,False
s060,1440,-1.0455,2.4609,-1.68551,-3.5136,5.3645,False,False,False,False
s060,1441,-4.25,3.2045,-2.19841,-3.5136,5.3645,False,False,False,False
s060,1442,2.3091,6.5591,-1.29691,-3.5136,5.3645,False,False,False,False
s060,1443,-6.2473,8.5564,-2.28699,-3.5136,5.3645,False,False,False,False
s060,1444,-2.5027,3.7446,-2.33013,-3.5136,5.3645,False,False,False,False
s060,1445,4.1691,6.6718,-1.03028,-3.5136,5.3645,False,False,False,False
s060,1446,-0.4491,4.6182,-0.914047,-3.5136,5.3645,False,False,False,False
s060,1447,-2.1136,1.6645,-1.15396,-3.5136,5.3645,False,False,False,False
s060,1448,-0.7664,1.3472,-1.07645,-3.5136,5.3645,False,False,False,False
s060,1449,0.4345,1.2009,-0.774257,-3.5136,5.3645,False,False,False,False
s060,1450,2.9864,2.5519,-0.0221255,-3.5136,5.3645,False,False,False,False
s060,1451,-3.7245,6.7109,-0.7626,-3.5136,5.3645,False,False,False,False
s060,1452,-1.4782,2.2463,-0.90572,-3.5136,5.3645,False,False,False,False
s060,1453,0.2945,1.7727,-0.665676,-3.5136,5.3645,False,False,False,False
s060,1454,5.6155,5.321,0.590559,-3.5136,5.3645,False,False,False,False
s060,1455,5.5191,0.0964,1.57627,-3.5136,5.3645,False,False,False,False
s060,1456,2.2618,3.2573,1.71337,-3.5136,5.3645,False,False,False,False
s060,1457,2.3936,0.1318,1.84942,-3.5136,5.3645,False,False,False,False
s060,1458,-2.7973,5.1909,0.920075,-3.5136,5.3645,False,False,False,False
s060,1459,-0.0864,2.7109,0.71878,-3.5136,5.3645,False,False,False,False
s060,1460,-0.2491,0.1627,0.525204,-3.5136,5.3645,False,False,False,False
s060,1461,-1.7909,1.5418,0.0619833,-3.5136,5.3645,False,False,False,False
s060,1462,1.6018,3.3927,0.369947,-3.5136,5.3645,False,False,False,False
s060,1463,-2.8618,4.4636,-0.276403,-3.5136,5.3645,False,False,False,False
s060,1464,-10.68,7.8182,-2.35712,-3.5136,5.3645,False,False,False,False
s060,1465,-0.5591,10.1209,-1.99752,-3.5136,5.3645,False,False,False,False
s060,1466,-2.9609,2.4018,-2.19019,-3.5136,5.3645,False,False,False,False
s060,1467,1.4791,4.44,-1.45634,-3.5136,5.3645,False,False,False,False
s060,1468,1.2518,0.2273,-0.914708,-3.5136,5.3645,False,False,False,False
s060,1469,0.0064,1.2454,-0.730487,-3.5136,5.3645,False,False,False,False
s060,1470,2.1927,2.1863,-0.145849,-3.5136,5.3645,False,False,False,False
s060,1471,3.6664,1.4737,0.616601,-3.5136,5.3645,False,False,False,False
s060,1472,1.4845,2.1819,0.79018,-3.5136,5.3645,False,False,False,False
s060,1473,-5.0355,6.52,-0.374956,-3.5136,5.3645,False,False,False,False
s060,1474,-3.1427,1.8928,-0.928505,-3.5136,5.3645,False,False,False,False
s060,1475,-0.6236,2.5191,-0.867524,-3.5136,5.3645,False,False,False,False
s060,1476,-0.0445,0.5791,-0.702919,-3.5136,5.3645,False,False,False,False
s060,1477,-1.3327,1.2882,-0.828875,-3.5136,5.3645,False,False,False,False
s060,1478,2.6991,4.0318,-0.12328,-3.5136,5.3645,False,False,False,False
s060,1479,-2.5418,5.2409,-0.606984,-3.5136,5.3645,False,False,False,False
s060,1480,-1.1236,1.4182,-0.710307,-3.5136,5.3645,False,False,False,False
s060,1481,-0.9091,0.2145,-0.750066,-3.5136,5.3645,False,False,False,False
s060,1482,-1.7382,0.8291,-0.947693,-3.5136,5.3645,False,False,False,False
s060,1483,0.2327,1.9709,-0.711614,-3.5136,5.3645,False,False,False,False
s060,1484,-1.3018,1.5345,-0.829651,-3.5136,5.3645,False,False,False,False
s060,1485,-2.8845,1.5827,-1.24062,-3.5136,5.3645,False,False,False,False
s060,1486,-4.7682,1.8837,-1.94614,-3.5136,5.3645,False,False,False,True
s060,1487,3.3573,8.1255,-0.885449,-3.5136,5.3645,False,False,False,False
s060,1488,-2.6591,6.0164,-1.24018,-3.5136,5.3645,False,False,False,False
s060,1489,26.9709,29.63,4.40204,-3.5136,5.3645,True,False,False,False
s060,1490,0.6055,26.3654,3.64273,-3.5136,5.3645,False,False,False,False
s060,1491,4.7545,4.149,3.86508,-3.5136,5.3645,False,False,False,False
s060,1492,-0.2709,5.0254,3.03789,-3.5136,5.3645,False,False,False,False
s060,1493,-2.8555,2.5846,1.85921,-3.5136,5.3645,False,False,False,False
s060,1494,3.8873,6.7428,2.26483,-3.5136,5.3645,False,False,False,False
s060,1495,-3.2373,7.1246,1.1644,-3.5136,5.3645,False,False,False,False
s060,1496,-1.1627,2.0746,0.698982,-3.5136,5.3645,False,False,False,False
s060,1497,-0.7418,0.4209,0.410825,-3.5136,5.3645,False,False,False,False
s060,1498,-6.7227,5.9809,-1.01588,-3.5136,5.3645,False,False,False,False
s060,1499,0.4445,7.1672,-0.723804,-3.5136,5.3645,False,False,False,False
s060,1500,-1.5091,1.9536,-0.880863,-3.5136,5.3645,False,False,False,False
s060,1501,2.44,3.9491,-0.21669,-3.5136,5.3645,False,False,False,False
s060,1502,-3.45,5.89,-0.863352,-3.5136,5.3645,False,False,False,False
s060,1503,4.9209,8.3709,0.293498,-3.5136,5.3645,False,False,False,False
s060,1504,-4.6173,9.5382,-0.688662,-3.5136,5.3645,False,False,False,False
s060,1505,-1.65,2.9673,-0.880929,-3.5136,5.3645,False,False,False,False
s060,1506,-2.9818,1.3318,-1.3011,-3.5136,5.3645,False,False,False,False
s060,1507,2.0318,5.0136,-0.634523,-3.5136,5.3645,False,False,False,False
s060,1508,-0.2255,2.2573,-0.552718,-3.5136,5.3645,False,False,False,False
s060,1509,-2.0455,1.82,-0.851275,-3.5136,5.3645,False,False,False,False
s060,1510,0.9027,2.9482,-0.50048,-3.5136,5.3645,False,False,False,False
s060,1511,-4.8809,5.7836,-1.37656,-3.5136,5.3645,False,False,False,False
s060,1512,-3.88,1.0009,-1.87725,-3.5136,5.3645,False,False,False,False
s060,1513,4.7573,8.6373,-0.550341,-3.5136,5.3645,False,False,False,False
s060,1514,-0.6345,5.3918,-0.567173,-3.5136,5.3645,False,False,False,False
s060,1515,-4.7227,4.0882,-1.39828,-3.5136,5.3645,False,False,False,False
s060,1516,-5.0918,0.3691,-2.13698,-3.5136,5.3645,False,False,False,False
s060,1517,-2.0164,3.0754,-2.11287,-3.5136,5.3645,False,False,False,False
s060,1518,-0.3773,1.6391,-1.76575,-3.5136,5.3645,False,False,False,False
s060,1519,2.8691,3.2464,-0.838782,-3.5136,5.3645,False,False,False,False
s060,1520,-3.9073,6.7764,-1.45249,-3.5136,5.3645,False,False,False,False
s060,1521,-2.0718,1.8355,-1.57635,-3.5136,5.3645,False,False,False,False
s060,1522,1.3464,3.4182,-0.991799,-3.5136,5.3645,False,False,False,False
s060,1523,-1.8045,3.1509,-1.15434,-3.5136,5.3645,False,False,False,False
s060,1524,-4.4309,2.6264,-1.80965,-3.5136,5.3645,False,False,False,False
s060,1525,-2.1155,2.3154,-1.87082,-3.5136,5.3645,False,False,False,False
s060,1526,-3.6509,1.5354,-2.22684,-3.5136,5.3645,False,False,False,False
s060,1527,-2.5382,1.1127,-2.28911,-3.5136,5.3645,False,False,False,False
s060,1528,4.4209,6.9591,-0.947108,-3.5136,5.3645,False,False,False,False
s060,1529,0.5773,3.8436,-0.642226,-3.5136,5.3645,False,False,False,False
s060,1530,-0.1882,0.7655,-0.551421,-3.5136,5.3645,False,False,False,False
s060,1531,-2.2382,2.05,-0.888777,-3.5136,5.3645,False,False,False,False
s060,1532,-1.1655,1.0727,-0.944121,-3.5136,5.3645,False,False,False,False
s060,1533,-0.4527,0.7128,-0.845837,-3.5136,5.3645,False,False,False,False
s060,1534,-3.8991,3.4464,-1.45649,-3.5136,5.3645,False,False,False,False
s060,1535,1.5118,5.4109,-0.862832,-3.5136,5.3645,False,False,False,False
s060,1536,-2.3127,3.8245,-1.15281,-3.5136,5.3645,False,False,False,False
s060,1537,0.6482,2.9609,-0.792604,-3.5136,5.3645,False,False,False,False
s060,1538,-4.3518,5,-1.50444,-3.5136,5.3645,False,False,False,False
s060,1539,5.9282,10.28,-0.0179148,-3.5136,5.3645,False,False,False,False
s060,1540,5.6382,0.29,1.11331,-3.5136,5.3645,False,False,False,False
s060,1541,-3.1818,8.82,0.254287,-3.5136,5.3645,False,False,False,False
s060,1542,3.6809,6.8627,0.939609,-3.5136,5.3645,False,False,False,False
s060,1543,5.6627,1.9818,1.88423,-3.5136,5.3645,False,False,False,False
s060,1544,3.2882,2.3745,2.16502,-3.5136,5.3645,False,False,False,False
s060,1545,4.6964,1.4082,2.6713,-3.5136,5.3645,False,False,False,False
s060,1546,-2.4436,7.14,1.64832,-3.5136,5.3645,False,False,False,False
s060,1547,1.5645,4.0081,1.63155,-3.5136,5.3645,False,False,False,False
s060,1548,2.9545,1.39,1.89614,-3.5136,5.3645,False,False,False,False
s060,1549,-4.99,7.9445,0.518915,-3.5136,5.3645,False,False,False,False
s060,1550,3.0682,8.0582,1.02877,-3.5136,5.3645,False,False,False,False
s060,1551,2.9691,0.0991,1.41684,-3.5136,5.3645,False,False,False,False
s060,1552,2.3318,0.6373,1.59983,-3.5136,5.3645,False,False,False,False
s060,1553,2.8009,0.4691,1.84004,-3.5136,5.3645,False,False,False,False
s060,1554,1.5745,1.2264,1.78694,-3.5136,5.3645,False,False,False,False
s060,1555,-2.7673,4.3418,0.876088,-3.5136,5.3645,False,False,False,False
s060,1556,-2.3109,0.4564,0.238691,-3.5136,5.3645,False,False,False,False
s060,1557,0.0627,2.3736,0.203492,-3.5136,5.3645,False,False,False,False
s060,1558,5.9345,5.8718,1.34969,-3.5136,5.3645,False,False,False,False
s060,1559,-3.1909,9.1254,0.441575,-3.5136,5.3645,False,False,False,False
s060,1560,3.4827,6.6736,1.0498,-3.5136,5.3645,False,False,False,False
s060,1561,4.6227,1.14,1.76438,-3.5136,5.3645,False,False,False,False
s060,1562,2.8182,1.8045,1.97514,-3.5136,5.3645,False,False,False,False
s060,1563,-3.3555,6.1737,0.909015,-3.5136,5.3645,False,False,False,False
s060,1564,1.1664,4.5219,0.960492,-3.5136,5.3645,False,False,False,False
s060,1565,4.4682,3.3018,1.66203,-3.5136,5.3645,False,False,False,False
s060,1566,1.8718,2.5964,1.70399,-3.5136,5.3645,False,False,False,False
s060,1567,-1.13707,3.00887,1.13578,-3.5136,5.3645,False,False,False,False
s060,1568,-0.750146,0.386921,0.758592,-3.5136,5.3645,False,False,False,False
s060,1569,-0.726519,0.0236266,0.46157,-3.5136,5.3645,False,False,False,False
s060,1570,-3.32426,2.59774,-0.295597,-3.5136,5.3645,False,False,False,False
s060,1571,-5.34353,2.01927,-1.30518,-3.5136,5.3645,False,False,False,False
s060,1572,-0.512293,4.83124,-1.14661,-3.5136,5.3645,False,False,False,False
s060,1573,0.102748,0.615041,-0.896735,-3.5136,5.3645,False,False,False,False
s060,1574,6.3905,6.28775,0.560712,-3.5136,5.3645,False,False,False,False
s060,1575,26.6217,20.2312,5.7729,-3.5136,5.3645,True,False,False,False
s060,1576,-1.20416,27.8258,4.37749,-3.5136,5.3645,False,False,False,False
s060,1577,-5.04385,3.83968,2.49322,-3.5136,5.3645,False,False,False,False
s060,1578,-2.59791,2.44594,1.475,-3.5136,5.3645,False,False,False,False
s060,1579,-2.19854,0.39937,0.740288,-3.5136,5.3645,False,False,False,False
s060,1580,27.0086,29.2072,5.99395,-3.5136,5.3645,True,False,False,False
s060,1581,5.50582,21.5028,5.89633,-3.5136,5.3645,False,False,False,False
s060,1582,-1.77659,7.28242,4.36174,-3.5136,5.3645,False,False,False,False
s060,1583,5.20419,6.98079,4.53023,-3.5136,5.3645,False,False,False,False
s060,1584,0.941816,4.26238,3.81255,-3.5136,5.3645,False,False,False,False
s060,1585,12.8593,11.9175,5.62191,-3.5136,5.3645,False,False,False,False
s060,1586,3.41056,9.44877,5.17964,-3.5136,5.3645,False,False,False,False
s060,1587,-3.3832,6.79376,3.46707,-3.5136,5.3645,False,False,False,False
s060,1588,-4.37025,0.987054,1.8996,-3.5136,5.3645,False,False,False,False
s060,1589,3.21031,7.58056,2.16175,-3.5136,5.3645,False,False,False,False
s060,1590,-8.25987,11.4702,0.0774222,-3.5136,5.3645,False,False,False,False
s060,1591,-0.122091,8.13778,0.0375195,-3.5136,5.3645,False,False,False,False
s060,1592,5.95063,6.07272,1.22014,-3.5136,5.3645,False,False,False,False
s060,1593,2.41896,3.53166,1.45991,-3.5136,5.3645,False,False,False,False
s060,1594,2.52848,0.109515,1.67362,-3.5136,5.3645,False,False,False,False
s060,1595,6.03905,3.51058,2.54671,-3.5136,5.3645,False,False,False,False
s060,1596,2.07048,3.96857,2.45146,-3.5136,5.3645,False,False,False,False
s060,1597,2.55479,0.484309,2.47213,-3.5136,5.3645,False,False,False,False
s060,1598,-0.739758,3.29455,1.82975,-3.5136,5.3645,False,False,False,False
s060,1599,2.21292,2.95268,1.90638,-3.5136,5.3645,False,False,False,False
s060,1600,-3.16106,5.37398,0.892895,-3.5136,5.3645,False,False,False,False
s060,1601,-2.19615,0.964908,0.275085,-3.5136,5.3645,False,False,False,False
s060,1602,-5.77125,3.5751,-0.934182,-3.5136,5.3645,False,False,False,False
s060,1603,1.89282,7.66407,-0.368782,-3.5136,5.3645,False,False,False,False
s060,1604,-0.493992,2.38681,-0.393824,-3.5136,5.3645,False,False,False,False
s060,1605,2.63522,3.12922,0.211986,-3.5136,5.3645,False,False,False,False
s060,1606,-5.05022,7.68544,-0.840456,-3.5136,5.3645,False,False,False,False
s060,1607,-1.50009,3.55014,-0.972382,-3.5136,5.3645,False,False,False,False
s060,1608,2.11232,3.6124,-0.355441,-3.5136,5.3645,False,False,False,False
s060,1609,1.05048,1.06184,-0.0742566,-3.5136,5.3645,False,False,False,False
s060,1610,16.414,15.3635,3.22339,-3.5136,5.3645,True,False,False,False
s060,1611,3.13891,13.2751,3.20649,-3.5136,5.3645,False,False,False,False
s060,1612,4.17351,1.0346,3.3999,-3.5136,5.3645,False,False,False,False
s060,1613,-2.4676,6.64111,2.2264,-3.5136,5.3645,False,False,False,False
s060,1614,11.7319,14.1995,4.12749,-3.5136,5.3645,False,False,False,False
s060,1615,-1.94735,13.6792,2.91252,-3.5136,5.3645,False,False,False,False
s060,1616,21.8492,23.7965,6.69985,-3.5136,5.3645,True,True,False,False
s060,1617,2.64195,19.2072,5.88827,-3.5136,5.3645,False,False,False,False
s060,1618,6.20528,3.56334,5.95167,-3.5136,5.3645,False,False,False,False
s060,1619,-3.94311,10.1484,3.97272,-3.5136,5.3645,False,False,False,False
s060,1620,-1.66567,2.27744,2.84504,-3.5136,5.3645,False,False,False,False
s060,1621,0.747308,2.41297,2.42549,-3.5136,5.3645,False,False,False,False
s060,1622,-3.05238,3.79969,1.32992,-3.5136,5.3645,False,False,False,False
s060,1623,-1.44847,1.60391,0.774241,-3.5136,5.3645,False,False,False,False
s060,1624,3.09925,4.54772,1.23924,-3.5136,5.3645,False,False,False,False
s060,1625,-0.497408,3.59666,0.891913,-3.5136,5.3645,False,False,False,False
s060,1626,-3.1945,2.6971,0.0746296,-3.5136,5.3645,False,False,False,False
s060,1627,4.70055,7.89505,0.999814,-3.5136,5.3645,False,False,False,False
s060,1628,0.392554,4.308,0.878362,-3.5136,5.3645,False,False,False,False
s060,1629,0.6669,0.274346,0.836069,-3.5136,5.3645,False,False,False,False
s060,1630,7.26159,6.59469,2.12117,-3.5136,5.3645,False,False,False,False
s060,1631,-2.44788,9.70947,1.20736,-3.5136,5.3645,False,False,False,False
s060,1632,0.55171,2.99959,1.07623,-3.5136,5.3645,False,False,False,False
s060,1633,29.1526,28.6009,6.6915,-3.5136,5.3645,True,False,False,False
s060,1634,22.3844,6.76815,9.83008,-3.5136,5.3645,True,True,False,False
s060,1635,-0.47685,22.8613,7.7687,-3.5136,5.3645,False,False,False,False
s060,1636,-0.689172,0.212322,6.07712,-3.5136,5.3645,False,False,False,False
s060,1637,3.41172,4.1009,5.54404,-3.5136,5.3645,False,False,False,False
s060,1638,13.3123,9.90059,7.0977,-3.5136,5.3645,False,False,False,False
s060,1639,-0.502148,13.8145,5.57773,-3.5136,5.3645,False,False,False,False
s060,1640,2.42312,2.92527,4.94681,-3.5136,5.3645,False,False,False,False
s060,1641,-1.80871,4.23183,3.5957,-3.5136,5.3645,False,False,False,False
s060,1642,28.204,30.0127,8.51736,-3.5136,5.3645,True,False,False,False
s060,1643,-1.72817,29.9321,6.46825,-3.5136,5.3645,False,False,False,False
s060,1644,4.36304,6.09121,6.04721,-3.5136,5.3645,False,False,False,False
s060,1645,-3.65736,8.02041,4.1063,-3.5136,5.3645,False,False,False,False
s060,1646,12.187,15.8444,5.72245,-3.5136,5.3645,False,False,False,False
s060,1647,2.03079,10.1563,4.98412,-3.5136,5.3645,False,False,False,False
s060,1648,8.93763,6.90683,5.77482,-3.5136,5.3645,False,False,False,False
s060,1649,-4.8192,13.7568,3.65601,-3.5136,5.3645,False,False,False,False
s060,1650,-6.65809,1.83889,1.59319,-3.5136,5.3645,False,False,False,False
s060,1651,1.36798,8.02607,1.54815,-3.5136,5.3645,False,False,False,False
s060,1652,2.26114,0.893161,1.69075,-3.5136,5.3645,False,False,False,False
s060,1653,1.5702,0.690946,1.66664,-3.5136,5.3645,False,False,False,False
s060,1654,-4.10197,5.67216,0.512918,-3.5136,5.3645,False,False,False,False
s060,1655,-3.24768,0.854284,-0.239202,-3.5136,5.3645,False,False,False,False
s060,1656,2.60898,5.85666,0.330435,-3.5136,5.3645,False,False,False,False
s060,1657,18.8404,16.2314,4.03243,-3.5136,5.3645,True,False,False,False
s060,1658,-0.0592719,18.8997,3.21409,-3.5136,5.3645,False,False,False,False
s060,1659,-0.312327,0.253055,2.50881,-3.5136,5.3645,False,False,False,False
s060,1660,-8.29026,7.97793,0.348993,-3.5136,5.3645,False,False,False,False
s060,1661,0.169247,8.45951,0.313044,-3.5136,5.3645,False,False,False,False
s060,1662,0.915574,0.746327,0.43355,-3.5136,5.3645,False,False,False,False
s060,1663,-0.899409,1.81498,0.166958,-3.5136,5.3645,False,False,False,False
s060,1664,1.40463,2.30404,0.414492,-3.5136,5.3645,False,False,False,False
s060,1665,-1.72535,3.12998,-0.0134772,-3.5136,5.3645,False,False,False,False
s060,1666,-1.24146,0.483898,-0.259073,-3.5136,5.3645,False,False,False,False
s060,1667,18.985,20.2265,3.58974,-3.5136,5.3645,True,False,False,False
s060,1668,20.8925,1.90751,7.05029,-3.5136,5.3645,True,True,False,False
s060,1669,16.0165,4.87598,8.84354,-3.5136,5.3645,True,True,False,False
s060,1670,19.3392,3.32273,10.9427,-3.5136,5.3645,True,True,True,False
s060,1671,17.738,1.60127,12.3017,-3.5136,5.3645,True,True,True,False
s060,1672,21.9732,4.23524,14.236,-3.5136,5.3645,True,True,True,False
s060,1673,25.0399,3.06672,16.3968,-3.5136,5.3645,True,True,True,False
s060,1674,21.0597,3.9802,17.3294,-3.5136,5.3645,True,True,True,True
s060,1675,18.4645,2.59522,17.5564,-3.5136,5.3645,True,True,True,True
s060,1676,19.2132,0.748709,17.8878,-3.5136,5.3645,True,True,True,True
s060,1677,11.8499,7.3633,16.6802,-3.5136,5.3645,False,True,True,True
s060,1678,21.0749,9.22501,17.5592,-3.5136,5.3645,True,True,True,True
s060,1679,15.5271,5.5478,17.1528,-3.5136,5.3645,True,True,True,True
s060,1680,7.57686,7.95027,15.2376,-3.5136,5.3645,False,False,True,True
s060,1681,22.9261,15.3493,16.7753,-3.5136,5.3645,True,True,True,True
s060,1682,39.0631,16.137,21.2329,-3.5136,5.3645,True,True,True,True
s060,1683,16.9261,22.137,20.3715,-3.5136,5.3645,True,True,True,True
s060,1684,18.5674,1.64131,20.0107,-3.5136,5.3645,True,True,True,True
s060,1685,30.5212,11.9537,22.1128,-3.5136,5.3645,True,True,True,True
s060,1686,15.1432,15.378,20.7189,-3.5136,5.3645,True,True,True,True
s060,1687,20.2322,5.08902,20.6215,-3.5136,5.3645,True,True,True,True
s060,1688,22.2627,2.03044,20.9498,-3.5136,5.3645,True,True,True,True
s060,1689,46.7196,24.457,26.1037,-3.5136,5.3645,True,True,True,True
s060,1690,12.1667,34.5529,23.3163,-3.5136,5.3645,False,True,True,True
s060,1691,27.0319,14.8652,24.0594,-3.5136,5.3645,True,True,True,True
s060,1692,17.1321,9.89978,22.674,-3.5136,5.3645,True,True,True,True
s060,1693,20.4236,3.29151,22.2239,-3.5136,5.3645,True,True,True,True
s060,1694,18.0661,2.35752,21.3924,-3.5136,5.3645,True,True,True,True
s060,1695,23.7648,5.69872,21.8668,-3.5136,5.3645,True,True,True,True
s060,1696,27.3366,3.57175,22.9608,-3.5136,5.3645,True,True,True,True
s060,1697,24.2254,3.11118,23.2137,-3.5136,5.3645,True,True,True,True
s060,1698,28.8325,4.60715,24.3375,-3.5136,5.3645,True,True,True,True
s060,1699,21.5008,7.33176,23.7701,-3.5136,5.3645,True,True,True,True
s060,1700,15.7535,5.74725,22.1668,-3.5136,5.3645,True,True,True,True
s060,1701,17.7131,1.95958,21.2761,-3.5136,5.3645,True,True,True,True
s060,1702,35.2996,17.5865,24.0808,-3.5136,5.3645,True,True,True,True
s060,1703,20.9431,14.3565,23.4532,-3.5136,5.3645,True,True,True,True
s060,1704,17.2306,3.7125,22.2087,-3.5136,5.3645,True,True,True,True
s060,1705,21.2429,4.01231,22.0156,-3.5136,5.3645,True,True,True,True
s060,1706,35.8762,14.6333,24.7877,-3.5136,5.3645,True,True,True,True
s060,1707,18.2391,17.6371,23.478,-3.5136,5.3645,True,True,True,True
s060,1708,17.3084,0.930695,22.2441,-3.5136,5.3645,True,True,True,True
s060,1709,45.9943,28.6859,26.9941,-3.5136,5.3645,True,True,True,True
s060,1710,18.0902,27.9041,25.2133,-3.5136,5.3645,True,True,True,True
s060,1711,11.2159,6.87434,22.4138,-3.5136,5.3645,False,True,True,True
s060,1712,23.8828,12.6669,22.7076,-3.5136,5.3645,True,True,True,True
s060,1713,16.134,7.74872,21.3929,-3.5136,5.3645,True,True,True,True
s060,1714,24.2037,8.06968,21.9551,-3.5136,5.3645,True,True,True,True
s060,1715,40.9141,16.7104,25.7469,-3.5136,5.3645,True,True,True,True
s060,1716,21.0475,19.8666,24.807,-3.5136,5.3645,True,True,True,True
s060,1717,40.883,19.8355,28.0222,-3.5136,5.3645,True,True,True,True
s060,1718,18.1954,22.6877,26.0568,-3.5136,5.3645,True,True,True,True
s060,1719,20.7512,2.55588,24.9957,-3.5136,5.3645,True,True,True,True
s060,1720,5.94345,14.8078,21.1853,-3.5136,5.3645,False,False,True,True
s060,1721,15.0866,9.14312,19.9655,-3.5136,5.3645,True,True,True,True
s060,1722,15.9684,0.881797,19.1661,-3.5136,5.3645,True,True,True,True
s060,1723,17.6912,1.72285,18.8711,-3.5136,5.3645,True,True,True,True
s060,1724,37.0358,19.3446,22.5041,-3.5136,5.3645,True,True,True,True
s060,1725,12.4639,24.5719,20.496,-3.5136,5.3645,False,True,True,True
s060,1726,16.3888,3.92495,19.6746,-3.5136,5.3645,True,True,True,True
s060,1727,45.5609,29.1721,24.8518,-3.5136,5.3645,True,True,True,True
s060,1728,19.3881,26.1727,23.7591,-3.5136,5.3645,True,True,True,True
s060,1729,23.6411,4.25291,23.7355,-3.5136,5.3645,True,True,True,True
s060,1730,13.0939,10.5471,21.6072,-3.5136,5.3645,False,True,True,True
s060,1731,43.4605,30.3666,25.9779,-3.5136,5.3645,True,True,True,True
s060,1732,20.6812,22.7793,24.9185,-3.5136,5.3645,True,True,True,True
s060,1733,20.3651,0.316103,24.0078,-3.5136,5.3645,True,True,True,True
s060,1734,15.8367,4.52845,22.3736,-3.5136,5.3645,True,True,True,True
s060,1735,20.6719,4.83525,22.0333,-3.5136,5.3645,True,True,True,True
s060,1736,47.0505,26.3785,27.0367,-3.5136,5.3645,True,True,True,True
s060,1737,21.4014,25.649,25.9097,-3.5136,5.3645,True,True,True,True
s060,1738,23.4478,2.04639,25.4173,-3.5136,5.3645,True,True,True,True
s060,1739,20.9333,2.51456,24.5205,-3.5136,5.3645,True,True,True,True
s060,1740,18.3115,2.6218,23.2787,-3.5136,5.3645,True,True,True,True
s060,1741,20.6946,2.38317,22.7619,-3.5136,5.3645,True,True,True,True
s060,1742,21.5617,0.867096,22.5219,-3.5136,5.3645,True,True,True,True
s060,1743,16.6742,4.88751,21.3523,-3.5136,5.3645,True,True,True,True
s060,1744,11.5505,5.12377,19.392,-3.5136,5.3645,False,True,True,True
s060,1745,14.1407,2.59025,18.3417,-3.5136,5.3645,False,True,True,True
s060,1746,19.1171,4.97642,18.4968,-3.5136,5.3645,True,True,True,True
s060,1747,17.7341,1.38308,18.3442,-3.5136,5.3645,True,True,True,True
s060,1748,38.5051,20.771,22.3764,-3.5136,5.3645,True,True,True,True
s060,1749,21.2956,17.2095,22.1602,-3.5136,5.3645,True,True,True,True
s060,1750,17.1364,4.15921,21.1555,-3.5136,5.3645,True,True,True,True
s060,1751,43.4802,26.3438,25.6204,-3.5136,5.3645,True,True,True,True
s060,1752,12.8833,30.5969,23.073,-3.5136,5.3645,False,True,True,True
s060,1753,12.2069,0.676341,20.8998,-3.5136,5.3645,False,True,True,True
s060,1754,15.9074,3.70044,19.9013,-3.5136,5.3645,True,True,True,True
s060,1755,14.7282,1.17912,18.8667,-3.5136,5.3645,True,True,True,True
s060,1756,20.2951,5.56691,19.1524,-3.5136,5.3645,True,True,True,True
s060,1757,42.7964,22.5013,23.8812,-3.5136,5.3645,True,True,True,True
s060,1758,17.6255,25.1709,22.63,-3.5136,5.3645,True,True,True,True
s060,1759,11.4345,6.19098,20.3909,-3.5136,5.3645,False,True,True,True
s060,1760,21.4825,10.048,20.6093,-3.5136,5.3645,True,True,True,True
s060,1761,16.157,5.32553,19.7188,-3.5136,5.3645,True,True,True,True
s060,1762,17.0736,0.916644,19.1898,-3.5136,5.3645,True,True,True,True
s060,1763,16.4378,0.635858,18.6394,-3.5136,5.3645,True,True,True,True
s060,1764,19.7611,3.32329,18.8637,-3.5136,5.3645,True,True,True,True
s060,1765,17.2422,2.51889,18.5394,-3.5136,5.3645,True,True,True,True
s060,1766,11.7992,5.44298,17.1914,-3.5136,5.3645,False,True,True,True
s060,1767,2.97934,8.81986,14.349,-3.5136,5.3645,False,False,False,True
s060,1768,9.47148,6.49214,13.3735,-3.5136,5.3645,False,False,True,True
s060,1769,-8.20264,17.6741,9.05824,-3.5136,5.3645,False,False,False,False
s060,1770,-5.50211,2.70053,6.14617,-3.5136,5.3645,False,False,False,False
s060,1771,-2.37054,3.13156,4.44283,-3.5136,5.3645,False,False,False,False
s060,1772,0.165006,2.53555,3.58726,-3.5136,5.3645,False,False,False,False
s060,1773,-1.19426,1.35926,2.63096,-3.5136,5.3645,False,False,False,False
s060,1774,19.5871,20.7813,6.02218,-3.5136,5.3645,True,False,False,False
s060,1775,-0.0925603,19.6796,4.79924,-3.5136,5.3645,False,False,False,False
s060,1776,3.27444,3.367,4.49428,-3.5136,5.3645,False,False,False,False
s060,1777,0.533839,2.7406,3.70219,-3.5136,5.3645,False,False,False,False
s060,1778,-2.33345,2.86729,2.49506,-3.5136,5.3645,False,False,False,False
s060,1779,4.85982,7.19328,2.96801,-3.5136,5.3645,False,False,False,False
s060,1780,11.4548,6.59502,4.66538,-3.5136,5.3645,False,False,False,False
s060,1781,4.58678,6.86806,4.64966,-3.5136,5.3645,False,False,False,False
s060,1782,-10.6357,15.2225,1.59259,-3.5136,5.3645,False,False,False,False
s060,1783,0.582282,11.218,1.39053,-3.5136,5.3645,False,False,False,False
s060,1784,-1.93438,2.51666,0.725546,-3.5136,5.3645,False,False,False,False
s060,1785,18.7502,20.6846,4.33047,-3.5136,5.3645,True,False,False,False
s060,1786,-3.12288,21.8731,2.8398,-3.5136,5.3645,False,False,False,False
s060,1787,0.592591,3.71547,2.39036,-3.5136,5.3645,False,False,False,False
s060,1788,-1.68068,2.27327,1.57615,-3.5136,5.3645,False,False,False,False
s060,1789,16.0553,17.736,4.47198,-3.5136,5.3645,True,False,False,False
s060,1790,5.64145,10.4138,4.70587,-3.5136,5.3645,False,False,False,False
s060,1791,-3.90374,9.5452,2.98395,-3.5136,5.3645,False,False,False,False
s060,1792,2.62537,6.52911,2.91223,-3.5136,5.3645,False,False,False,False
s060,1793,-0.720086,3.34546,2.18577,-3.5136,5.3645,False,False,False,False
s060,1794,0.478149,1.19823,1.84425,-3.5136,5.3645,False,False,False,False
s060,1795,-2.75122,3.22937,0.925154,-3.5136,5.3645,False,False,False,False
s060,1796,1.09313,3.84435,0.958749,-3.5136,5.3645,False,False,False,False
s060,1797,0.345632,0.747498,0.836126,-3.5136,5.3645,False,False,False,False
s060,1798,-0.173971,0.519604,0.634106,-3.5136,5.3645,False,False,False,False
s060,1799,21.0734,21.2474,4.72197,-3.5136,5.3645,True,False,False,False
s060,1800,8.10222,12.9712,5.39802,-3.5136,5.3645,False,False,False,False
s060,1801,1.86456,6.23766,4.69132,-3.5136,5.3645,False,False,False,False
s060,1802,2.43956,0.574995,4.24097,-3.5136,5.3645,False,False,False,False
s060,1803,-0.145911,2.58547,3.36359,-3.5136,5.3645,False,False,False,False
s060,1804,-5.9514,5.80549,1.5006,-3.5136,5.3645,False,False,False,False
s060,1805,-4.18616,1.76524,0.363245,-3.5136,5.3645,False,False,False,False
s060,1806,1.66235,5.84851,0.623065,-3.5136,5.3645,False,False,False,False
s060,1807,29.8545,28.1921,6.46935,-3.5136,5.3645,True,False,False,False
s060,1808,8.48904,21.3655,6.87329,-3.5136,5.3645,False,False,False,False
s060,1809,6.09776,2.39128,6.71818,-3.5136,5.3645,False,False,False,False
s060,1810,-1.37267,7.47043,5.10001,-3.5136,5.3645,False,False,False,False
s060,1811,1.20714,2.57981,4.32144,-3.5136,5.3645,False,False,False,False
s060,1812,9.30401,8.09687,5.31795,-3.5136,5.3645,False,False,False,False
s060,1813,4.28508,5.01893,5.11138,-3.5136,5.3645,False,False,False,False
s060,1814,-2.69226,6.97734,3.55065,-3.5136,5.3645,False,False,False,False
s060,1815,0.341291,3.03355,2.90878,-3.5136,5.3645,False,False,False,False
s060,1816,-1.4442,1.78549,2.03818,-3.5136,5.3645,False,False,False,False
s060,1817,-15.1906,13.7464,-1.40757,-3.5136,5.3645,True,False,False,False
s060,1818,-4.72193,10.4687,-2.07044,-3.5136,5.3645,False,False,False,False
s060,1819,-4.79656,0.0746278,-2.61567,-3.5136,5.3645,False,False,False,False
s060,1820,2.91035,7.7069,-1.51046,-3.5136,5.3645,False,False,False,False
s060,1821,-4.21621,7.12656,-2.05161,-3.5136,5.3645,False,False,True,False
s060,1822,-1.08609,3.13012,-1.85851,-3.5136,5.3645,False,False,False,False
s060,1823,0.99411,2.0802,-1.28798,-3.5136,5.3645,False,False,False,False
s060,1824,-0.233118,1.22723,-1.07701,-3.5136,5.3645,False,False,False,False
s060,1825,0.550979,0.784097,-0.751412,-3.5136,5.3645,False,False,False,False
s060,1826,-8.66435,9.21533,-2.334,-3.5136,5.3645,False,False,False,False
s060,1827,1.7924,10.4567,-1.50872,-3.5136,5.3645,False,False,False,False
s060,1828,-2.09455,3.88694,-1.62588,-3.5136,5.3645,False,False,False,False
s060,1829,-2.15054,0.0559968,-1.73082,-3.5136,5.3645,False,False,False,False
s060,1830,1.97582,4.12636,-0.989489,-3.5136,5.3645,False,False,False,False
s060,1831,7.83624,5.86042,0.775657,-3.5136,5.3645,False,False,False,False
s060,1832,-5.03737,12.8736,-0.386949,-3.5136,5.3645,False,False,False,False
s060,1833,1.15513,6.1925,-0.0785337,-3.5136,5.3645,False,False,False,False
s060,1834,-0.663641,1.81877,-0.195555,-3.5136,5.3645,False,False,False,False
s060,1835,-0.454275,0.209366,-0.247299,-3.5136,5.3645,False,False,False,False
s060,1836,0.133075,0.58735,-0.171224,-3.5136,5.3645,False,False,False,False
s060,1837,2.3756,2.24253,0.338141,-3.5136,5.3645,False,False,False,False
s060,1838,-2.65986,5.03547,-0.261459,-3.5136,5.3645,False,False,False,False
s060,1839,15.9729,18.6328,2.98542,-3.5136,5.3645,True,False,False,False
s060,1840,-0.40708,16.38,2.30692,-3.5136,5.3645,False,False,False,False
s060,1841,-2.20767,1.80058,1.404,-3.5136,5.3645,False,False,False,False
s060,1842,5.43078,7.63845,2.20936,-3.5136,5.3645,False,False,False,False
s060,1843,-1.90806,7.33884,1.38587,-3.5136,5.3645,False,False,False,False
s060,1844,20.8216,22.7296,5.27302,-3.5136,5.3645,True,False,False,False
s060,1845,25.4295,4.6079,9.30431,-3.5136,5.3645,True,True,False,False
s060,1846,2.95504,22.4744,8.03445,-3.5136,5.3645,False,False,False,False
s060,1847,-0.988576,3.94361,6.22985,-3.5136,5.3645,False,False,False,False
s060,1848,8.05299,9.04157,6.59448,-3.5136,5.3645,False,False,False,False
s060,1849,5.47288,2.58012,6.37016,-3.5136,5.3645,False,False,False,False
s060,1850,13.7419,8.26899,7.8445,-3.5136,5.3645,False,False,False,False
s060,1851,1.43679,12.3051,6.56296,-3.5136,5.3645,False,False,False,False
s060,1852,-4.86947,6.30626,4.27647,-3.5136,5.3645,False,False,False,False
s060,1853,-0.603126,4.26635,3.30055,-3.5136,5.3645,False,False,False,False
s060,1854,15.2779,15.881,5.69601,-3.5136,5.3645,True,False,False,False
s060,1855,-2.88439,18.1622,3.97993,-3.5136,5.3645,False,False,False,False
s060,1856,1.33541,4.2198,3.45103,-3.5136,5.3645,False,False,False,False
s060,1857,6.14023,4.80482,3.98887,-3.5136,5.3645,False,False,False,False
s060,1858,24.3973,18.257,8.07055,-3.5136,5.3645,True,False,False,False
s060,1859,1.94278,22.4545,6.84499,-3.5136,5.3645,False,False,False,False
s060,1860,1.13848,0.8043,5.70369,-3.5136,5.3645,False,False,False,False
s060,1861,2.52802,1.38953,5.06856,-3.5136,5.3645,False,False,False,False
s060,1862,-0.67961,3.20763,3.91892,-3.5136,5.3645,False,False,False,False
s060,1863,0.477435,1.15705,3.23063,-3.5136,5.3645,False,False,False,False
s060,1864,0.627626,0.150191,2.71003,-3.5136,5.3645,False,False,False,False
s060,1865,-1.04369,1.67132,1.95928,-3.5136,5.3645,False,False,False,False
s060,1866,1.27946,2.32315,1.82332,-3.5136,5.3645,False,False,False,False
s511,0,64.6707,,50.4777,26.5598,67.299,False,False,False,False
s511,1,141.436,76.7658,68.6694,26.5598,67.299,True,False,False,False
s511,2,240.777,99.3402,103.091,26.5598,67.299,True,True,False,False
s511,3,113.559,127.217,105.185,26.5598,67.299,True,True,False,False
s511,4,148.066,34.507,113.761,26.5598,67.299,True,True,True,False
s511,5,68.7351,79.3312,104.756,26.5598,67.299,False,False,True,False
s511,6,159.524,90.7887,115.709,26.5598,67.299,True,True,True,False
s511,7,79.1209,80.4029,108.392,26.5598,67.299,False,False,True,True
s511,8,138.583,59.4618,114.43,26.5598,67.299,True,True,True,True
s511,9,86.0068,52.5759,108.745,26.5598,67.299,False,False,True,True
s511,10,87.1111,1.1043,104.418,26.5598,67.299,False,False,True,True
s511,11,67.9406,19.1705,97.1229,26.5598,67.299,False,False,True,True
s511,12,94.8247,26.8841,96.6632,26.5598,67.299,False,False,True,True
s511,13,55.0265,39.7982,88.3359,26.5598,67.299,False,False,False,True
s511,14,125.538,70.512,95.7764,26.5598,67.299,True,True,True,True
s511,15,263.454,137.915,129.312,26.5598,67.299,True,True,True,True
s511,16,68.5315,194.922,117.156,26.5598,67.299,False,False,True,True
s511,17,89.7338,21.2023,111.671,26.5598,67.299,False,True,True,True
s511,18,102.913,13.1788,109.92,26.5598,67.299,False,True,True,True
s511,19,349.206,246.294,157.777,26.5598,67.299,True,True,True,True
s511,20,87.8049,261.401,143.783,26.5598,67.299,False,True,True,True
s511,21,64.3929,23.412,127.905,26.5598,67.299,False,False,False,True
s511,22,42.9066,21.4863,110.905,26.5598,67.299,False,False,False,False
s511,23,60.1156,17.209,100.747,26.5598,67.299,False,False,False,False
s511,24,60.3279,0.2123,92.6633,26.5598,67.299,False,False,False,False
s511,25,65.8494,5.5215,87.3005,26.5598,67.299,False,False,False,False
s511,26,48.0962,17.7532,79.4597,26.5598,67.299,False,False,False,False
s511,27,69.6774,21.5812,77.5032,26.5598,67.299,False,False,False,False
s511,28,60.6581,9.0193,74.1342,26.5598,67.299,False,False,False,False
s511,29,51.8436,8.8145,69.6761,26.5598,67.299,False,False,False,False
s511,30,49.1677,2.6759,65.5744,26.5598,67.299,False,False,False,True
s511,31,59.4595,10.2918,64.3514,26.5598,67.299,False,False,False,True
s511,32,67.6218,8.1623,65.0055,26.5598,67.299,False,False,False,True
s511,33,37.9822,29.6396,59.6008,26.5598,67.299,False,False,False,False
s511,34,78.7062,40.724,63.4219,26.5598,67.299,False,False,False,False
s511,35,95,16.2938,69.7375,26.5598,67.299,False,False,False,False
s511,36,75.513,19.487,70.8926,26.5598,67.299,False,False,True,False
s511,37,57.2246,18.2884,68.159,26.5598,67.299,False,False,False,False
s511,38,172.076,114.851,88.9423,26.5598,67.299,True,False,True,False
s511,39,40.7507,131.325,79.304,26.5598,67.299,False,False,False,False
s511,40,75.2941,34.5434,78.502,26.5598,67.299,False,False,False,False
s511,41,21.9709,53.3232,67.1958,26.5598,67.299,False,False,False,False
s511,42,70.5167,48.5458,67.86,26.5598,67.299,False,False,False,False
s511,43,42.1053,28.4114,62.709,26.5598,67.299,False,False,False,False
s511,44,76.8946,34.7893,65.5461,26.5598,67.299,False,False,False,False
s511,45,113.004,36.1099,75.0378,26.5598,67.299,True,False,False,False
s511,46,41.0619,71.9426,68.2426,26.5598,67.299,False,False,False,False
s511,47,42.7002,1.6383,63.1341,26.5598,67.299,False,False,False,False
s511,48,96.9697,54.2695,69.9013,26.5598,67.299,False,False,False,False
s511,49,18.0064,78.9633,59.5223,26.5598,67.299,False,False,False,False
s511,50,49.0667,31.0603,57.4312,26.5598,67.299,False,False,False,False
s511,51,90.4847,41.418,64.0419,26.5598,67.299,False,False,False,False
s511,52,67.8869,22.5978,64.8109,26.5598,67.299,False,False,False,False
s511,53,50.0803,17.8066,61.8648,26.5598,67.299,False,False,False,False
s511,54,200.712,150.631,89.6342,26.5598,67.299,True,False,False,False
s511,55,33.1903,167.521,78.3454,26.5598,67.299,False,False,False,False
s511,56,111.945,78.7551,85.0654,26.5598,67.299,True,True,False,False
s511,57,101.129,10.8167,88.278,26.5598,67.299,False,True,False,False
s511,58,31.6049,69.5238,76.9434,26.5598,67.299,False,False,False,False
s511,59,80,48.3951,77.5547,26.5598,67.299,False,False,False,False
s511,60,102.632,22.6316,82.5701,26.5598,67.299,False,False,True,False
s511,61,218.182,115.55,109.692,26.5598,67.299,True,True,True,False
s511,62,66.5208,151.661,101.058,26.5598,67.299,False,False,False,False
s511,63,87.7193,21.1985,98.3904,26.5598,67.299,False,True,True,False
s511,64,74.7826,12.9367,93.6688,26.5598,67.299,False,False,True,False
s511,65,54.5809,20.2017,85.8512,26.5598,67.299,False,False,False,False
s511,66,89.9297,35.3488,86.6669,26.5598,67.299,False,False,False,True
s511,67,53.6913,36.2384,80.0718,26.5598,67.299,False,False,False,True
s511,68,68.8172,15.1259,77.8209,26.5598,67.299,False,False,False,True
s511,69,102.326,33.5084,82.7218,26.5598,67.299,False,False,False,True
s511,70,54.5781,47.7475,77.0931,26.5598,67.299,False,False,False,True
s511,71,111.475,56.8973,83.9695,26.5598,67.299,True,True,False,True
s511,72,174.899,63.4234,102.155,26.5598,67.299,True,True,True,True
s511,73,51.4469,123.452,92.0137,26.5598,67.299,False,False,False,True
s511,74,76.0181,24.5712,88.8146,26.5598,67.299,False,False,False,True
s511,75,65.3386,10.6795,84.1194,26.5598,67.299,False,False,False,True
s511,76,90,24.6614,85.2955,26.5598,67.299,False,False,False,True
s511,77,79.292,10.708,84.0948,26.5598,67.299,False,False,False,True
s511,78,54.8463,24.4457,78.2451,26.5598,67.299,False,False,False,True
s511,79,98.3607,43.5144,82.2682,26.5598,67.299,False,False,False,True
s511,80,39.2906,59.0701,73.6727,26.5598,67.299,False,False,False,False
s511,81,56.6372,17.3466,70.2656,26.5598,67.299,False,False,False,False
s511,82,68.6627,12.0255,69.945,26.5598,67.299,False,False,False,False
s511,83,68.2464,0.4163,69.6053,26.5598,67.299,False,False,False,False
s511,84,85.5346,17.2882,72.7912,26.5598,67.299,False,False,False,False
s511,85,46.62,38.9146,67.5569,26.5598,67.299,False,False,False,False
s511,86,30.4762,16.1438,60.1408,26.5598,67.299,False,False,False,False
s511,87,62.6959,32.2197,60.6518,26.5598,67.299,False,False,False,False
s511,88,77.2118,14.5159,63.9638,26.5598,67.299,False,False,False,False
s511,89,76.815,0.3968,66.534,26.5598,67.299,False,False,False,False
s511,90,122.762,45.9471,77.7797,26.5598,67.299,True,False,False,False
s511,91,76.5957,46.1664,77.5429,26.5598,67.299,False,False,True,False
s511,92,99.389,22.7933,81.9121,26.5598,67.299,False,True,True,False
s511,93,87.3016,12.0874,82.99,26.5598,67.299,False,False,True,False
s511,94,115.349,28.0472,89.4618,26.5598,67.299,True,True,True,True
s511,95,65.2361,50.1127,84.6166,26.5598,67.299,False,False,False,True
s511,96,117.874,52.6383,91.2682,26.5598,67.299,True,True,True,True
s511,97,116.583,1.2915,96.3311,26.5598,67.299,True,True,True,True
s511,98,100.756,15.8272,97.216,26.5598,67.299,False,True,True,True
s511,99,103.333,2.5776,98.4395,26.5598,67.299,False,True,True,True
s511,100,45.0704,58.2629,87.7657,26.5598,67.299,False,False,False,False
s511,101,92.2034,47.133,88.6532,26.5598,67.299,False,True,True,False
s511,102,70.6306,21.5728,85.0487,26.5598,67.299,False,False,True,False
s511,103,101.463,30.8328,88.3316,26.5598,67.299,False,True,True,False
s511,104,42.5721,58.8913,79.1797,26.5598,67.299,False,False,False,False
s511,105,85.3333,42.7612,80.4104,26.5598,67.299,False,False,True,False
s511,106,64.6809,20.6524,77.2645,26.5598,67.299,False,False,False,False
s511,107,73.0097,8.3288,76.4136,26.5598,67.299,False,False,False,False
s511,108,27.8607,45.149,66.703,26.5598,67.299,False,False,False,False
s511,109,49.8168,21.9561,63.3258,26.5598,67.299,False,False,False,False
s511,110,127.483,77.6659,76.1571,26.5598,67.299,True,False,False,False
s511,111,151.515,24.0325,91.2288,26.5598,67.299,True,True,False,False
s511,112,66.7932,84.722,86.3416,26.5598,67.299,False,False,False,False
s511,113,78.0045,11.2113,84.6742,26.5598,67.299,False,False,False,False
s511,114,65.2038,12.8007,80.7801,26.5598,67.299,False,False,False,False
s511,115,68.5714,3.3676,78.3384,26.5598,67.299,False,False,False,False
s511,116,136.919,68.3479,90.0546,26.5598,67.299,True,False,False,True
s511,117,77.2727,59.6466,87.4982,26.5598,67.299,False,False,True,True
s511,118,54.6185,22.6542,80.9223,26.5598,67.299,False,False,False,True
s511,119,93.9683,39.3498,83.5315,26.5598,67.299,False,False,True,True
s511,120,301.449,207.481,127.115,26.5598,67.299,True,True,True,True
s511,121,58.1498,243.299,113.322,26.5598,67.299,False,False,False,True
s511,122,77.1084,18.9586,106.079,26.5598,67.299,False,False,False,True
s511,123,243.478,166.37,133.559,26.5598,67.299,True,False,True,True
s511,124,88.665,154.813,124.58,26.5598,67.299,False,True,True,True
s511,125,82.243,6.422,116.113,26.5598,67.299,False,False,True,True
s511,126,61.7647,20.4783,105.243,26.5598,67.299,False,False,False,True
s511,127,79.661,17.8963,100.127,26.5598,67.299,False,False,True,True
s511,128,113.067,33.4057,102.715,26.5598,67.299,True,False,True,True
s511,129,62.5793,50.4874,94.6877,26.5598,67.299,False,False,False,True
s511,130,89.6861,27.1068,93.6873,26.5598,67.299,False,True,False,True
s511,131,44.8598,44.8263,83.9218,26.5598,67.299,False,False,False,False
s511,132,93.3333,48.4735,85.8041,26.5598,67.299,False,True,False,False
s511,133,52.0179,41.3154,79.0469,26.5598,67.299,False,False,False,False
s511,134,104.242,52.2245,84.086,26.5598,67.299,False,True,False,False
s511,135,46.9751,57.2673,76.6638,26.5598,67.299,False,False,False,False
s511,136,64.1711,17.196,74.1653,26.5598,67.299,False,False,False,False
s511,137,83.3747,19.2036,76.0072,26.5598,67.299,False,False,False,False
s511,138,56.0886,27.2861,72.0234,26.5598,67.299,False,False,False,False
s511,139,46.9636,9.125,67.0115,26.5598,67.299,False,False,False,True
s511,140,162.319,115.355,86.0729,26.5598,67.299,True,False,False,True
s511,141,103.867,58.4514,89.6318,26.5598,67.299,False,True,False,True
s511,142,78.6885,25.1789,87.4432,26.5598,67.299,False,False,False,True
s511,143,77.7494,0.9391,85.5044,26.5598,67.299,False,False,True,True
s511,144,56.4706,21.2788,79.6976,26.5598,67.299,False,False,False,True
s511,145,110.569,54.0985,85.8719,26.5598,67.299,True,False,True,True
s511,146,85.7645,24.8046,85.8505,26.5598,67.299,False,False,True,True
s511,147,116.556,30.7918,91.9916,26.5598,67.299,True,True,True,True
s511,148,58.5714,57.9849,85.3076,26.5598,67.299,False,False,False,True
s511,149,54.8885,3.6829,79.2238,26.5598,67.299,False,False,False,True
s511,150,66.4311,11.5426,76.6652,26.5598,67.299,False,False,False,True
s511,151,126.599,60.1682,86.652,26.5598,67.299,True,False,False,True
s511,152,66.5169,60.0824,82.625,26.5598,67.299,False,False,False,True
s511,153,86.8035,20.2866,83.4607,26.5598,67.299,False,False,False,True
s511,154,68.7631,18.0404,80.5212,26.5598,67.299,False,False,False,True
s511,155,142.69,73.927,92.955,26.5598,67.299,True,False,True,True
s511,156,65.1163,77.5738,87.3872,26.5598,67.299,False,False,False,True
s511,157,98.0306,32.9143,89.5159,26.5598,67.299,False,True,True,True
s511,158,141.041,43.0099,99.8208,26.5598,67.299,True,True,True,True
s511,159,117.224,23.8168,103.301,26.5598,67.299,True,True,True,True
s511,160,97.7778,19.4459,102.197,26.5598,67.299,False,True,True,True
s511,161,289.655,191.877,139.688,26.5598,67.299,True,True,True,True
s511,162,68.046,221.609,125.36,26.5598,67.299,False,False,True,True
s511,163,79.5411,11.4951,116.196,26.5598,67.299,False,False,True,True
s511,164,63.8037,15.7374,105.718,26.5598,67.299,False,False,False,True
s511,165,81.106,17.3023,100.795,26.5598,67.299,False,False,True,True
s511,166,61.5385,19.5675,92.944,26.5598,67.299,False,False,False,True
s511,167,111.704,50.1658,96.696,26.5598,67.299,True,False,False,True
s511,168,93.8462,17.8581,96.1261,26.5598,67.299,False,True,False,True
s511,169,74.1021,19.7441,91.7213,26.5598,67.299,False,False,True,True
s511,170,205.587,131.485,114.494,26.5598,67.299,True,True,True,True
s511,171,147.42,58.1665,121.079,26.5598,67.299,True,True,True,True
s511,172,136.023,11.397,124.068,26.5598,67.299,True,True,True,True
s511,173,160,23.9769,131.255,26.5598,67.299,True,True,True,True
s511,174,113.636,46.3636,127.731,26.5598,67.299,True,True,True,True
s511,175,252.632,138.995,152.711,26.5598,67.299,True,True,True,True
s511,176,126.923,125.708,147.553,26.5598,67.299,True,True,True,True
s511,177,41.6185,85.3046,126.366,26.5598,67.299,False,False,False,False
s511,178,84.5666,42.9481,118.007,26.5598,67.299,False,False,True,False
s511,179,89.3204,4.7538,112.269,26.5598,67.299,False,False,True,False
s511,180,65.996,23.3244,103.015,26.5598,67.299,False,False,False,False
s511,181,69.0647,3.0687,96.2246,26.5598,67.299,False,False,False,False
s511,182,77.6903,8.6256,92.5178,26.5598,67.299,False,False,True,False
s511,183,86.7725,9.0822,91.3687,26.5598,67.299,False,False,True,False
s511,184,202.74,115.967,113.643,26.5598,67.299,True,False,True,False
s511,185,64.9652,137.774,103.907,26.5598,67.299,False,False,False,True
s511,186,74.6667,9.7015,98.0592,26.5598,67.299,False,False,True,True
s511,187,126.897,52.2299,103.827,26.5598,67.299,True,False,True,True
s511,188,123.544,3.3523,107.77,26.5598,67.299,True,True,True,True
s511,189,171.163,47.6185,120.449,26.5598,67.299,True,True,True,True
s511,190,60.1626,111,108.392,26.5598,67.299,False,False,False,True
s511,191,56.7164,3.4462,98.0565,26.5598,67.299,False,False,False,True
s511,192,101.818,45.1018,98.8088,26.5598,67.299,False,False,False,True
s511,193,157.377,55.5588,110.522,26.5598,67.299,True,True,False,True
s511,194,160.494,3.1168,120.517,26.5598,67.299,True,True,False,True
s511,195,95.5975,64.8963,115.533,26.5598,67.299,False,True,True,True
s511,196,33.383,62.2145,99.1029,26.5598,67.299,False,False,False,False
s511,197,86.8217,53.4387,96.6467,26.5598,67.299,False,False,True,False
s511,198,124.561,37.7397,102.23,26.5598,67.299,True,False,True,False
s511,199,150.805,26.2432,111.945,26.5598,67.299,True,True,True,False
s511,200,68.6695,82.1351,103.29,26.5598,67.299,False,False,True,False
s511,201,167.203,98.5331,116.072,26.5598,67.299,True,True,True,False
s511,202,37.5,129.703,100.358,26.5598,67.299,False,False,False,False
s511,203,68.0851,30.5851,93.9032,26.5598,67.299,False,False,True,False
s511,204,70.7483,2.6632,89.2722,26.5598,67.299,False,False,True,False
s511,205,68.6275,2.1208,85.1433,26.5598,67.299,False,False,True,False
s511,206,106.383,37.7555,89.3912,26.5598,67.299,False,False,True,False
s511,207,106.136,0.247,92.7402,26.5598,67.299,False,True,True,False
s511,208,103.597,2.5389,94.9116,26.5598,67.299,False,True,True,False
s511,209,81.6327,21.9644,92.2558,26.5598,67.299,False,False,True,False
s511,210,125.24,43.6069,98.8526,26.5598,67.299,True,True,True,True
s511,211,90.9953,34.2443,97.2811,26.5598,67.299,False,True,True,True
s511,212,65.3846,25.6107,90.9018,26.5598,67.299,False,False,False,True
s511,213,62.3377,3.0469,85.189,26.5598,67.299,False,False,False,True
s511,214,175.343,113.005,103.22,26.5598,67.299,True,False,False,True
s511,215,92.6503,82.6922,101.106,26.5598,67.299,False,True,False,True
s511,216,37.594,55.0563,88.4034,26.5598,67.299,False,False,False,False
s511,217,75.5906,37.9966,85.8409,26.5598,67.299,False,False,False,False
s511,218,65.3061,10.2845,81.7339,26.5598,67.299,False,False,False,False
s511,219,0,65.3061,65.3871,26.5598,67.299,False,False,False,False
s511,220,0,0,52.3097,26.5598,67.299,False,True,False,False
s511,221,68.8372,68.8372,55.6152,26.5598,67.299,False,False,False,False
s511,222,98.9474,30.1102,64.2816,26.5598,67.299,False,False,False,False
s511,223,111.392,12.445,73.7038,26.5598,67.299,True,True,False,False
s511,224,44.3243,67.0681,67.8279,26.5598,67.299,False,False,False,False
s511,225,57.4713,13.147,65.7566,26.5598,67.299,False,False,False,False
s511,226,34.7826,22.6887,59.5618,26.5598,67.299,False,False,False,False
s511,227,87.2093,52.4267,65.0913,26.5598,67.299,False,False,False,False
s511,228,108.997,21.7881,73.8725,26.5598,67.299,True,False,False,False
s511,229,46.1825,62.8149,68.3345,26.5598,67.299,False,False,False,False
s511,230,52.4345,6.252,65.1545,26.5598,67.299,False,False,False,False
s511,231,61.3699,8.9354,64.3976,26.5598,67.299,False,False,False,False
s511,232,99.5475,38.1776,71.4276,26.5598,67.299,False,False,False,False
s511,233,57.4163,42.1312,68.6253,26.5598,67.299,False,False,False,False
s511,234,56.6372,0.7791,66.2277,26.5598,67.299,False,False,False,False
s511,235,49.1018,7.5354,62.8025,26.5598,67.299,False,False,False,False
s511,236,132.53,83.4283,76.748,26.5598,67.299,True,False,False,False
s511,237,73.6196,58.9105,76.1223,26.5598,67.299,False,False,False,True
s511,238,129.496,55.8768,86.7972,26.5598,67.299,True,True,False,True
s511,239,56.1743,73.3221,80.6726,26.5598,67.299,False,False,False,True
s511,240,400,343.826,144.538,26.5598,67.299,True,True,True,True
s511,241,149.112,250.888,145.453,26.5598,67.299,True,True,True,True
s511,242,60.1073,89.0051,128.384,26.5598,67.299,False,False,False,True
s511,243,37.299,22.8083,110.167,26.5598,67.299,False,False,False,False
s511,244,46.7043,9.4053,97.4743,26.5598,67.299,False,False,False,False
s511,245,56.9444,10.2401,89.3683,26.5598,67.299,False,False,False,False
s511,246,73.5254,16.581,86.1998,26.5598,67.299,False,False,False,False
s511,247,143.284,69.7582,97.6165,26.5598,67.299,True,False,False,False
s511,248,439.216,295.932,165.936,26.5598,67.299,True,True,False,False
s511,249,39.0746,400.141,140.564,26.5598,67.299,False,False,False,False
s511,250,43.3666,4.292,121.125,26.5598,67.299,False,False,False,False
s511,251,124.39,81.0236,121.778,26.5598,67.299,True,False,False,False
s511,252,94.6565,29.7337,116.353,26.5598,67.299,False,True,False,False
s511,253,43.7659,50.8906,101.836,26.5598,67.299,False,False,False,False
s511,254,47.8261,4.0602,91.034,26.5598,67.299,False,False,False,False
s511,255,60.0375,12.2114,84.8347,26.5598,67.299,False,False,False,False
s511,256,57.7049,2.3326,79.4087,26.5598,67.299,False,False,False,False
s511,257,45.478,12.2269,72.6226,26.5598,67.299,False,False,False,False
s511,258,33.7079,11.7701,64.8396,26.5598,67.299,False,False,False,False
s511,259,47.5524,13.8445,61.3822,26.5598,67.299,False,False,False,False
s511,260,36,11.5524,56.3058,26.5598,67.299,False,False,False,False
s511,261,87.8981,51.8981,62.6242,26.5598,67.299,False,False,False,False
s511,262,63.621,24.2771,62.8236,26.5598,67.299,False,False,False,False
s511,263,73.6,9.979,64.9789,26.5598,67.299,False,False,False,False
s511,264,85.8639,12.2639,69.1559,26.5598,67.299,False,False,False,False
s511,265,39.8385,46.0254,63.2924,26.5598,67.299,False,False,False,False
s511,266,37.276,2.5625,58.0891,26.5598,67.299,False,False,False,False
s511,267,57.9439,20.6679,58.0601,26.5598,67.299,False,False,False,False
s511,268,30.9524,26.9915,52.6385,26.5598,67.299,False,False,False,False
s511,269,41.4458,10.4934,50.4,26.5598,67.299,False,False,False,False
s511,270,64.7975,23.3517,53.2795,26.5598,67.299,False,False,False,False
s511,271,45.152,19.6455,51.654,26.5598,67.299,False,False,False,False
s511,272,61.4357,16.2837,53.6103,26.5598,67.299,False,False,False,False
s511,273,54.0707,7.365,53.7024,26.5598,67.299,False,False,False,False
s511,274,32.7177,21.353,49.5055,26.5598,67.299,False,False,False,False
s511,275,59.4354,26.7177,51.4915,26.5598,67.299,False,False,False,False
s511,276,56.6802,2.7552,52.5292,26.5598,67.299,False,False,False,False
s511,277,60.8414,4.1612,54.1916,26.5598,67.299,False,False,False,False
s511,278,40.4938,20.3476,51.4521,26.5598,67.299,False,False,False,False
s511,279,43.739,3.2452,49.9095,26.5598,67.299,False,False,False,False
s511,280,35.378,8.361,47.0032,26.5598,67.299,False,False,False,False
s511,281,71.3224,35.9444,51.867,26.5598,67.299,False,False,False,False
s511,282,32.2078,39.1146,47.9352,26.5598,67.299,False,False,False,False
s511,283,56.9395,24.7317,49.736,26.5598,67.299,False,False,False,False
s511,284,39.3296,17.6099,47.6547,26.5598,67.299,False,False,False,False
s511,285,48.3112,8.9816,47.786,26.5598,67.299,False,False,False,False
s511,286,41.3959,6.9153,46.508,26.5598,67.299,False,False,False,False
s511,287,23.8651,17.5308,41.9794,26.5598,67.299,False,False,False,False
s511,288,51.2418,27.3767,43.8319,26.5598,67.299,False,False,False,False
s511,289,57.0629,5.8211,46.4781,26.5598,67.299,False,False,False,False
s511,290,23.9748,33.0881,41.9774,26.5598,67.299,False,False,False,False
s511,291,62.0321,38.0573,45.9884,26.5598,67.299,False,False,False,False
s511,292,87.7419,25.7098,54.3391,26.5598,67.299,False,False,False,False
s511,293,41.0876,46.6543,51.6888,26.5598,67.299,False,False,False,False
s511,294,48.8372,7.7496,51.1185,26.5598,67.299,False,False,False,False
s511,295,34.6667,14.1705,47.8281,26.5598,67.299,False,False,False,False
s511,296,34.375,0.2917,45.1375,26.5598,67.299,False,False,False,False
s511,297,38.9294,4.5544,43.8959,26.5598,67.299,False,False,False,False
s511,298,34.7826,4.1468,42.0732,26.5598,67.299,False,False,False,False
s511,299,32.1168,2.6658,40.0819,26.5598,67.299,False,False,False,False
s511,300,38.4,6.2832,39.7455,26.5598,67.299,False,False,False,False
s511,301,69.9259,31.5259,45.7816,26.5598,67.299,False,False,False,False
s511,302,71.7428,1.8169,50.9739,26.5598,67.299,False,False,False,False
s511,303,63.3782,8.3646,53.4547,26.5598,67.299,False,False,False,False
s511,304,136.1,72.7214,69.9837,26.5598,67.299,True,False,False,False
s511,305,62.3377,73.7619,68.4545,26.5598,67.299,False,False,False,False
s511,306,75.6219,13.2842,69.888,26.5598,67.299,False,False,False,False
s511,307,64.2487,11.3732,68.7601,26.5598,67.299,False,False,False,False
s511,308,36.0265,28.2222,62.2134,26.5598,67.299,False,False,False,False
s511,309,50,13.9735,59.7707,26.5598,67.299,False,False,False,False
s511,310,45.8781,4.1219,56.9922,26.5598,67.299,False,False,False,False
s511,311,97.5124,51.6343,65.0962,26.5598,67.299,False,False,False,False
s511,312,57.2146,40.2978,63.5199,26.5598,67.299,False,False,False,False
s511,313,38.5542,18.6604,58.5268,26.5598,67.299,False,False,False,False
s511,314,59.4752,20.921,58.7165,26.5598,67.299,False,False,False,False
s511,315,36.8618,22.6134,54.3455,26.5598,67.299,False,False,False,False
s511,316,109.29,72.4278,65.3343,26.5598,67.299,True,False,False,False
s511,317,184.348,75.0582,89.137,26.5598,67.299,True,True,False,False
s511,318,52.4138,131.934,81.7924,26.5598,67.299,False,False,False,False
s511,319,39.7059,12.7079,73.3751,26.5598,67.299,False,False,False,False
s511,320,65.1584,25.4525,71.7318,26.5598,67.299,False,False,False,False
s511,321,26.546,38.6124,62.6946,26.5598,67.299,False,False,False,False
s511,322,50.6627,24.1167,60.2882,26.5598,67.299,False,False,False,False
s511,323,74.7875,24.1248,63.1881,26.5598,67.299,False,False,False,False
s511,324,70.4895,4.298,64.6484,26.5598,67.299,False,False,False,False
s511,325,82.5911,12.1016,68.2369,26.5598,67.299,False,False,False,False
s511,326,105.426,22.8353,75.6748,26.5598,67.299,False,False,True,False
s511,327,33.8425,71.5839,67.3083,26.5598,67.299,False,False,False,False
s511,328,60.3015,26.459,65.907,26.5598,67.299,False,False,False,False
s511,329,53.406,6.8955,63.4068,26.5598,67.299,False,False,False,False
s511,330,47.9401,5.4659,60.3134,26.5598,67.299,False,False,False,False
s511,331,34.4615,13.4786,55.1431,26.5598,67.299,False,False,False,False
s511,332,43.4568,8.9953,52.8058,26.5598,67.299,False,False,False,False
s511,333,30.6748,12.782,48.3796,26.5598,67.299,False,False,False,False
s511,334,71.1744,40.4996,52.9386,26.5598,67.299,False,False,False,False
s511,335,44.3497,26.8247,51.2208,26.5598,67.299,False,False,False,False
s511,336,48.6957,4.346,50.7158,26.5598,67.299,False,False,False,False
s511,337,41.3605,7.3352,48.8447,26.5598,67.299,False,False,False,False
s511,338,47.8571,6.4966,48.6472,26.5598,67.299,False,False,False,False
s511,339,73.0924,25.2353,53.5362,26.5598,67.299,False,False,False,False
s511,340,84.1202,11.0278,59.653,26.5598,67.299,False,False,False,False
s511,341,18.6047,65.5155,51.4434,26.5598,67.299,False,False,False,False
s511,342,76.6551,58.0504,56.4857,26.5598,67.299,False,False,False,False
s511,343,97.0149,20.3598,64.5915,26.5598,67.299,False,False,True,False
s511,344,23.2288,73.7861,56.319,26.5598,67.299,False,False,False,False
s511,345,247.343,224.114,94.5238,26.5598,67.299,True,True,False,False
s511,346,59.596,187.747,87.5382,26.5598,67.299,False,False,False,False
s511,347,37.4269,22.1691,77.516,26.5598,67.299,False,False,False,False
s511,348,11.8019,25.625,64.3732,26.5598,67.299,False,False,False,False
s511,349,19.802,8.0001,55.4589,26.5598,67.299,False,False,False,False
s511,350,112.715,92.9128,66.9101,26.5598,67.299,True,False,False,False
s511,351,53.4918,59.223,64.2264,26.5598,67.299,False,False,False,False
s511,352,22.6415,30.8503,55.9095,26.5598,67.299,False,False,False,False
s511,353,70.8738,48.2323,58.9023,26.5598,67.299,False,False,False,False
s511,354,60.0791,10.7947,59.1377,26.5598,67.299,False,False,False,False
s511,355,44.9612,15.1179,56.3024,26.5598,67.299,False,False,False,False
s511,356,22.268,22.6932,49.4955,26.5598,67.299,False,False,False,False
s511,357,49.6945,27.4265,49.5353,26.5598,67.299,False,False,False,False
s511,358,57.4257,7.7312,51.1134,26.5598,67.299,False,False,False,False
s511,359,94.6746,37.2489,59.8256,26.5598,67.299,False,False,False,False
s511,360,88.8889,5.7857,65.6383,26.5598,67.299,False,True,False,False
s511,361,20.1198,68.7691,56.5346,26.5598,67.299,False,False,False,False
s511,362,114.286,94.1659,68.0848,26.5598,67.299,True,True,False,False
s511,363,72.8713,41.4144,69.0421,26.5598,67.299,False,False,True,False
s511,364,58.0726,14.7987,66.8482,26.5598,67.299,False,False,False,False
s511,365,27.9509,30.1217,59.0687,26.5598,67.299,False,False,False,False
s511,366,54.6154,26.6645,58.1781,26.5598,67.299,False,False,False,False
s511,367,62.0499,7.4345,58.9524,26.5598,67.299,False,False,False,False
s511,368,51.1628,10.8871,57.3945,26.5598,67.299,False,False,False,False
s511,369,27.991,23.1718,51.5138,26.5598,67.299,False,False,False,False
s511,370,87.4751,59.4841,58.7061,26.5598,67.299,False,False,False,False
s511,371,45.6599,41.8152,56.0968,26.5598,67.299,False,False,False,False
s511,372,57.732,12.0721,56.4239,26.5598,67.299,False,False,False,False
s511,373,83.3747,25.6427,61.814,26.5598,67.299,False,False,False,False
s511,374,114.526,31.1516,72.3565,26.5598,67.299,True,False,False,False
s511,375,56.4972,58.0291,69.1846,26.5598,67.299,False,False,False,False
s511,376,58.7065,2.2093,67.089,26.5598,67.299,False,False,False,False
s511,377,104.348,45.6413,74.5408,26.5598,67.299,False,False,False,False
s511,378,41.8462,62.5016,68.0019,26.5598,67.299,False,False,False,False
s511,379,62.6826,20.8364,66.938,26.5598,67.299,False,False,False,False
s511,380,64.9215,2.2389,66.5347,26.5598,67.299,False,False,False,False
s511,381,64,0.9215,66.0278,26.5598,67.299,False,False,False,False
s511,382,57.8209,6.1791,64.3864,26.5598,67.299,False,False,False,False
s511,383,51.4745,6.3464,61.804,26.5598,67.299,False,False,False,False
s511,384,68.8608,17.3863,63.2154,26.5598,67.299,False,False,False,False
s511,385,74.3935,5.5327,65.451,26.5598,67.299,False,False,False,False
s511,386,40.8912,33.5023,60.539,26.5598,67.299,False,False,False,False
s511,387,53.9629,13.0717,59.2238,26.5598,67.299,False,False,False,False
s511,388,29.3878,24.5751,53.2566,26.5598,67.299,False,False,False,False
s511,389,39.5506,10.1628,50.5154,26.5598,67.299,False,False,False,False
s511,390,48,8.4494,50.0123,26.5598,67.299,False,False,False,False
s511,391,35.7827,12.2173,47.1664,26.5598,67.299,False,False,False,False
s511,392,48.1046,12.3219,47.354,26.5598,67.299,False,False,False,False
s511,393,45.2579,2.8467,46.9348,26.5598,67.299,False,False,False,False
s511,394,51.3369,6.079,47.8152,26.5598,67.299,False,False,False,False
s511,395,26.8344,24.5025,43.6191,26.5598,67.299,False,False,False,False
s511,396,54.3689,27.5345,45.769,26.5598,67.299,False,False,False,False
s511,397,55.0607,0.6918,47.6274,26.5598,67.299,False,False,False,False
s511,398,52.3977,2.663,48.5814,26.5598,67.299,False,False,False,False
s511,399,85.7909,33.3932,56.0233,26.5598,67.299,False,False,False,False
s511,400,54.0305,31.7604,55.6248,26.5598,67.299,False,False,False,False
s511,401,49.3724,4.6581,54.3743,26.5598,67.299,False,False,False,False
s511,402,122.727,73.3549,68.0449,26.5598,67.299,True,False,False,False
s511,403,59.3577,63.3696,66.3075,26.5598,67.299,False,False,False,True
s511,404,86.9565,27.5988,70.4373,26.5598,67.299,False,False,False,True
s511,405,19.8582,67.0983,60.3214,26.5598,67.299,False,False,False,False
s511,406,64.6204,44.7622,61.1812,26.5598,67.299,False,False,False,False
s511,407,20.8514,43.769,53.1153,26.5598,67.299,False,False,False,False
s511,408,26.7658,5.9144,47.8454,26.5598,67.299,False,False,False,False
s511,409,46.9294,20.1636,47.6622,26.5598,67.299,False,False,False,False
s511,410,35.5828,11.3466,45.2463,26.5598,67.299,False,False,False,False
s511,411,54.8792,19.2964,47.1729,26.5598,67.299,False,False,False,False
s511,412,41.9162,12.963,46.1215,26.5598,67.299,False,False,False,False
s511,413,46.5649,4.6487,46.2102,26.5598,67.299,False,False,False,False
s511,414,39.3443,7.2206,44.837,26.5598,67.299,False,False,False,False
s511,415,37.8517,1.4926,43.44,26.5598,67.299,False,False,False,False
s511,416,51.4412,13.5895,45.0402,26.5598,67.299,False,False,False,False
s511,417,64.1115,12.6703,48.8545,26.5598,67.299,False,False,False,False
s511,418,58.891,5.2205,50.8618,26.5598,67.299,False,False,False,False
s511,419,62.439,3.548,53.1772,26.5598,67.299,False,False,False,False
s511,420,20.4122,42.0268,46.6242,26.5598,67.299,False,False,False,False
s511,421,174.807,154.395,72.2608,26.5598,67.299,True,False,False,False
s511,422,44.3213,130.486,66.6729,26.5598,67.299,False,False,False,False
s511,423,45.3515,1.0302,62.4086,26.5598,67.299,False,False,False,False
s511,424,49.0251,3.6736,59.7319,26.5598,67.299,False,False,False,False
s511,425,31.4342,17.5909,54.0724,26.5598,67.299,False,False,False,False
s511,426,73.6634,42.2292,57.9906,26.5598,67.299,False,False,False,False
s511,427,36.7722,36.8912,53.7469,26.5598,67.299,False,False,False,False
s511,428,42.4178,5.6456,51.4811,26.5598,67.299,False,False,False,False
s511,429,73.0964,30.6786,55.8041,26.5598,67.299,False,False,False,False
s511,430,70.4545,2.6419,58.7342,26.5598,67.299,False,False,False,False
s511,431,66.6667,3.7878,60.3207,26.5598,67.299,False,False,False,False
s511,432,18.7013,47.9654,51.9968,26.5598,67.299,False,False,False,False
s511,433,37.0221,18.3208,49.0019,26.5598,67.299,False,False,False,False
s511,434,55.04,18.0179,50.2095,26.5598,67.299,False,False,False,False
s511,435,59.2058,4.1658,52.0088,26.5598,67.299,False,False,False,False
s511,436,68.0614,8.8556,55.2193,26.5598,67.299,False,False,False,False
s511,437,33.7514,34.31,50.9257,26.5598,67.299,False,False,False,False
s511,438,35.6636,1.9122,47.8733,26.5598,67.299,False,False,False,False
s511,439,35.6979,0.0343,45.4382,26.5598,67.299,False,False,False,False
s511,440,36.0153,0.3174,43.5536,26.5598,67.299,False,False,False,False
s511,441,40.4949,4.4796,42.9419,26.5598,67.299,False,False,False,False
s511,442,62.7451,22.2502,46.9025,26.5598,67.299,False,False,False,False
s511,443,84.9279,22.1828,54.5076,26.5598,67.299,False,False,False,False
s511,444,66.9951,17.9328,57.0051,26.5598,67.299,False,False,False,False
s511,445,44.1472,22.8479,54.4335,26.5598,67.299,False,False,False,False
s511,446,113.333,69.1861,66.2135,26.5598,67.299,True,False,False,False
s511,447,47.2973,66.036,62.4302,26.5598,67.299,False,False,False,False
s511,448,91.9861,44.6888,68.3414,26.5598,67.299,False,True,False,False
s511,449,51.296,40.6901,64.9323,26.5598,67.299,False,False,False,False
s511,450,32.3316,18.9644,58.4122,26.5598,67.299,False,False,False,False
s511,451,44.4902,12.1586,55.6278,26.5598,67.299,False,False,False,False
s511,452,67.884,23.3938,58.079,26.5598,67.299,False,False,False,False
s511,453,46.6586,21.2254,55.7949,26.5598,67.299,False,False,False,False
s511,454,47.4506,0.792,54.1261,26.5598,67.299,False,False,False,False
s511,455,51.6432,4.1926,53.6295,26.5598,67.299,False,False,False,False
s511,456,66.8407,15.1975,56.2717,26.5598,67.299,False,False,False,False
s511,457,68.75,1.9093,58.7674,26.5598,67.299,False,False,False,False
s511,458,60.5678,8.1822,59.1275,26.5598,67.299,False,False,False,False
s511,459,77.707,17.1392,62.8434,26.5598,67.299,False,False,False,False
s511,460,53.4954,24.2116,60.9738,26.5598,67.299,False,False,False,False
s511,461,49.8468,3.6486,58.7484,26.5598,67.299,False,False,False,True
s511,462,49.2462,0.6006,56.8479,26.5598,67.299,False,False,False,True
s511,463,73.5751,24.3289,60.1934,26.5598,67.299,False,False,False,True
s511,464,148.988,75.4128,77.9523,26.5598,67.299,True,False,False,True
s511,465,32.4528,116.535,68.8524,26.5598,67.299,False,False,False,False
s511,466,68.2803,35.8275,68.738,26.5598,67.299,False,False,False,False
s511,467,46.1825,22.0978,64.2269,26.5598,67.299,False,False,False,False
s511,468,20.5674,25.6151,55.495,26.5598,67.299,False,False,False,False
s511,469,24.6154,4.048,49.3191,26.5598,67.299,False,False,False,False
s511,470,26.2425,1.6271,44.7038,26.5598,67.299,False,False,False,False
s511,471,31.7741,5.5316,42.1178,26.5598,67.299,False,False,False,False
s511,472,25.9811,5.793,38.8905,26.5598,67.299,False,False,True,False
s511,473,35.0663,9.0852,38.1256,26.5598,67.299,False,False,False,False
s511,474,74.6386,39.5723,45.4282,26.5598,67.299,False,False,False,False
s511,475,63.6025,11.0361,49.0631,26.5598,67.299,False,False,False,False
s511,476,39.1179,24.4846,47.074,26.5598,67.299,False,False,False,False
s511,477,37.3749,1.743,45.1342,26.5598,67.299,False,False,False,False
s511,478,27.8867,9.4882,41.6847,26.5598,67.299,False,False,False,False
s511,479,46.2963,18.4096,42.607,26.5598,67.299,False,False,False,False
s511,480,35.5739,10.7224,41.2004,26.5598,67.299,False,False,False,False
s511,481,56.3246,20.7507,44.2252,26.5598,67.299,False,False,False,False
s511,482,17.7986,38.526,38.9399,26.5598,67.299,False,False,False,False
s511,483,31.9645,14.1659,37.5448,26.5598,67.299,False,False,False,False
s511,484,253.793,221.829,80.7945,26.5598,67.299,True,False,False,False
s511,485,58.5143,195.279,76.3384,26.5598,67.299,False,False,False,False
s511,486,29.932,28.5823,67.0572,26.5598,67.299,False,False,False,False
s511,487,71.9723,42.0403,68.0402,26.5598,67.299,False,False,False,False
s511,488,28.6885,43.2838,60.1698,26.5598,67.299,False,False,False,False
s511,489,30.1602,1.4717,54.1679,26.5598,67.299,False,False,False,False
s511,490,67.8967,37.7365,56.9137,26.5598,67.299,False,False,False,False
s511,491,54.7009,13.1958,56.4711,26.5598,67.299,False,False,False,False
s511,492,71.028,16.3271,59.3825,26.5598,67.299,False,False,False,False
s511,493,35.3222,35.7058,54.5704,26.5598,67.299,False,False,False,False
s511,494,67.7419,32.4197,57.2047,26.5598,67.299,False,False,False,False
s511,495,49.5495,18.1924,55.6737,26.5598,67.299,False,False,False,False
s511,496,60.1058,10.5563,56.5601,26.5598,67.299,False,False,False,False
s511,497,61.9565,1.8507,57.6394,26.5598,67.299,False,False,False,False
s511,498,35.2542,26.7023,53.1623,26.5598,67.299,False,False,False,False
s511,499,81.3333,46.0791,58.7965,26.5598,67.299,False,False,False,False
s511,500,52.6674,28.6659,57.5707,26.5598,67.299,False,False,False,False
s511,501,39.7838,12.8836,54.0133,26.5598,67.299,False,False,False,False
s511,502,49.6552,9.8714,53.1417,26.5598,67.299,False,False,False,False
s511,503,44.9931,4.6621,51.512,26.5598,67.299,False,False,False,False
s511,504,35.5995,9.3936,48.3295,26.5598,67.299,False,False,False,False
s511,505,33.3709,2.2286,45.3378,26.5598,67.299,False,False,False,False
s511,506,70.1754,36.8045,50.3053,26.5598,67.299,False,False,False,False
s511,507,63.6364,6.539,52.9715,26.5598,67.299,False,False,False,False
s511,508,29.4537,34.1827,48.268,26.5598,67.299,False,False,False,False
s511,509,40.8387,11.385,46.7821,26.5598,67.299,False,False,False,False
s511,510,49.9376,9.0989,47.4132,26.5598,67.299,False,False,False,False
s511,511,53.1208,3.1832,48.5547,26.5598,67.299,False,False,False,False
s511,512,26.1723,26.9485,44.0782,26.5598,67.299,False,False,False,False
s511,513,31.8408,5.6685,41.6307,26.5598,67.299,False,False,False,False
s511,514,57.971,26.1302,44.8988,26.5598,67.299,False,False,False,False
s511,515,38.3901,19.5809,43.5971,26.5598,67.299,False,False,False,False
s511,516,43.8462,5.4561,43.6469,26.5598,67.299,False,False,False,False
s511,517,26.943,16.9032,40.3061,26.5598,67.299,False,False,False,False
s511,518,46.4912,19.5482,41.5431,26.5598,67.299,False,False,False,False
s511,519,28.1553,18.3359,38.8656,26.5598,67.299,False,False,False,False
s511,520,119.174,91.0187,54.9273,26.5598,67.299,True,False,False,False
s511,521,74.5149,44.6591,58.8448,26.5598,67.299,False,False,False,False
s511,522,34.8837,39.6312,54.0526,26.5598,67.299,False,False,False,False
s511,523,63.3245,28.4408,55.907,26.5598,67.299,False,False,False,False
s511,524,59.8226,3.5019,56.6901,26.5598,67.299,False,False,False,False
s511,525,34.709,25.1136,52.2939,26.5598,67.299,False,False,False,False
s511,526,90.8023,56.0933,59.9956,26.5598,67.299,False,False,False,False
s511,527,57.7227,33.0796,59.541,26.5598,67.299,False,False,False,False
s511,528,55.5053,2.2174,58.7338,26.5598,67.299,False,False,False,False
s511,529,44.7427,10.7626,55.9356,26.5598,67.299,False,False,False,False
s511,530,48.9241,4.1814,54.5333,26.5598,67.299,False,False,False,False
s511,531,28.5472,20.3769,49.3361,26.5598,67.299,False,False,False,False
s511,532,56.5998,28.0526,50.7888,26.5598,67.299,False,False,False,False
s511,533,42.7141,13.8857,49.1739,26.5598,67.299,False,False,False,False
s511,534,37.3576,5.3565,46.8106,26.5598,67.299,False,False,False,False
s511,535,37.8022,0.4446,45.0089,26.5598,67.299,False,False,False,False
s511,536,69.3587,31.5565,49.8789,26.5598,67.299,False,False,False,False
s511,537,44.6247,24.734,48.8281,26.5598,67.299,False,False,False,False
s511,538,45.5026,0.8779,48.163,26.5598,67.299,False,False,False,False
s511,539,53.265,7.7624,49.1834,26.5598,67.299,False,False,False,False
s511,540,67.3267,14.0617,52.812,26.5598,67.299,False,False,False,False
s511,541,90.5109,23.1842,60.3518,26.5598,67.299,False,False,False,False
s511,542,41.9251,48.5858,56.6665,26.5598,67.299,False,False,False,False
s511,543,35.9955,5.9296,52.5323,26.5598,67.299,False,False,False,False
s511,544,46.4957,10.5002,51.325,26.5598,67.299,False,False,False,False
s511,545,66.0793,19.5836,54.2758,26.5598,67.299,False,False,False,False
s511,546,32.0875,33.9918,49.8382,26.5598,67.299,False,False,False,False
s511,547,36.036,3.9485,47.0777,26.5598,67.299,False,False,False,False
s511,548,22.4404,13.5956,42.1503,26.5598,67.299,False,False,False,False
s511,549,67.0391,44.5987,47.128,26.5598,67.299,False,False,False,False
s511,550,32.1377,34.9014,44.13,26.5598,67.299,False,False,False,False
s511,551,62.9108,30.7731,47.8861,26.5598,67.299,False,False,False,False
s511,552,68.1739,5.2631,51.9437,26.5598,67.299,False,False,False,False
s511,553,50.2513,17.9226,51.6052,26.5598,67.299,False,False,False,False
s511,554,37.9691,12.2822,48.878,26.5598,67.299,False,False,False,False
s511,555,48.5126,10.5435,48.8049,26.5598,67.299,False,False,False,False
s511,556,69.1162,20.6036,52.8672,26.5598,67.299,False,False,False,False
s511,557,39.2894,29.8268,50.1516,26.5598,67.299,False,False,False,False
s511,558,20.9567,18.3327,44.3126,26.5598,67.299,False,False,False,False
s511,559,34.1801,13.2234,42.2861,26.5598,67.299,False,False,False,False
s511,560,65.1163,30.9362,46.8522,26.5598,67.299,False,False,False,False
s511,561,47.1204,17.9959,46.9058,26.5598,67.299,False,False,False,False
s511,562,72.2222,25.1018,51.9691,26.5598,67.299,False,False,False,False
s511,563,45.7338,26.4884,50.722,26.5598,67.299,False,False,False,False
s511,564,36.715,9.0188,47.9206,26.5598,67.299,False,False,False,False
s511,565,18.1303,18.5847,41.9626,26.5598,67.299,False,False,False,False
s511,566,62.3288,44.1985,46.0358,26.5598,67.299,False,False,False,False
s511,567,76.8769,14.5481,52.204,26.5598,67.299,False,False,False,False
s511,568,61.9718,14.9051,54.1576,26.5598,67.299,False,False,False,False
s511,569,55.377,6.5948,54.4015,26.5598,67.299,False,False,False,False
s511,570,33.2449,22.1321,50.1702,26.5598,67.299,False,False,False,False
s511,571,45.8732,12.6283,49.3108,26.5598,67.299,False,False,False,False
s511,572,69.7051,23.8319,53.3896,26.5598,67.299,False,False,False,False
s511,573,29.4004,40.3047,48.5918,26.5598,67.299,False,False,False,False
s511,574,40.0891,10.6887,46.8912,26.5598,67.299,False,False,False,False
s511,575,63.6872,23.5981,50.2504,26.5598,67.299,False,False,False,False
s511,576,54.9102,8.777,51.1824,26.5598,67.299,False,False,False,False
s511,577,48.9152,5.995,50.729,26.5598,67.299,False,False,False,False
s511,578,25.3968,23.5184,45.6625,26.5598,67.299,False,False,False,False
s511,579,37.7104,12.3136,44.0721,26.5598,67.299,False,False,False,False
s511,580,451.485,413.775,125.555,26.5598,67.299,True,False,False,False
s511,581,63.8498,387.635,113.214,26.5598,67.299,False,False,False,False
s511,582,62.7615,1.0883,103.123,26.5598,67.299,False,False,False,False
s511,583,39.5062,23.2553,90.3999,26.5598,67.299,False,False,False,False
s511,584,55.0169,15.5107,83.3233,26.5598,67.299,False,False,False,False
s511,585,107.099,52.0825,88.0785,26.5598,67.299,False,False,False,False
s511,586,35.0168,72.0826,77.4662,26.5598,67.299,False,False,False,False
s511,587,49.0934,14.0766,71.7916,26.5598,67.299,False,False,False,False
s511,588,29.0909,20.0025,63.2515,26.5598,67.299,False,False,False,False
s511,589,49.6614,20.5705,60.5335,26.5598,67.299,False,False,False,False
s511,590,87.2521,37.5907,65.8772,26.5598,67.299,False,False,False,False
s511,591,59.5136,27.7385,64.6045,26.5598,67.299,False,False,False,False
s511,592,70.8688,11.3552,65.8573,26.5598,67.299,False,False,False,False
s511,593,42.0202,28.8486,61.0899,26.5598,67.299,False,False,False,False
s511,594,37.2712,4.749,56.3262,26.5598,67.299,False,False,False,False
s511,595,28.18,9.0912,50.6969,26.5598,67.299,False,False,False,False
s511,596,26.8108,1.3692,45.9197,26.5598,67.299,False,False,False,False
s511,597,67.7249,40.9141,50.2807,26.5598,67.299,False,False,False,False
s511,598,28.3333,39.3916,45.8913,26.5598,67.299,False,False,False,False
s511,599,43.5233,15.19,45.4177,26.5598,67.299,False,False,False,False
s511,600,48.4441,4.9208,46.023,26.5598,67.299,False,False,False,False
s511,601,69.8851,21.441,50.7954,26.5598,67.299,False,False,False,False
s511,602,50.1253,19.7598,50.6614,26.5598,67.299,False,False,False,False
s511,603,249.711,199.586,90.4713,26.5598,67.299,True,False,False,False
s511,604,66.2144,183.497,85.6199,26.5598,67.299,False,False,False,False
s511,605,50.7439,15.4705,78.6447,26.5598,67.299,False,False,False,False
s511,606,69.12,18.3761,76.7398,26.5598,67.299,False,False,False,False
s511,607,73.0077,3.8877,75.9934,26.5598,67.299,False,False,False,True
s511,608,55.0206,17.9871,71.7988,26.5598,67.299,False,False,False,True
s511,609,42.6117,12.4089,65.9614,26.5598,67.299,False,False,False,False
s511,610,68.7831,26.1714,66.5257,26.5598,67.299,False,False,False,False
s511,611,64.5341,4.249,66.1274,26.5598,67.299,False,False,False,False
s511,612,57.971,6.5631,64.4961,26.5598,67.299,False,False,False,False
s511,613,41.8733,16.0977,59.9716,26.5598,67.299,False,False,False,False
s511,614,35.6627,6.2106,55.1098,26.5598,67.299,False,False,False,False
s511,615,38.143,2.4803,51.7164,26.5598,67.299,False,False,False,False
s511,616,79.8859,41.7429,57.3503,26.5598,67.299,False,False,False,False
s511,617,48.5584,31.3275,55.5919,26.5598,67.299,False,False,False,False
s511,618,36.6791,11.8793,51.8094,26.5598,67.299,False,False,False,False
s511,619,70.7368,34.0577,55.5949,26.5598,67.299,False,False,False,False
s511,620,43.7856,26.9512,53.233,26.5598,67.299,False,False,False,False
s511,621,47.7612,3.9756,52.1386,26.5598,67.299,False,False,False,False
s511,622,28.0193,19.7419,47.3148,26.5598,67.299,False,False,False,False
s511,623,45.9096,17.8903,47.0337,26.5598,67.299,False,False,False,False
s511,624,32.57,13.3396,44.141,26.5598,67.299,False,False,False,False
s511,625,129.081,96.5107,61.1289,26.5598,67.299,True,False,False,False
s511,626,41.6851,87.3956,57.2402,26.5598,67.299,False,False,False,False
s511,627,70.4545,28.7694,59.883,26.5598,67.299,False,False,False,False
s511,628,47.3804,23.0741,57.3825,26.5598,67.299,False,False,False,False
s511,629,53.406,6.0256,56.5872,26.5598,67.299,False,False,False,False
s511,630,67.9245,14.5185,58.8547,26.5598,67.299,False,False,False,False
s511,631,39.3273,28.5972,54.9492,26.5598,67.299,False,False,False,False
s511,632,77.193,37.8657,59.398,26.5598,67.299,False,False,False,False
s511,633,52.8833,24.3097,58.095,26.5598,67.299,False,False,False,False
s511,634,217.143,164.26,89.9046,26.5598,67.299,True,False,False,False
s511,635,58.4927,158.65,83.6222,26.5598,67.299,False,False,False,False
s511,636,47.4674,11.0253,76.3913,26.5598,67.299,False,False,False,False
s511,637,55.1432,7.6758,72.1416,26.5598,67.299,False,False,False,False
s511,638,32.6975,22.4457,64.2528,26.5598,67.299,False,False,False,False
s511,639,68.0628,35.3653,65.0148,26.5598,67.299,False,False,False,False
s511,640,61.8847,6.1781,64.3888,26.5598,67.299,False,False,False,False
s511,641,54.6154,7.2693,62.4341,26.5598,67.299,False,False,False,False
s511,642,40.4669,14.1485,58.0407,26.5598,67.299,False,False,False,False
s511,643,58.9474,18.4805,58.222,26.5598,67.299,False,False,False,False
s511,644,77.6014,18.654,62.0979,26.5598,67.299,False,False,False,False
s511,645,46.2312,31.3702,58.9246,26.5598,67.299,False,False,False,False
s511,646,28.7179,17.5133,52.8832,26.5598,67.299,False,False,False,False
s511,647,53.092,24.3741,52.925,26.5598,67.299,False,False,False,False
s511,648,65.9039,12.8119,55.5208,26.5598,67.299,False,False,False,False
s511,649,46.473,19.4309,53.7112,26.5598,67.299,False,False,False,False
s511,650,33.0579,13.4151,49.5805,26.5598,67.299,False,False,False,False
s511,651,39.7516,6.6937,47.6148,26.5598,67.299,False,False,False,False
s511,652,97.8304,58.0788,57.6579,26.5598,67.299,False,False,False,False
s511,653,56.445,41.3854,57.4153,26.5598,67.299,False,False,False,False
s511,654,27.154,29.291,51.363,26.5598,67.299,False,False,False,False
s511,655,54.7579,27.6039,52.042,26.5598,67.299,False,False,False,False
s511,656,61.4458,6.6879,53.9228,26.5598,67.299,False,False,False,False
s511,657,32.0388,29.407,49.546,26.5598,67.299,False,False,False,False
s511,658,38.4088,6.37,47.3185,26.5598,67.299,False,False,False,False
s511,659,67.9452,29.5364,51.4439,26.5598,67.299,False,False,False,False
s511,660,59.2255,8.7197,53.0002,26.5598,67.299,False,False,False,False
s511,661,60.6357,1.4102,54.5273,26.5598,67.299,False,False,False,False
s511,662,36.2869,24.3488,50.8792,26.5598,67.299,False,False,False,False
s511,663,103.129,66.842,61.3292,26.5598,67.299,False,False,False,False
s511,664,48.1532,54.9757,58.694,26.5598,67.299,False,False,False,False
s511,665,35.518,12.6352,54.0588,26.5598,67.299,False,False,False,False
s511,666,75.5245,40.0065,58.3519,26.5598,67.299,False,False,False,False
s511,667,60.1367,15.3878,58.7089,26.5598,67.299,False,False,False,False
s511,668,52.2003,7.9364,57.4072,26.5598,67.299,False,False,False,False
s511,669,52.9323,0.732,56.5122,26.5598,67.299,False,False,False,False
s511,670,90.2486,37.3163,63.2595,26.5598,67.299,False,False,False,False
s511,671,88.2521,1.9965,68.258,26.5598,67.299,False,True,False,False
s511,672,46.3054,41.9467,63.8675,26.5598,67.299,False,False,False,False
s511,673,43.6236,2.6818,59.8187,26.5598,67.299,False,False,False,False
s511,674,74.277,30.6534,62.7104,26.5598,67.299,False,False,False,False
s511,675,41.5045,32.7725,58.4692,26.5598,67.299,False,False,False,False
s511,676,26.2009,15.3036,52.0155,26.5598,67.299,False,False,False,False
s511,677,82.3848,56.1839,58.0894,26.5598,67.299,False,False,False,False
s511,678,48.1807,34.2041,56.1076,26.5598,67.299,False,False,False,False
s511,679,23.2558,24.9249,49.5373,26.5598,67.299,False,False,False,False
s511,680,36.773,13.5172,46.9844,26.5598,67.299,False,False,False,False
s511,681,67.2897,30.5167,51.0455,26.5598,67.299,False,False,False,False
s511,682,66.4962,0.7935,54.1356,26.5598,67.299,False,False,False,False
s511,683,32.9412,33.555,49.8967,26.5598,67.299,False,False,False,False
s511,684,64.455,31.5138,52.8084,26.5598,67.299,False,False,False,False
s511,685,93.3333,28.8783,60.9134,26.5598,67.299,False,False,False,False
s511,686,45.4756,47.8577,57.8258,26.5598,67.299,False,False,False,False
s511,687,35.6627,9.8129,53.3932,26.5598,67.299,False,False,False,False
s511,688,37.4846,1.8219,50.2115,26.5598,67.299,False,False,False,False
s511,689,20.6769,16.8077,44.3046,26.5598,67.299,False,False,False,False
s511,690,68.8047,48.1278,49.2046,26.5598,67.299,False,False,False,False
s511,691,22.6221,46.1826,43.8881,26.5598,67.299,False,False,False,False
s511,692,65.0177,42.3956,48.114,26.5598,67.299,False,False,False,False
s511,693,89.1365,24.1188,56.3185,26.5598,67.299,False,False,False,False
s511,694,48.5584,40.5781,54.7665,26.5598,67.299,False,False,False,False
s511,695,45.5516,3.0068,52.9235,26.5598,67.299,False,False,False,False
s511,696,39.3327,6.2189,50.2053,26.5598,67.299,False,False,False,False
s511,697,36.1991,3.1336,47.4041,26.5598,67.299,False,False,False,False
s511,698,42.3707,6.1716,46.3974,26.5598,67.299,False,False,False,False
s511,699,42.3174,0.0533,45.5814,26.5598,67.299,False,False,False,False
s511,700,51.0638,8.7464,46.6779,26.5598,67.299,False,False,False,False
s511,701,26.4059,24.6579,42.6235,26.5598,67.299,False,False,False,False
s511,702,196.02,169.614,73.3028,26.5598,67.299,True,False,False,False
s511,703,59.0164,137.004,70.4455,26.5598,67.299,False,False,False,False
s511,704,92.4623,33.4459,74.8489,26.5598,67.299,False,True,False,False
s511,705,58.0357,34.4266,71.4862,26.5598,67.299,False,False,False,False
s511,706,120.603,62.5673,81.3096,26.5598,67.299,True,True,False,False
s511,707,58.2659,62.3371,76.7008,26.5598,67.299,False,False,False,False
s511,708,36.0106,22.2553,68.5628,26.5598,67.299,False,False,False,False
s511,709,39.8754,3.8648,62.8253,26.5598,67.299,False,False,False,False
s511,710,60.1093,20.2339,62.2821,26.5598,67.299,False,False,False,False
s511,711,42.6966,17.4127,58.365,26.5598,67.299,False,False,False,False
s511,712,61.3861,18.6895,58.9692,26.5598,67.299,False,False,False,False
s511,713,45.6345,15.7516,56.3023,26.5598,67.299,False,False,False,False
s511,714,26.5089,19.1256,50.3436,26.5598,67.299,False,False,False,False
s511,715,24.2424,2.2665,45.1234,26.5598,67.299,False,False,False,False
s511,716,62.5337,38.2913,48.6054,26.5598,67.299,False,False,False,False
s511,717,45.9016,16.6321,48.0647,26.5598,67.299,False,False,False,False
s511,718,56.7089,10.8073,49.7935,26.5598,67.299,False,False,False,False
s511,719,63.0588,6.3499,52.4466,26.5598,67.299,False,False,False,False
s511,720,29.3333,33.7255,47.8239,26.5598,67.299,False,False,False,False
s511,721,66.941,37.6077,51.6473,26.5598,67.299,False,False,False,False
s511,722,45.6576,21.2834,50.4494,26.5598,67.299,False,False,False,False
s511,723,55.7769,10.1193,51.5149,26.5598,67.299,False,False,False,False
s511,724,42.0538,13.7231,49.6227,26.5598,67.299,False,False,False,False
s511,725,32.3497,9.7041,46.1681,26.5598,67.299,False,False,False,False
s511,726,36.8715,4.5218,44.3088,26.5598,67.299,False,False,False,False
s511,727,32.1142,4.7573,41.8698,26.5598,67.299,False,False,False,False
s511,728,44.5033,12.3891,42.3965,26.5598,67.299,False,False,False,False
s511,729,31.769,12.7343,40.271,26.5598,67.299,False,False,False,False
s511,730,28.6674,3.1016,37.9503,26.5598,67.299,False,False,False,False
s511,731,53.076,24.4086,40.9754,26.5598,67.299,False,False,False,False
s511,732,200.823,147.747,72.945,26.5598,67.299,True,False,False,False
s511,733,44.1454,156.678,67.185,26.5598,67.299,False,False,False,False
s511,734,35.5556,8.5898,60.8592,26.5598,67.299,False,False,False,False
s511,735,40.6936,5.138,56.826,26.5598,67.299,False,False,False,False
s511,736,59.3438,18.6502,57.3296,26.5598,67.299,False,False,False,False
s511,737,60.0791,0.7353,57.8795,26.5598,67.299,False,False,False,False
s511,738,34.2688,25.8103,53.1574,26.5598,67.299,False,False,False,False
s511,739,78.8235,44.5547,58.2906,26.5598,67.299,False,False,False,False
s511,740,37.3333,41.4902,54.0991,26.5598,67.299,False,False,False,False
s511,741,33.9703,3.363,50.0734,26.5598,67.299,False,False,False,False
s511,742,69.5103,35.54,53.9608,26.5598,67.299,False,False,False,False
s511,743,63.5579,5.9524,55.8802,26.5598,67.299,False,False,False,False
s511,744,30.2895,33.2684,50.762,26.5598,67.299,False,False,False,False
s511,745,47.36,17.0705,50.0816,26.5598,67.299,False,False,False,False
s511,746,60.1002,12.7402,52.0853,26.5598,67.299,False,False,False,False
s511,747,36.8825,23.2177,49.0448,26.5598,67.299,False,False,False,False
s511,748,35.2941,1.5884,46.2946,26.5598,67.299,False,False,False,False
s511,749,32.491,2.8031,43.5339,26.5598,67.299,False,False,False,False
s511,750,53.6082,21.1172,45.5488,26.5598,67.299,False,False,False,False
s511,751,62.7054,9.0972,48.9801,26.5598,67.299,False,False,False,False
s511,752,94.8454,32.14,58.1532,26.5598,67.299,False,False,False,False
s511,753,80.4829,14.3625,62.6191,26.5598,67.299,False,False,False,False
s511,754,85.8991,5.4162,67.2751,26.5598,67.299,False,False,False,False
s511,755,35.2423,50.6568,60.8685,26.5598,67.299,False,False,False,False
s511,756,18.929,16.3133,52.4806,26.5598,67.299,False,False,False,False
s511,757,31.7386,12.8096,48.3322,26.5598,67.299,False,False,False,False
s511,758,48.1283,16.3897,48.2914,26.5598,67.299,False,False,False,False
s511,759,14.1113,34.017,41.4554,26.5598,67.299,False,False,False,False
s511,760,25.2308,11.1195,38.2105,26.5598,67.299,False,False,False,False
s511,761,61.4439,36.2131,42.8572,26.5598,67.299,False,False,False,False
s511,762,37.7358,23.7081,41.8329,26.5598,67.299,False,False,False,False
s511,763,59.97,22.2342,45.4603,26.5598,67.299,False,False,False,False
s511,764,43.1206,16.8494,44.9924,26.5598,67.299,False,False,False,False
s511,765,57.7947,14.6741,47.5528,26.5598,67.299,False,False,False,False
s511,766,103.261,45.4662,58.6945,26.5598,67.299,False,False,False,False
s511,767,57.8313,45.4296,58.5218,26.5598,67.299,False,False,False,False
s511,768,87.7583,29.927,64.3691,26.5598,67.299,False,True,False,False
s511,769,206.222,118.464,92.7397,26.5598,67.299,True,True,False,False
s511,770,52.5469,153.675,84.7012,26.5598,67.299,False,False,False,False
s511,771,31.5789,20.968,74.0767,26.5598,67.299,False,False,False,False
s511,772,35.1931,3.6142,66.3,26.5598,67.299,False,False,False,False
s511,773,65.7224,30.5293,66.1845,26.5598,67.299,False,False,False,False
s511,774,59.2593,6.4631,64.7994,26.5598,67.299,False,False,False,False
s511,775,69.4476,10.1883,65.7291,26.5598,67.299,False,False,False,False
s511,776,64.4362,5.0114,65.4705,26.5598,67.299,False,False,False,False
s511,777,48.0874,16.3488,61.9939,26.5598,67.299,False,False,False,False
s511,778,37.0861,11.0013,57.0123,26.5598,67.299,False,False,False,False
s511,779,27.0833,10.0028,51.0265,26.5598,67.299,False,False,False,False
s511,780,46.0028,18.9195,50.0218,26.5598,67.299,False,False,False,False
s511,781,56.4516,10.4488,51.3077,26.5598,67.299,False,False,False,False
s511,782,73.2943,16.8427,55.7051,26.5598,67.299,False,False,False,False
s511,783,52.3364,20.9579,55.0313,26.5598,67.299,False,False,False,False
s511,784,37.1553,15.1811,51.4561,26.5598,67.299,False,False,False,False
s511,785,47.5034,10.3481,50.6656,26.5598,67.299,False,False,False,False
s511,786,41.8919,5.6115,48.9108,26.5598,67.299,False,False,False,False
s511,787,44.1219,2.23,47.9531,26.5598,67.299,False,False,False,False
s511,788,59.9034,15.7815,50.3431,26.5598,67.299,False,False,False,False
s511,789,24.102,35.8014,45.0949,26.5598,67.299,False,False,False,False
s511,790,43.3018,19.1998,44.7363,26.5598,67.299,False,False,False,False
s511,791,72.0627,28.7609,50.2016,26.5598,67.299,False,False,False,False
s511,792,49.8778,22.1849,50.1368,26.5598,67.299,False,False,False,False
s511,793,33.9223,15.9555,46.8939,26.5598,67.299,False,False,False,False
s511,794,70.9141,36.9918,51.6979,26.5598,67.299,False,False,False,False
s511,795,37.1184,33.7957,48.782,26.5598,67.299,False,False,False,False
s511,796,35.1852,1.9332,46.0627,26.5598,67.299,False,False,False,False
s511,797,45.4545,10.2693,45.941,26.5598,67.299,False,False,False,False
s511,798,73.9181,28.4636,51.5364,26.5598,67.299,False,False,False,False
s511,799,41.7391,32.179,49.577,26.5598,67.299,False,False,False,False
s511,800,48.329,6.5899,49.3274,26.5598,67.299,False,False,False,False
s511,801,45.9372,2.3918,48.6493,26.5598,67.299,False,False,False,False
s511,802,46.9861,1.0489,48.3167,26.5598,67.299,False,False,False,False
s511,803,41.9175,5.0686,47.0369,26.5598,67.299,False,False,False,False
s511,804,44.0461,2.1286,46.4387,26.5598,67.299,False,False,False,False
s511,805,45.9459,1.8998,46.3401,26.5598,67.299,False,False,False,False
s511,806,62.5938,16.6479,49.5909,26.5598,67.299,False,False,False,False
s511,807,68.2667,5.6729,53.326,26.5598,67.299,False,False,False,False
s511,808,57.2263,11.0404,54.1061,26.5598,67.299,False,False,False,False
s511,809,59.1133,1.887,55.1075,26.5598,67.299,False,False,False,False
s511,810,42.6288,16.4845,52.6118,26.5598,67.299,False,False,False,False
s511,811,58.5366,15.9078,53.7967,26.5598,67.299,False,False,False,False
s511,812,19.6721,38.8645,46.9718,26.5598,67.299,False,False,False,False
s511,813,29.6984,10.0263,43.5171,26.5598,67.299,False,False,False,False
s511,814,50.8235,21.1251,44.9784,26.5598,67.299,False,False,False,False
s511,815,75.2656,24.4421,51.0358,26.5598,67.299,False,False,False,False
s511,816,37.3464,37.9192,48.298,26.5598,67.299,False,False,False,False
s511,817,38.9294,1.583,46.4242,26.5598,67.299,False,False,False,False
s511,818,26.0465,12.8829,42.3487,26.5598,67.299,False,False,False,False
s511,819,53.7659,27.7194,44.6321,26.5598,67.299,False,False,False,False
s511,820,70.2635,16.4976,49.7584,26.5598,67.299,False,False,False,False
s511,821,34.8964,35.3671,46.786,26.5598,67.299,False,False,False,False
s511,822,39.8293,4.9329,45.3947,26.5598,67.299,False,False,False,False
s511,823,36.8758,2.9535,43.6909,26.5598,67.299,False,False,False,False
s511,824,75.9193,39.0435,50.1366,26.5598,67.299,False,False,False,False
s511,825,73.4247,2.4946,54.7942,26.5598,67.299,False,False,False,False
s511,826,87.4172,13.9925,61.3188,26.5598,67.299,False,False,False,False
s511,827,59.4059,28.0113,60.9362,26.5598,67.299,False,False,False,False
s511,828,42.6036,16.8023,57.2697,26.5598,67.299,False,False,False,False
s511,829,43.0108,0.4072,54.4179,26.5598,67.299,False,False,False,False
s511,830,32.6316,10.3792,50.0607,26.5598,67.299,False,False,False,False
s511,831,49.5289,16.8973,49.9543,26.5598,67.299,False,False,False,False
s511,832,49.8094,0.2805,49.9253,26.5598,67.299,False,False,False,False
s511,833,37.3464,12.463,47.4095,26.5598,67.299,False,False,False,False
s511,834,58.6982,21.3518,49.6673,26.5598,67.299,False,False,False,False
s511,835,25.4835,33.2147,44.8305,26.5598,67.299,False,False,False,False
s511,836,33.871,8.3875,42.6386,26.5598,67.299,False,False,False,False
s511,837,28.8462,5.0248,39.8801,26.5598,67.299,False,False,False,False
s511,838,30.837,1.9908,38.0715,26.5598,67.299,False,False,False,False
s511,839,47.5728,16.7358,39.9718,26.5598,67.299,False,False,False,False
s511,840,54.5882,7.0154,42.8951,26.5598,67.299,False,False,False,False
s511,841,51.358,3.2302,44.5876,26.5598,67.299,False,False,False,False
s511,842,30.7311,20.6269,41.8163,26.5598,67.299,False,False,False,False
s511,843,35.5363,4.8052,40.5603,26.5598,67.299,False,False,False,False
s511,844,30.3318,5.2045,38.5146,26.5598,67.299,False,False,False,False
s511,845,34.4322,4.1004,37.6981,26.5598,67.299,False,False,False,False
s511,846,42.3963,7.9641,38.6378,26.5598,67.299,False,False,False,False
s511,847,51.2418,8.8455,41.1586,26.5598,67.299,False,False,False,False
s511,848,46.3158,4.926,42.19,26.5598,67.299,False,False,False,False
s511,849,50.6232,4.3074,43.8767,26.5598,67.299,False,False,False,False
s511,850,38.7824,11.8408,42.8578,26.5598,67.299,False,False,False,False
s511,851,41.6912,2.9088,42.6245,26.5598,67.299,False,False,False,False
s511,852,27.0205,14.6707,39.5037,26.5598,67.299,False,False,False,False
s511,853,24.9541,2.0664,36.5938,26.5598,67.299,False,False,False,False
s511,854,46.6472,21.6931,38.6045,26.5598,67.299,False,False,False,False
s511,855,64.2082,17.561,43.7252,26.5598,67.299,False,False,False,False
s511,856,13.6674,50.5408,37.7136,26.5598,67.299,False,False,False,False
s511,857,19.2308,5.5634,34.0171,26.5598,67.299,False,False,False,False
s511,858,49.4624,30.2316,37.1061,26.5598,67.299,False,False,False,False
s511,859,39.3912,10.0712,37.5632,26.5598,67.299,False,False,False,False
s511,860,48.6293,9.2381,39.7764,26.5598,67.299,False,False,False,False
s511,861,66.0194,17.3901,45.025,26.5598,67.299,False,False,False,False
s511,862,29.8507,36.1687,41.9901,26.5598,67.299,False,False,False,False
s511,863,60.3466,30.4959,45.6614,26.5598,67.299,False,False,False,False
s511,864,55.814,4.5326,47.6919,26.5598,67.299,False,False,False,False
s511,865,46.5608,9.2532,47.4657,26.5598,67.299,False,False,False,False
s511,866,21.6822,24.8786,42.309,26.5598,67.299,False,False,False,False
s511,867,26.2056,4.5234,39.0883,26.5598,67.299,False,False,False,False
s511,868,44.5313,18.3257,40.1769,26.5598,67.299,False,False,False,False
s511,869,35.6998,8.8315,39.2815,26.5598,67.299,False,False,False,False
s511,870,38.2222,2.5224,39.0696,26.5598,67.299,False,False,False,False
s511,871,28.4698,9.7524,36.9497,26.5598,67.299,False,False,False,False
s511,872,91.9861,63.5163,47.957,26.5598,67.299,False,False,False,False
s511,873,36.7816,55.2045,45.7219,26.5598,67.299,False,False,False,False
s511,874,113.971,77.189,59.3716,26.5598,67.299,True,True,False,False
s511,875,25.3521,88.6185,52.5677,26.5598,67.299,False,False,False,False
s511,876,26.7431,1.391,47.4028,26.5598,67.299,False,False,False,False
s511,877,45.741,18.9979,47.0704,26.5598,67.299,False,False,False,False
s511,878,44.397,1.344,46.5358,26.5598,67.299,False,False,False,False
s511,879,19.4211,24.9759,41.1128,26.5598,67.299,False,False,False,False
s511,880,27.3504,7.9293,38.3603,26.5598,67.299,False,False,False,False
s511,881,27.1885,0.1619,36.126,26.5598,67.299,False,False,False,False
s511,882,31.7073,4.5188,35.2422,26.5598,67.299,False,False,False,True
s511,883,35.3506,3.6433,35.2639,26.5598,67.299,False,False,False,True
s511,884,23.6735,11.6771,32.9458,26.5598,67.299,False,False,False,True
s511,885,49.1979,25.5244,36.1962,26.5598,67.299,False,False,False,False
s511,886,45.6244,3.5735,38.0819,26.5598,67.299,False,False,False,False
s511,887,44.8065,0.8179,39.4268,26.5598,67.299,False,False,False,False
s511,888,24.2845,20.522,36.3983,26.5598,67.299,False,False,False,False
s511,889,37.3507,13.0662,36.5888,26.5598,67.299,False,False,False,False
s511,890,28.2139,9.1368,34.9138,26.5598,67.299,False,False,False,False
s511,891,35.3846,7.1707,35.008,26.5598,67.299,False,False,False,False
s511,892,35.7942,0.4096,35.1652,26.5598,67.299,False,False,False,False
s511,893,31.0536,4.7406,34.3429,26.5598,67.299,False,False,False,True
s511,894,30.9963,0.0573,33.6736,26.5598,67.299,False,False,False,True
s511,895,22.5705,8.4258,31.453,26.5598,67.299,False,False,False,True
s511,896,60.9524,38.3819,37.3529,26.5598,67.299,False,False,False,False
s511,897,30.0806,30.8718,35.8984,26.5598,67.299,False,False,False,False
s511,898,15.5897,14.4909,31.8367,26.5598,67.299,False,False,False,False
s511,899,28.8867,13.297,31.2467,26.5598,67.299,False,False,False,False
s511,900,36.7521,7.8654,32.3478,26.5598,67.299,False,False,False,False
s511,901,37.6068,0.8547,33.3996,26.5598,67.299,False,False,False,False
s511,902,18.7755,18.8313,30.4748,26.5598,67.299,False,False,False,False
s511,903,37.0137,18.2382,31.7825,26.5598,67.299,False,False,False,False
s511,904,76.7875,39.7738,40.7835,26.5598,67.299,False,False,False,False
s511,905,38.3562,38.4313,40.2981,26.5598,67.299,False,False,False,False
s511,906,35.6275,2.7287,39.364,26.5598,67.299,False,False,False,False
s511,907,30.0366,5.5909,37.4985,26.5598,67.299,False,False,False,False
s511,908,40.1575,10.1209,38.0303,26.5598,67.299,False,False,False,False
s511,909,41.8933,1.7358,38.8029,26.5598,67.299,False,False,False,False
s511,910,42.9119,1.0186,39.6247,26.5598,67.299,False,False,False,False
s511,911,35.272,7.6399,38.7542,26.5598,67.299,False,False,False,False
s511,912,27.2646,8.0074,36.4562,26.5598,67.299,False,False,False,True
s511,913,17.0758,10.1888,32.5802,26.5598,67.299,False,False,False,True
s511,914,35.3266,18.2508,33.1294,26.5598,67.299,False,False,False,True
s511,915,52.6708,17.3442,37.0377,26.5598,67.299,False,False,False,False
s511,916,30.9051,21.7657,35.8112,26.5598,67.299,False,False,False,False
s511,917,45.1193,14.2142,37.6728,26.5598,67.299,False,False,False,False
s511,918,42.4178,2.7015,38.6218,26.5598,67.299,False,False,False,False
s511,919,36.534,5.8838,38.2042,26.5598,67.299,False,False,False,False
s511,920,49.6063,13.0723,40.4847,26.5598,67.299,False,False,False,False
s511,921,39.005,10.6013,40.1887,26.5598,67.299,False,False,False,False
s511,922,45.9364,6.9314,41.3383,26.5598,67.299,False,False,False,False
s511,923,36.3151,9.6213,40.3336,26.5598,67.299,False,False,False,False
s511,924,80.6366,44.3215,48.3942,26.5598,67.299,False,False,False,False
s511,925,36.6972,43.9394,46.0548,26.5598,67.299,False,False,False,False
s511,926,34.8457,1.8515,43.813,26.5598,67.299,False,False,False,False
s511,927,41.2289,6.3832,43.2962,26.5598,67.299,False,False,False,False
s511,928,38.4236,2.8053,42.3217,26.5598,67.299,False,False,False,False
s511,929,34.5158,3.9078,40.7605,26.5598,67.299,False,False,False,False
s511,930,54.1799,19.6641,43.4444,26.5598,67.299,False,False,False,False
s511,931,20.4629,33.717,38.8481,26.5598,67.299,False,False,False,False
s511,932,57.1429,36.68,42.507,26.5598,67.299,False,False,False,False
s511,933,52.3457,4.7972,44.4748,26.5598,67.299,False,False,False,False
s511,934,34.2289,18.1168,42.4256,26.5598,67.299,False,False,False,False
s511,935,12.6512,21.5777,36.4707,26.5598,67.299,False,False,False,False
s511,936,34.7826,22.1314,36.1331,26.5598,67.299,False,False,False,False
s511,937,44.1014,9.3188,37.7268,26.5598,67.299,False,False,False,False
s511,938,43.8923,0.2091,38.9599,26.5598,67.299,False,False,False,False
s511,939,77.8325,33.9402,46.7344,26.5598,67.299,False,False,False,False
s511,940,27.2489,50.5836,42.8373,26.5598,67.299,False,False,False,False
s511,941,19.8276,7.4213,38.2354,26.5598,67.299,False,False,False,False
s511,942,38.6555,18.8279,38.3194,26.5598,67.299,False,False,False,False
s511,943,24.3115,14.344,35.5178,26.5598,67.299,False,False,False,False
s511,944,59.6882,35.3767,40.3519,26.5598,67.299,False,False,False,False
s511,945,25.7471,33.9411,37.4309,26.5598,67.299,False,False,False,False
s511,946,22.3423,3.4048,34.4132,26.5598,67.299,False,False,False,False
s511,947,45.9372,23.5949,36.718,26.5598,67.299,False,False,False,False
s511,948,39.4231,6.5141,37.259,26.5598,67.299,False,False,False,False
s511,949,39.0698,0.3533,37.6212,26.5598,67.299,False,False,False,False
s511,950,47.1035,8.0337,39.5176,26.5598,67.299,False,False,False,False
s511,951,34.1048,12.9987,38.4351,26.5598,67.299,False,False,False,False
s511,952,50.4298,16.325,40.834,26.5598,67.299,False,False,False,False
s511,953,40.423,10.0068,40.7518,26.5598,67.299,False,False,False,False
s511,954,14.1454,26.2776,35.4305,26.5598,67.299,False,False,False,False
s511,955,31.8725,17.7271,34.7189,26.5598,67.299,False,False,False,False
s511,956,47.8016,15.9291,37.3355,26.5598,67.299,False,False,False,False
s511,957,34.3096,13.492,36.7303,26.5598,67.299,False,False,False,False
s511,958,37.7649,3.4553,36.9372,26.5598,67.299,False,False,False,False
s511,959,33.9623,3.8026,36.3422,26.5598,67.299,False,False,False,False
s511,960,38.1798,4.2175,36.7097,26.5598,67.299,False,False,False,False
s511,961,51.0451,12.8653,39.5768,26.5598,67.299,False,False,False,False
s511,962,46.7991,4.246,41.0213,26.5598,67.299,False,False,False,False
s511,963,32.9502,13.8489,39.4071,26.5598,67.299,False,False,False,False
s511,964,53.211,20.2608,42.1678,26.5598,67.299,False,False,False,False
s511,965,42.3645,10.8465,42.2072,26.5598,67.299,False,False,False,False
s511,966,50.7104,8.3459,43.9078,26.5598,67.299,False,False,False,False
s511,967,47.9042,2.8062,44.7071,26.5598,67.299,False,False,False,False
s511,968,32.8205,15.0837,42.3298,26.5598,67.299,False,False,False,False
s511,969,19.1126,13.7079,37.6863,26.5598,67.299,False,False,False,False
s511,970,19.2192,0.1066,33.9929,26.5598,67.299,False,False,False,False
s511,971,51.5188,32.2996,37.4981,26.5598,67.299,False,False,False,False
s511,972,20.7207,30.7981,34.1426,26.5598,67.299,False,False,False,False
s511,973,22.6562,1.9355,31.8453,26.5598,67.299,False,False,True,False
s511,974,37.3396,14.6834,32.9442,26.5598,67.299,False,False,False,False
s511,975,56.5086,19.169,37.6571,26.5598,67.299,False,False,False,False
s511,976,52.1739,4.3347,40.5604,26.5598,67.299,False,False,False,False
s511,977,34.5572,17.6167,39.3598,26.5598,67.299,False,False,False,False
s511,978,54.3791,19.8219,42.3636,26.5598,67.299,False,False,False,False
s511,979,61.2903,6.9112,46.149,26.5598,67.299,False,False,False,False
s511,980,43.849,17.4413,45.689,26.5598,67.299,False,False,False,False
s511,981,28.8525,14.9965,42.3217,26.5598,67.299,False,False,False,False
s511,982,55.0265,26.174,44.8626,26.5598,67.299,False,False,False,False
s511,983,58.6387,3.6122,47.6179,26.5598,67.299,False,False,False,False
s511,984,49.4325,9.2062,47.9808,26.5598,67.299,False,False,False,False
s511,985,25.3968,24.0357,43.464,26.5598,67.299,False,False,False,False
s511,986,34.7826,9.3858,41.7277,26.5598,67.299,False,False,False,False
s511,987,24.0964,10.6862,38.2014,26.5598,67.299,False,False,False,False
s511,988,47.3684,23.272,40.0348,26.5598,67.299,False,False,False,False
s511,989,64,16.6316,44.8279,26.5598,67.299,False,False,False,False
s511,990,51.1685,12.8315,46.096,26.5598,67.299,False,False,False,False
s511,991,32.4094,18.7591,43.3587,26.5598,67.299,False,False,False,False
s511,992,35.1531,2.7437,41.7176,26.5598,67.299,False,False,False,False
s511,993,59.9287,24.7756,45.3598,26.5598,67.299,False,False,False,False
s511,994,44.5993,15.3294,45.2077,26.5598,67.299,False,False,False,False
s511,995,24.3013,20.298,41.0264,26.5598,67.299,False,False,False,False
s511,996,50.7463,26.445,42.9704,26.5598,67.299,False,False,False,False
s511,997,32.1788,18.5675,40.8121,26.5598,67.299,False,False,False,False
s511,998,204.531,172.352,73.5558,26.5598,67.299,True,False,False,False
s511,999,66.881,137.65,72.2208,26.5598,67.299,False,False,False,False
s511,1000,48.9412,17.9398,67.5649,26.5598,67.299,False,False,False,False
s511,1001,33.9061,15.0351,60.8331,26.5598,67.299,False,False,False,False
s511,1002,76.9716,43.0655,64.0608,26.5598,67.299,False,False,False,False
s511,1003,40.0409,36.9307,59.2569,26.5598,67.299,False,False,False,False
s511,1004,31.8658,8.1751,53.7786,26.5598,67.299,False,False,False,False
s511,1005,45.8537,13.9879,52.1937,26.5598,67.299,False,False,False,False
s511,1006,33.9343,11.9194,48.5418,26.5598,67.299,False,False,False,False
s511,1007,33.1688,0.7655,45.4672,26.5598,67.299,False,False,False,False
s511,1008,19.4647,13.7041,40.2667,26.5598,67.299,False,False,False,False
s511,1009,41.4986,22.0339,40.5131,26.5598,67.299,False,False,False,False
s511,1010,36.404,5.0946,39.6913,26.5598,67.299,False,False,False,True
s511,1011,70.7965,34.3925,45.9123,26.5598,67.299,False,False,False,False
s511,1012,55.4572,15.3393,47.8213,26.5598,67.299,False,False,False,False
s511,1013,100,44.5428,58.257,26.5598,67.299,False,False,False,False
s511,1014,65.557,34.443,59.717,26.5598,67.299,False,False,False,False
s511,1015,18.7755,46.7815,51.5287,26.5598,67.299,False,False,False,False
s511,1016,38.5542,19.7787,48.9338,26.5598,67.299,False,False,False,False
s511,1017,35.3201,3.2341,46.2111,26.5598,67.299,False,False,False,False
s511,1018,56.7164,21.3963,48.3121,26.5598,67.299,False,False,False,False
s511,1019,45.6641,11.0523,47.7825,26.5598,67.299,False,False,False,False
s511,1020,31.0148,14.6493,44.429,26.5598,67.299,False,False,False,False
s511,1021,52.6523,21.6375,46.0736,26.5598,67.299,False,False,False,False
s511,1022,55.9242,3.2719,48.0438,26.5598,67.299,False,False,False,False
s511,1023,72.0801,16.1559,52.851,26.5598,67.299,False,False,False,False
s511,1024,20.3144,51.7657,46.3437,26.5598,67.299,False,False,False,False
s511,1025,35.3266,15.0122,44.1403,26.5598,67.299,False,False,False,False
s511,1026,27.9518,7.3748,40.9026,26.5598,67.299,False,False,False,False
s511,1027,24.5059,3.4459,37.6232,26.5598,67.299,False,False,False,False
s511,1028,58.7571,34.2512,41.85,26.5598,67.299,False,False,False,False
s511,1029,29.2596,29.4975,39.3319,26.5598,67.299,False,False,False,False
s511,1030,62.5938,33.3342,43.9843,26.5598,67.299,False,False,False,False
s511,1031,21.3058,41.288,39.4486,26.5598,67.299,False,False,False,False
s511,1032,31.8756,10.5698,37.934,26.5598,67.299,False,False,False,False
s511,1033,28.1843,3.6913,35.9841,26.5598,67.299,False,False,False,False
s511,1034,26.7841,1.4002,34.1441,26.5598,67.299,False,False,False,False
s511,1035,29.927,3.1429,33.3007,26.5598,67.299,False,False,False,False
s511,1036,23.0415,6.8855,31.2488,26.5598,67.299,False,False,False,False
s511,1037,38.5633,15.5218,32.7117,26.5598,67.299,False,False,False,False
s511,1038,47.7752,9.2119,35.7244,26.5598,67.299,False,False,False,False
s511,1039,27.464,20.3112,34.0723,26.5598,67.299,False,False,False,False
s511,1040,39.708,12.244,35.1995,26.5598,67.299,False,False,False,False
s511,1041,38.6617,1.0463,35.8919,26.5598,67.299,False,False,False,False
s511,1042,32.9614,5.7003,35.3058,26.5598,67.299,False,False,False,False
s511,1043,26.5836,6.3778,33.5614,26.5598,67.299,False,False,False,False
s511,1044,55.9819,29.3983,38.0455,26.5598,67.299,False,False,False,False
s511,1045,29.6041,26.3778,36.3572,26.5598,67.299,False,False,False,False
s511,1046,48.1328,18.5287,38.7123,26.5598,67.299,False,False,False,False
s511,1047,45.7447,2.3881,40.1188,26.5598,67.299,False,False,False,False
s511,1048,38.6768,7.0679,39.8304,26.5598,67.299,False,False,False,False
s511,1049,45.4721,6.7953,40.9587,26.5598,67.299,False,False,False,False
s511,1050,37.149,8.3231,40.1968,26.5598,67.299,False,False,False,False
s511,1051,62.0278,24.8788,44.563,26.5598,67.299,False,False,False,False
s511,1052,29.6,32.4278,41.5704,26.5598,67.299,False,False,False,False
s511,1053,42.7316,13.1316,41.8026,26.5598,67.299,False,False,False,False
s511,1054,,,41.8026,26.5598,67.299,False,False,False,False
s511,1055,30.7988,,39.6019,26.5598,67.299,False,False,False,False
s511,1056,41.9175,11.1187,40.065,26.5598,67.299,False,False,False,False
s511,1057,39.9247,1.9928,40.0369,26.5598,67.299,False,False,False,False
s511,1058,22.9531,16.9716,36.6202,26.5598,67.299,False,False,False,False
s511,1059,34.2531,11.3,36.1468,26.5598,67.299,False,False,False,False
s511,1060,30.2976,3.9555,34.9769,26.5598,67.299,False,False,False,False
s511,1061,19.0476,11.25,31.7911,26.5598,67.299,False,False,False,False
s511,1062,38.9189,19.8713,33.2166,26.5598,67.299,False,False,False,True
s511,1063,58.9023,19.9834,38.3538,26.5598,67.299,False,False,False,False
s511,1064,39.6694,19.2329,38.6169,26.5598,67.299,False,False,False,False
s511,1065,71.6787,32.0093,45.2293,26.5598,67.299,False,False,False,False
s511,1066,62.4319,9.2468,48.6698,26.5598,67.299,False,False,False,False
s511,1067,49.7132,12.7187,48.8785,26.5598,67.299,False,False,False,False
s511,1068,18.8889,30.8243,42.8806,26.5598,67.299,False,False,False,False
s511,1069,27.8134,8.9245,39.8671,26.5598,67.299,False,False,False,False
s511,1070,37.9101,10.0967,39.4757,26.5598,67.299,False,False,False,False
s511,1071,27.8607,10.0494,37.1527,26.5598,67.299,False,False,False,False
s511,1072,48.2986,20.4379,39.3819,26.5598,67.299,False,False,False,False
s511,1073,44.0889,4.2097,40.3233,26.5598,67.299,False,False,False,False
s511,1074,30.9392,13.1497,38.4465,26.5598,67.299,False,False,False,False
s511,1075,19.6118,11.3274,34.6795,26.5598,67.299,False,False,False,False
s511,1076,43.7557,24.1439,36.4948,26.5598,67.299,False,False,False,False
s511,1077,21.6008,22.1549,33.516,26.5598,67.299,False,False,False,False
s511,1078,25.3365,3.7357,31.8801,26.5598,67.299,False,False,False,False
s511,1079,37.032,11.6955,32.9105,26.5598,67.299,False,False,False,False
s511,1080,26.455,10.577,31.6194,26.5598,67.299,False,False,False,True
s511,1081,35.122,8.667,32.3199,26.5598,67.299,False,False,False,True
s511,1082,45.4115,10.2895,34.9382,26.5598,67.299,False,False,False,True
s511,1083,61.7391,16.3276,40.2984,26.5598,67.299,False,False,False,False
s511,1084,26.1328,35.6063,37.4653,26.5598,67.299,False,False,False,False
s511,1085,21.7391,4.3937,34.32,26.5598,67.299,False,False,False,False
s511,1086,46.5339,24.7948,36.7628,26.5598,67.299,False,False,False,False
s511,1087,15.8103,30.7236,32.5723,26.5598,67.299,False,False,False,False
s511,1088,27.4779,11.6676,31.5534,26.5598,67.299,False,False,False,False
s511,1089,55.7971,28.3192,36.4022,26.5598,67.299,False,False,False,False
s511,1090,20.9709,34.8262,33.3159,26.5598,67.299,False,False,False,False
s511,1091,64.8412,43.8703,39.621,26.5598,67.299,False,False,False,False
s511,1092,22.2997,42.5415,36.1567,26.5598,67.299,False,False,False,False
s511,1093,44.3077,22.008,37.7869,26.5598,67.299,False,False,False,False
s511,1094,29.4288,14.8789,36.1153,26.5598,67.299,False,False,False,False
s511,1095,51.1577,21.7289,39.1238,26.5598,67.299,False,False,False,False
s511,1096,20.7885,30.3692,35.4567,26.5598,67.299,False,False,False,False
s511,1097,31.1688,10.3803,34.5991,26.5598,67.299,False,False,False,False
s511,1098,63.3557,32.1869,40.3504,26.5598,67.299,False,False,False,False
s511,1099,53.12,10.2357,42.9044,26.5598,67.299,False,False,False,False
s511,1100,33.6207,19.4993,41.0476,26.5598,67.299,False,False,False,False
s511,1101,21.4286,12.1921,37.1238,26.5598,67.299,False,False,False,False
s511,1102,44.3051,22.8765,38.5601,26.5598,67.299,False,False,False,False
s511,1103,45.3258,1.0207,39.9132,26.5598,67.299,False,False,False,False
s511,1104,32.2981,13.0277,38.3902,26.5598,67.299,False,False,False,False
s511,1105,82.2346,49.9365,47.1591,26.5598,67.299,False,False,False,False
s511,1106,64.5503,17.6843,50.6373,26.5598,67.299,False,False,False,False
s511,1107,30.205,34.3453,46.5509,26.5598,67.299,False,False,False,False
s511,1108,30.1733,0.0317,43.2753,26.5598,67.299,False,False,False,False
s511,1109,50.9417,20.7684,44.8086,26.5598,67.299,False,False,False,False
s511,1110,66.2857,15.344,49.104,26.5598,67.299,False,False,False,False
s511,1111,31.3498,34.9359,45.5532,26.5598,67.299,False,False,False,False
s511,1112,37.4269,6.0771,43.9279,26.5598,67.299,False,False,False,False
s511,1113,30.3935,7.0334,41.221,26.5598,67.299,False,False,False,False
s511,1114,41.3793,10.9858,41.2527,26.5598,67.299,False,False,False,False
s511,1115,22.4168,18.9625,37.4855,26.5598,67.299,False,False,False,False
s511,1116,23.8683,1.4515,34.7621,26.5598,67.299,False,False,False,False
s511,1117,95.3413,71.473,46.8779,26.5598,67.299,False,False,False,False
s511,1118,47.7495,47.5918,47.0522,26.5598,67.299,False,False,False,False
s511,1119,37.0766,10.6729,45.0571,26.5598,67.299,False,False,False,False
s511,1120,44.0529,6.9763,44.8563,26.5598,67.299,False,False,False,False
s511,1121,27.2228,16.8301,41.3296,26.5598,67.299,False,False,False,False
s511,1122,44.2831,17.0603,41.9203,26.5598,67.299,False,False,False,False
s511,1123,26.3104,17.9727,38.7983,26.5598,67.299,False,False,False,False
s511,1124,221.622,195.311,75.363,26.5598,67.299,True,False,False,False
s511,1125,35.604,186.018,67.4112,26.5598,67.299,False,False,False,False
s511,1126,27.1055,8.4985,59.35,26.5598,67.299,False,False,False,False
s511,1127,18.6047,8.5008,51.201,26.5598,67.299,False,False,False,False
s511,1128,25.2492,6.6445,46.0106,26.5598,67.299,False,False,False,False
s511,1129,36.6667,11.4175,44.1418,26.5598,67.299,False,False,False,False
s511,1130,38.7097,2.043,43.0554,26.5598,67.299,False,False,False,False
s511,1131,51.9016,13.1919,44.8246,26.5598,67.299,False,False,False,False
s511,1132,45.8015,6.1001,45.02,26.5598,67.299,False,False,False,False
s511,1133,59.0799,13.2784,47.832,26.5598,67.299,False,False,False,False
s511,1134,45.3998,13.6801,47.3456,26.5598,67.299,False,False,False,False
s511,1135,37.149,8.2508,45.3062,26.5598,67.299,False,False,False,False
s511,1136,33.3333,3.8157,42.9117,26.5598,67.299,False,False,False,False
s511,1137,53.3333,20,44.996,26.5598,67.299,False,False,False,False
s511,1138,50.7937,2.5396,46.1555,26.5598,67.299,False,False,False,False
s511,1139,39.96,10.8337,44.9164,26.5598,67.299,False,False,False,False
s511,1140,51.6129,11.6529,46.2557,26.5598,67.299,False,False,False,False
s511,1141,44.3149,7.298,45.8676,26.5598,67.299,False,False,False,False
s511,1142,38.6473,5.6676,44.4235,26.5598,67.299,False,False,False,False
s511,1143,34.0852,4.5621,42.3558,26.5598,67.299,False,False,False,False
s511,1144,53.5059,19.4207,44.5859,26.5598,67.299,False,False,False,False
s511,1145,39.0033,14.5026,43.4693,26.5598,67.299,False,False,False,False
s511,1146,26.1937,12.8096,40.0142,26.5598,67.299,False,False,False,False
s511,1147,64.7727,38.579,44.9659,26.5598,67.299,False,False,False,False
s511,1148,28.0702,36.7025,41.5868,26.5598,67.299,False,False,False,False
s511,1149,21.3577,6.7125,37.541,26.5598,67.299,False,False,False,False
s511,1150,23.569,2.2113,34.7466,26.5598,67.299,False,False,False,False
s511,1151,69.3548,45.7858,41.6682,26.5598,67.299,False,False,False,False
s511,1152,,,41.6682,26.5598,67.299,False,False,False,False
s511,1153,41.1429,,41.5631,26.5598,67.299,False,False,False,False
s511,1154,31.7181,9.4248,39.5941,26.5598,67.299,False,False,False,False
s511,1155,55.6818,23.9637,42.8117,26.5598,67.299,False,False,False,False
s511,1156,36.8664,18.8154,41.6226,26.5598,67.299,False,False,False,False
s511,1157,25.9542,10.9122,38.4889,26.5598,67.299,False,False,False,False
s511,1158,34.7032,8.749,37.7318,26.5598,67.299,False,False,False,False
s511,1159,58.2716,23.5684,41.8397,26.5598,67.299,False,False,False,False
s511,1160,34.6535,23.6181,40.4025,26.5598,67.299,False,False,False,False
s511,1161,90.8475,56.194,50.4915,26.5598,67.299,False,False,False,False
s511,1162,24.5315,66.316,45.2995,26.5598,67.299,False,False,False,False
s511,1163,19.5976,4.9339,40.1591,26.5598,67.299,False,False,False,False
s511,1164,30.4118,10.8142,38.2097,26.5598,67.299,False,False,False,False
s511,1165,15.2493,15.1625,33.6176,26.5598,67.299,False,False,False,False
s511,1166,37.0291,21.7798,34.2999,26.5598,67.299,False,False,False,False
s511,1167,43.9407,6.9116,36.2281,26.5598,67.299,False,False,False,False
s511,1168,26.9171,17.0236,34.3659,26.5598,67.299,False,False,False,False
s511,1169,40.6647,13.7476,35.6256,26.5598,67.299,False,False,False,True
s511,1170,27.758,12.9067,34.0521,26.5598,67.299,False,False,False,True
s511,1171,54.9865,27.2285,38.239,26.5598,67.299,False,False,False,False
s511,1172,20.4255,34.561,34.6763,26.5598,67.299,False,False,False,False
s511,1173,78.5597,58.1342,43.453,26.5598,67.299,False,False,False,False
s511,1174,33.7812,44.7785,41.5186,26.5598,67.299,False,False,False,False
s511,1175,28.3784,5.4028,38.8906,26.5598,67.299,False,False,False,False
s511,1176,31.0345,2.6561,37.3194,26.5598,67.299,False,False,False,False
s511,1177,40.118,9.0835,37.8791,26.5598,67.299,False,False,False,False
s511,1178,34.0587,6.0593,37.115,26.5598,67.299,False,False,False,False
s511,1179,30.2881,3.7706,35.7496,26.5598,67.299,False,False,False,False
s511,1180,20.4651,9.823,32.6927,26.5598,67.299,False,False,False,False
s511,1181,23.3236,2.8585,30.8189,26.5598,67.299,False,False,False,True
s511,1182,70.8333,47.5097,38.8218,26.5598,67.299,False,False,False,False
s511,1183,41.6961,29.1372,39.3966,26.5598,67.299,False,False,False,False
s511,1184,36.2225,5.4736,38.7618,26.5598,67.299,False,False,False,False
s511,1185,37.4026,1.1801,38.49,26.5598,67.299,False,False,False,False
s511,1186,45.6641,8.2615,39.9248,26.5598,67.299,False,False,False,False
s511,1187,41.5902,4.0739,40.2579,26.5598,67.299,False,False,False,False
s511,1188,48.1416,6.5514,41.8346,26.5598,67.299,False,False,False,False
s511,1189,46.1388,2.0028,42.6955,26.5598,67.299,False,False,False,False
s511,1190,48.8095,2.6707,43.9183,26.5598,67.299,False,False,False,False
s511,1191,37.0299,11.7796,42.5406,26.5598,67.299,False,False,False,False
s511,1192,35.1145,1.9154,41.0554,26.5598,67.299,False,False,False,False
s511,1193,62.6444,27.5299,45.3732,26.5598,67.299,False,False,False,False
s511,1194,62.4434,0.201,48.7872,26.5598,67.299,False,False,False,False
s511,1195,70.4663,8.0229,53.123,26.5598,67.299,False,False,False,False
s511,1196,32.1285,38.3378,48.9241,26.5598,67.299,False,False,False,False
s511,1197,30.3233,1.8052,45.204,26.5598,67.299,False,False,False,False
s511,1198,52.7919,22.4686,46.7216,26.5598,67.299,False,False,False,False
s511,1199,47.0588,5.7331,46.789,26.5598,67.299,False,False,False,False
s511,1200,43.9169,3.1419,46.2146,26.5598,67.299,False,False,False,False
s511,1201,33.2657,10.6512,43.6248,26.5598,67.299,False,False,False,False
s511,1202,40,6.7343,42.8998,26.5598,67.299,False,False,False,False
s511,1203,63.1579,23.1579,46.9515,26.5598,67.299,False,False,False,False
s511,1204,68.3473,5.1894,51.2306,26.5598,67.299,False,False,False,False
s511,1205,32,36.3473,47.3845,26.5598,67.299,False,False,False,False
s511,1206,104.854,72.8544,58.8785,26.5598,67.299,False,False,False,False
s511,1207,65.733,39.1214,60.2494,26.5598,67.299,False,False,False,False
s511,1208,47.2441,18.4889,57.6483,26.5598,67.299,False,False,False,False
s511,1209,39.1505,8.0936,53.9488,26.5598,67.299,False,False,False,False
s511,1210,31.8804,7.2701,49.5351,26.5598,67.299,False,False,False,False
s511,1211,52.8402,20.9598,50.1961,26.5598,67.299,False,False,False,False
s511,1212,44.4444,8.3958,49.0458,26.5598,67.299,False,False,False,False
s511,1213,77.4704,33.026,54.7307,26.5598,67.299,False,False,False,False
s511,1214,42.2222,35.2482,52.229,26.5598,67.299,False,False,False,False
s511,1215,50.2857,8.0635,51.8403,26.5598,67.299,False,False,False,False
s511,1216,52.7859,2.5002,52.0294,26.5598,67.299,False,False,False,False
s511,1217,66.6667,13.8808,54.9569,26.5598,67.299,False,False,False,False
s511,1218,62.5,4.1667,56.4655,26.5598,67.299,False,False,False,False
s511,1219,41.3519,21.1481,53.4428,26.5598,67.299,False,False,False,False
s511,1220,58.8957,17.5438,54.5334,26.5598,67.299,False,False,False,False
s511,1221,42.9161,15.9796,52.2099,26.5598,67.299,False,False,False,False
s511,1222,53.3333,10.4172,52.4346,26.5598,67.299,False,False,False,False
s511,1223,43.9462,9.3871,50.7369,26.5598,67.299,False,False,False,False
s511,1224,35.7424,8.2038,47.738,26.5598,67.299,False,False,False,False
s511,1225,55,19.2576,49.1904,26.5598,67.299,False,False,False,False
s511,1226,43.6578,11.3422,48.0839,26.5598,67.299,False,False,False,False
s511,1227,210.596,166.938,80.5863,26.5598,67.299,True,False,False,False
s511,1228,72.3099,138.286,78.931,26.5598,67.299,False,False,False,False
s511,1229,47.3755,24.9344,72.6199,26.5598,67.299,False,False,False,False
s511,1230,52.4964,5.1209,68.5952,26.5598,67.299,False,False,False,False
s511,1231,23.8914,28.605,59.6545,26.5598,67.299,False,False,False,False
s511,1232,44.0036,20.1122,56.5243,26.5598,67.299,False,False,False,False
s511,1233,59.5041,15.5005,57.1202,26.5598,67.299,False,False,False,False
s511,1234,68.5714,9.0673,59.4105,26.5598,67.299,False,False,False,False
s511,1235,28.614,39.9574,53.2512,26.5598,67.299,False,False,False,False
s511,1236,76.1221,47.5081,57.8254,26.5598,67.299,False,False,False,False
s511,1237,50.9735,25.1486,56.455,26.5598,67.299,False,False,False,False
s511,1238,28.4987,22.4748,50.8637,26.5598,67.299,False,False,False,False
s511,1239,29.4551,0.9564,46.582,26.5598,67.299,False,False,False,False
s511,1240,68.0089,38.5538,50.8674,26.5598,67.299,False,False,False,False
s511,1241,56.3492,11.6597,51.9637,26.5598,67.299,False,False,False,False
s511,1242,95.8606,39.5114,60.7431,26.5598,67.299,False,False,False,False
s511,1243,34.6667,61.1939,55.5278,26.5598,67.299,False,False,False,False
s511,1244,39.7094,5.0427,52.3641,26.5598,67.299,False,False,False,False
s511,1245,27.1311,12.5783,47.3175,26.5598,67.299,False,False,False,False
s511,1246,24.5077,2.6234,42.7556,26.5598,67.299,False,False,False,False
s511,1247,26.0504,1.5427,39.4145,26.5598,67.299,False,False,False,False
s511,1248,44.9649,18.9145,40.5246,26.5598,67.299,False,False,False,False
s511,1249,36.8126,8.1523,39.7822,26.5598,67.299,False,False,False,False
s511,1250,81.3239,44.5113,48.0905,26.5598,67.299,False,False,False,False
s511,1251,45.5598,35.7641,47.5844,26.5598,67.299,False,False,False,False
s511,1252,49.9257,4.3659,48.0527,26.5598,67.299,False,False,False,False
s511,1253,52.0231,2.0974,48.8467,26.5598,67.299,False,False,False,False
s511,1254,33.2871,18.736,45.7348,26.5598,67.299,False,False,False,False
s511,1255,62.0061,28.719,48.9891,26.5598,67.299,False,False,False,False
s511,1256,35.2941,26.712,46.2501,26.5598,67.299,False,False,False,False
s511,1257,34.0645,1.2296,43.813,26.5598,67.299,False,False,False,False
s511,1258,49.2476,15.1831,44.8999,26.5598,67.299,False,False,False,False
s511,1259,60.5042,11.2566,48.0208,26.5598,67.299,False,False,False,False
s511,1260,21.8402,38.664,42.7846,26.5598,67.299,False,False,False,False
s511,1261,61.8725,40.0323,46.6022,26.5598,67.299,False,False,False,False
s511,1262,29.6774,32.1951,43.2173,26.5598,67.299,False,False,False,False
s511,1263,40,10.3226,42.5738,26.5598,67.299,False,False,False,False
s511,1264,34.4725,5.5275,40.9535,26.5598,67.299,False,False,False,False
s511,1265,77.0138,42.5413,48.1656,26.5598,67.299,False,False,False,False
s511,1266,64.3815,12.6323,51.4088,26.5598,67.299,False,False,False,False
s511,1267,63.4409,0.9406,53.8152,26.5598,67.299,False,False,False,False
s511,1268,73.5202,10.0793,57.7562,26.5598,67.299,False,False,False,False
s511,1269,49.1835,24.3367,56.0417,26.5598,67.299,False,False,False,False
s511,1270,46.3636,2.8199,54.106,26.5598,67.299,False,False,False,False
s511,1271,39.6166,6.747,51.2082,26.5598,67.299,False,False,False,False
s511,1272,41.8605,2.2439,49.3386,26.5598,67.299,False,False,False,False
s511,1273,51.3291,9.4686,49.7367,26.5598,67.299,False,False,False,False
s511,1274,46.493,4.8361,49.088,26.5598,67.299,False,False,False,False
s511,1275,47.2222,0.7292,48.7148,26.5598,67.299,False,False,False,False
s511,1276,21.5517,25.6705,43.2822,26.5598,67.299,False,False,False,False
s511,1277,38.6813,17.1296,42.362,26.5598,67.299,False,False,False,False
s511,1278,136.919,98.238,61.2735,26.5598,67.299,True,False,False,False
s511,1279,50.168,86.7513,59.0524,26.5598,67.299,False,False,False,False
s511,1280,108.017,57.8489,68.8453,26.5598,67.299,False,True,False,False
s511,1281,74.4186,33.5983,69.9599,26.5598,67.299,False,False,False,False
s511,1282,51.0386,23.38,66.1757,26.5598,67.299,False,False,False,False
s511,1283,41.2371,9.8015,61.188,26.5598,67.299,False,False,False,False
s511,1284,68.0315,26.7944,62.5567,26.5598,67.299,False,False,False,False
s511,1285,50.1458,17.8857,60.0745,26.5598,67.299,False,False,False,False
s511,1286,46.4122,3.7336,57.342,26.5598,67.299,False,False,False,False
s511,1287,56.25,9.8378,57.1236,26.5598,67.299,False,False,False,False
s511,1288,33.5766,22.6734,52.4142,26.5598,67.299,False,False,False,False
s511,1289,73.6706,40.094,56.6655,26.5598,67.299,False,False,False,False
s511,1290,35.8068,37.8638,52.4938,26.5598,67.299,False,False,False,False
s511,1291,44.044,8.2372,50.8038,26.5598,67.299,False,False,False,False
s511,1292,58.8556,14.8116,52.4142,26.5598,67.299,False,False,False,False
s511,1293,59.2593,0.4037,53.7832,26.5598,67.299,False,False,False,False
s511,1294,47.3265,11.9328,52.4919,26.5598,67.299,False,False,False,False
s511,1295,25.2632,22.0633,47.0461,26.5598,67.299,False,False,False,False
s511,1296,44.3778,19.1146,46.5125,26.5598,67.299,False,False,False,False
s511,1297,89.7959,45.4181,55.1691,26.5598,67.299,False,False,False,False
s511,1298,64.1711,25.6248,56.9695,26.5598,67.299,False,False,False,False
s511,1299,42.1637,22.0074,54.0084,26.5598,67.299,False,False,False,False
s511,1300,29.912,12.2517,49.1891,26.5598,67.299,False,False,False,False
s511,1301,35.8108,5.8988,46.5134,26.5598,67.299,False,False,False,False
s511,1302,41.0256,5.2148,45.4159,26.5598,67.299,False,False,False,False
s511,1303,51.8112,10.7856,46.6949,26.5598,67.299,False,False,False,False
s511,1304,86.1338,34.3226,54.5827,26.5598,67.299,False,False,False,False
s511,1305,65.6115,20.5223,56.7885,26.5598,67.299,False,False,False,False
s511,1306,29.7521,35.8594,51.3812,26.5598,67.299,False,False,False,False
s511,1307,54.1608,24.4087,51.9371,26.5598,67.299,False,False,False,False
s511,1308,31.09,23.0708,47.7677,26.5598,67.299,False,False,False,False
s511,1309,46.1126,15.0226,47.4367,26.5598,67.299,False,False,False,False
s511,1310,38.5852,7.5274,45.6664,26.5598,67.299,False,False,False,False
s511,1311,64.1184,25.5332,49.3568,26.5598,67.299,False,False,False,False
s511,1312,22.2863,41.8321,43.9427,26.5598,67.299,False,False,False,False
s511,1313,43.3873,21.101,43.8316,26.5598,67.299,False,False,False,False
s511,1314,35.2381,8.1492,42.1129,26.5598,67.299,False,False,False,False
s511,1315,73.253,38.0149,48.3409,26.5598,67.299,False,False,False,False
s511,1316,31.6109,41.6421,44.9949,26.5598,67.299,False,False,False,False
s511,1317,52.7009,21.09,46.5361,26.5598,67.299,False,False,False,False
s511,1318,43.6941,9.0068,45.9677,26.5598,67.299,False,False,False,False
s511,1319,40.9731,2.721,44.9688,26.5598,67.299,False,False,False,False
s511,1320,41.543,0.5699,44.2836,26.5598,67.299,False,False,False,False
s511,1321,40.7932,0.7498,43.5855,26.5598,67.299,False,False,False,False
s511,1322,56.044,15.2508,46.0772,26.5598,67.299,False,False,False,False
s511,1323,63.6542,7.6102,49.5926,26.5598,67.299,False,False,False,False
s511,1324,84.3982,20.744,56.5537,26.5598,67.299,False,False,False,False
s511,1325,31.0811,53.3171,51.4592,26.5598,67.299,False,False,False,False
s511,1326,60.6414,29.5603,53.2957,26.5598,67.299,False,False,False,False
s511,1327,65.4088,4.7674,55.7183,26.5598,67.299,False,False,False,False
s511,1328,107.517,42.1083,66.078,26.5598,67.299,False,False,False,False
s511,1329,30.5489,76.9682,58.9722,26.5598,67.299,False,False,False,False
s511,1330,31.0924,0.5435,53.3963,26.5598,67.299,False,False,False,False
s511,1331,21.9608,9.1316,47.1092,26.5598,67.299,False,False,False,False
s511,1332,39.2707,17.3099,45.5415,26.5598,67.299,False,False,False,False
s511,1333,29.2571,10.0136,42.2846,26.5598,67.299,False,False,False,False
s511,1334,35.7143,6.4572,40.9705,26.5598,67.299,False,False,False,False
s511,1335,65.9207,30.2064,45.9606,26.5598,67.299,False,False,False,False
s511,1336,27.8652,38.0555,42.3415,26.5598,67.299,False,False,False,False
s511,1337,36.2301,8.3649,41.1192,26.5598,67.299,False,False,False,False
s511,1338,16.3107,19.9194,36.1575,26.5598,67.299,False,False,False,False
s511,1339,34.8936,18.5829,35.9047,26.5598,67.299,False,False,False,False
s511,1340,48.5651,13.6715,38.4368,26.5598,67.299,False,False,False,False
s511,1341,38.9452,9.6199,38.5385,26.5598,67.299,False,False,False,False
s511,1342,33.8028,5.1424,37.5913,26.5598,67.299,False,False,False,False
s511,1343,53.2258,19.423,40.7182,26.5598,67.299,False,False,False,False
s511,1344,32.9718,20.254,39.1689,26.5598,67.299,False,False,False,False
s511,1345,48.4048,15.433,41.0161,26.5598,67.299,False,False,False,False
s511,1346,54.8223,6.4175,43.7774,26.5598,67.299,False,False,False,False
s511,1347,69.7789,14.9566,48.9777,26.5598,67.299,False,False,False,False
s511,1348,60.6593,9.1196,51.314,26.5598,67.299,False,False,False,False
s511,1349,59.0164,1.6429,52.8545,26.5598,67.299,False,False,False,False
s511,1350,44.2037,14.8127,51.1243,26.5598,67.299,False,False,False,False
s511,1351,21.8258,22.3779,45.2646,26.5598,67.299,False,False,False,False
s511,1352,33.7011,11.8753,42.9519,26.5598,67.299,False,False,False,False
s511,1353,23.0523,10.6488,38.972,26.5598,67.299,False,False,False,False
s511,1354,33.0312,9.9789,37.7838,26.5598,67.299,False,False,False,False
s511,1355,23.7624,9.2688,34.9795,26.5598,67.299,False,False,False,False
s511,1356,44.3497,20.5873,36.8536,26.5598,67.299,False,False,False,False
s511,1357,35.6522,8.6975,36.6133,26.5598,67.299,False,False,False,True
s511,1358,31.9202,3.732,35.6747,26.5598,67.299,False,False,False,True
s511,1359,53.5032,21.583,39.2404,26.5598,67.299,False,False,False,False
s511,1360,51.5254,1.9778,41.6974,26.5598,67.299,False,False,False,False
s511,1361,26.4901,25.0353,38.6559,26.5598,67.299,False,False,False,False
s511,1362,25.4882,1.0019,36.0224,26.5598,67.299,False,False,False,False
s511,1363,63.5641,38.0759,41.5307,26.5598,67.299,False,False,False,False
s511,1364,46.875,16.6891,42.5996,26.5598,67.299,False,False,False,False
s511,1365,45.5814,1.2936,43.1959,26.5598,67.299,False,False,False,False
s511,1366,45.4012,0.1802,43.637,26.5598,67.299,False,False,False,False
s511,1367,16.5589,28.8423,38.2214,26.5598,67.299,False,False,False,False
s511,1368,44.4444,27.8855,39.466,26.5598,67.299,False,False,False,False
s511,1369,24.5788,19.8656,36.4885,26.5598,67.299,False,False,False,False
s511,1370,40.2286,15.6498,37.2366,26.5598,67.299,False,False,False,False
s511,1371,30.2267,10.0019,35.8346,26.5598,67.299,False,False,False,True
s511,1372,53.584,23.3573,39.3845,26.5598,67.299,False,False,False,False
s511,1373,38.8215,14.7625,39.2719,26.5598,67.299,False,False,False,False
s511,1374,50.8728,12.0513,41.5921,26.5598,67.299,False,False,False,False
s511,1375,45.0512,5.8216,42.2839,26.5598,67.299,False,False,False,False
s511,1376,25.5591,19.4921,38.9389,26.5598,67.299,False,False,False,False
s511,1377,35.4481,9.889,38.2408,26.5598,67.299,False,False,False,False
s511,1378,63.0137,27.5656,43.1954,26.5598,67.299,False,False,False,False
s511,1379,37.422,25.5917,42.0407,26.5598,67.299,False,False,False,False
s511,1380,24.2152,13.2068,38.4756,26.5598,67.299,False,False,False,False
s511,1381,52.1348,27.9196,41.2074,26.5598,67.299,False,False,False,False
s511,1382,61.3995,9.2647,45.2458,26.5598,67.299,False,False,False,False
s511,1383,27.1326,34.2669,41.6232,26.5598,67.299,False,False,False,False
s511,1384,46.5544,19.4218,42.6094,26.5598,67.299,False,False,False,False
s511,1385,62.9442,16.3898,46.6764,26.5598,67.299,False,False,False,False
s511,1386,65.9409,2.9967,50.5293,26.5598,67.299,False,False,False,False
s511,1387,55.5891,10.3518,51.5413,26.5598,67.299,False,False,False,False
s511,1388,44.2516,11.3375,50.0833,26.5598,67.299,False,False,False,False
s511,1389,33.1852,11.0664,46.7037,26.5598,67.299,False,False,False,False
s511,1390,34.1679,0.9827,44.1965,26.5598,67.299,False,False,False,False
s511,1391,51.3919,17.224,45.6356,26.5598,67.299,False,False,False,False
s511,1392,23.8379,27.554,41.2761,26.5598,67.299,False,False,False,False
s511,1393,32.6882,8.8503,39.5585,26.5598,67.299,False,False,False,False
s511,1394,68.6606,35.9724,45.3789,26.5598,67.299,False,False,False,False
s511,1395,29.8217,38.8389,42.2675,26.5598,67.299,False,False,False,False
s511,1396,41.0735,11.2518,42.0287,26.5598,67.299,False,False,False,False
s511,1397,53.4759,12.4024,44.3181,26.5598,67.299,False,False,False,False
s511,1398,38.6266,14.8493,43.1798,26.5598,67.299,False,False,False,False
s511,1399,24.3442,14.2824,39.4127,26.5598,67.299,False,False,False,False
s511,1400,68.8,44.4558,45.2902,26.5598,67.299,False,False,False,False
s511,1401,47.7167,21.0833,45.7755,26.5598,67.299,False,False,False,False
s511,1402,22.3602,25.3565,41.0924,26.5598,67.299,False,False,False,False
s511,1403,62.6653,40.3051,45.407,26.5598,67.299,False,False,False,False
s511,1404,32.2148,30.4505,42.7686,26.5598,67.299,False,False,False,False
s511,1405,44.4886,12.2738,43.1126,26.5598,67.299,False,False,False,False
s511,1406,49.4481,4.9595,44.3797,26.5598,67.299,False,False,False,False
s511,1407,57.0738,7.6257,46.9185,26.5598,67.299,False,False,False,False
s511,1408,32.8558,24.218,44.106,26.5598,67.299,False,False,False,False
s511,1409,32.7485,0.1073,41.8345,26.5598,67.299,False,False,False,False
s511,1410,25.3846,7.3639,38.5445,26.5598,67.299,False,False,False,False
s511,1411,27.7603,2.3757,36.3877,26.5598,67.299,False,False,False,False
s511,1412,38.6555,10.8952,36.8412,26.5598,67.299,False,False,False,False
s511,1413,46.4135,7.758,38.7557,26.5598,67.299,False,False,False,False
s511,1414,48.6772,2.2637,40.74,26.5598,67.299,False,False,False,False
s511,1415,34.9065,13.7707,39.5733,26.5598,67.299,False,False,False,False
s511,1416,28.3114,6.5951,37.3209,26.5598,67.299,False,False,False,False
s511,1417,97.8166,69.5052,49.42,26.5598,67.299,False,False,False,False
s511,1418,48.4848,49.3318,49.233,26.5598,67.299,False,False,False,False
s511,1419,37.9822,10.5026,46.9828,26.5598,67.299,False,False,False,False
s511,1420,40.8889,2.9067,45.7641,26.5598,67.299,False,False,False,False
s511,1421,40.3361,0.5528,44.6785,26.5598,67.299,False,False,False,False
s511,1422,69.241,28.9049,49.591,26.5598,67.299,False,False,False,False
s511,1423,30.9677,38.2733,45.8663,26.5598,67.299,False,False,False,False
s511,1424,29.0353,1.9324,42.5001,26.5598,67.299,False,False,False,False
s511,1425,21.5278,7.5075,38.3056,26.5598,67.299,False,False,False,False
s511,1426,37.2816,15.7538,38.1008,26.5598,67.299,False,False,False,False
s511,1427,34.4086,2.873,37.3624,26.5598,67.299,False,False,False,False
s511,1428,35.4571,1.0485,36.9813,26.5598,67.299,False,False,False,False
s511,1429,40.4332,4.9761,37.6717,26.5598,67.299,False,False,False,False
s511,1430,29.899,10.5342,36.1172,26.5598,67.299,False,False,False,True
s511,1431,44.8845,14.9855,37.8706,26.5598,67.299,False,False,False,True
s511,1432,39.604,5.2805,38.2173,26.5598,67.299,False,False,False,True
s511,1433,29.8507,9.7533,36.544,26.5598,67.299,False,False,False,True
s511,1434,67.6923,37.8416,42.7736,26.5598,67.299,False,False,False,False
s511,1435,43.0108,24.6815,42.8211,26.5598,67.299,False,False,False,False
s511,1436,29.7268,13.284,40.2022,26.5598,67.299,False,False,False,False
s511,1437,51.1082,21.3814,42.3834,26.5598,67.299,False,False,False,False
s511,1438,38.512,12.5962,41.6091,26.5598,67.299,False,False,False,False
s511,1439,42.7673,4.2553,41.8408,26.5598,67.299,False,False,False,False
s511,1440,42.0627,0.7046,41.8852,26.5598,67.299,False,False,False,False
s511,1441,42.2243,0.1616,41.953,26.5598,67.299,False,False,False,False
s511,1442,32.287,9.9373,40.0198,26.5598,67.299,False,False,False,False
s511,1443,36.9942,4.7072,39.4147,26.5598,67.299,False,False,False,False
s511,1444,174.099,137.105,66.3515,26.5598,67.299,True,False,False,False
s511,1445,39.6285,134.47,61.0069,26.5598,67.299,False,False,False,False
s511,1446,48.0349,8.4064,58.4125,26.5598,67.299,False,False,False,False
s511,1447,44.0529,3.982,55.5406,26.5598,67.299,False,False,False,False
s511,1448,22.8805,21.1724,49.0086,26.5598,67.299,False,False,False,False
s511,1449,44.2748,21.3943,48.0618,26.5598,67.299,False,False,False,False
s511,1450,38.0242,6.2506,46.0543,26.5598,67.299,False,False,False,False
s511,1451,40.2721,2.2479,44.8979,26.5598,67.299,False,False,False,False
s511,1452,39.4966,0.7755,43.8176,26.5598,67.299,False,False,False,False
s511,1453,24.2669,15.2297,39.9075,26.5598,67.299,False,False,False,False
s511,1454,29.9137,5.6468,37.9087,26.5598,67.299,False,False,False,True
s511,1455,33.4786,3.5649,37.0227,26.5598,67.299,False,False,False,True
s511,1456,39.8804,6.4018,37.5942,26.5598,67.299,False,False,False,True
s511,1457,36.4312,3.4492,37.3616,26.5598,67.299,False,False,False,True
s511,1458,30.727,5.7042,36.0347,26.5598,67.299,False,False,False,True
s511,1459,41.4734,10.7464,37.1224,26.5598,67.299,False,False,False,True
s511,1460,75.0345,33.5611,44.7049,26.5598,67.299,False,False,False,False
s511,1461,27.0636,47.9709,41.1766,26.5598,67.299,False,False,False,False
s511,1462,28.1938,1.1302,38.58,26.5598,67.299,False,False,False,False
s511,1463,32.7345,4.5407,37.4109,26.5598,67.299,False,False,False,False
s511,1464,24.4009,8.3336,34.8089,26.5598,67.299,False,False,False,False
s511,1465,53.9515,29.5506,38.6374,26.5598,67.299,False,False,False,False
s511,1466,17.6991,36.2524,34.4498,26.5598,67.299,False,False,False,False
s511,1467,23.8411,6.142,32.328,26.5598,67.299,False,False,False,False
s511,1468,50.7795,26.9384,36.0183,26.5598,67.299,False,False,False,False
s511,1469,27.8884,22.8911,34.3923,26.5598,67.299,False,False,False,False
s511,1470,29.2027,1.3143,33.3544,26.5598,67.299,False,False,False,False
s511,1471,30.1288,0.9261,32.7093,26.5598,67.299,False,False,False,False
s511,1472,52.4053,22.2765,36.6485,26.5598,67.299,False,False,False,False
s511,1473,36.5442,15.8611,36.6276,26.5598,67.299,False,False,False,False
s511,1474,54.7804,18.2362,40.2582,26.5598,67.299,False,False,False,False
s511,1475,54.4651,0.3153,43.0996,26.5598,67.299,False,False,False,False
s511,1476,23.3364,31.1287,39.1469,26.5598,67.299,False,False,False,False
s511,1477,64.9573,41.6209,44.309,26.5598,67.299,False,False,False,False
s511,1478,53.0303,11.927,46.0533,26.5598,67.299,False,False,False,False
s511,1479,67.907,14.8767,50.424,26.5598,67.299,False,False,False,False
s511,1480,48.2173,19.6897,49.9827,26.5598,67.299,False,False,False,False
s511,1481,47.2761,0.9412,49.4414,26.5598,67.299,False,False,False,False
s511,1482,20.6349,26.6412,43.6801,26.5598,67.299,False,False,False,False
s511,1483,26.4706,5.8357,40.2382,26.5598,67.299,False,False,False,False
s511,1484,50.9091,24.4385,42.3724,26.5598,67.299,False,False,False,False
s511,1485,57.2133,6.3042,45.3405,26.5598,67.299,False,False,False,False
s511,1486,30.5677,26.6456,42.386,26.5598,67.299,False,False,False,False
s511,1487,62.9442,32.3765,46.4976,26.5598,67.299,False,False,False,False
s511,1488,43.2133,19.7309,45.8408,26.5598,67.299,False,False,False,False
s511,1489,29.5931,13.6202,42.5912,26.5598,67.299,False,False,False,False
s511,1490,64.5161,34.923,46.9762,26.5598,67.299,False,False,False,False
s511,1491,39.4521,25.064,45.4714,26.5598,67.299,False,False,False,False
s511,1492,35.8056,3.6465,43.5382,26.5598,67.299,False,False,False,False
s511,1493,51.3761,15.5705,45.1058,26.5598,67.299,False,False,False,False
s511,1494,55.9322,4.5561,47.2711,26.5598,67.299,False,False,False,False
s511,1495,52.6708,3.2614,48.351,26.5598,67.299,False,False,False,False
s511,1496,32.7345,19.9363,45.2277,26.5598,67.299,False,False,False,False
s511,1497,43.418,10.6835,44.8658,26.5598,67.299,False,False,False,False
s511,1498,27.9612,15.4568,41.4849,26.5598,67.299,False,False,False,False
s511,1499,52.0885,24.1273,43.6056,26.5598,67.299,False,False,False,False
s511,1500,23.816,28.2725,39.6477,26.5598,67.299,False,False,False,False
s511,1501,45.6853,21.8693,40.8552,26.5598,67.299,False,False,False,False
s511,1502,26.4808,19.2045,37.9803,26.5598,67.299,False,False,False,False
s511,1503,24.948,1.5328,35.3739,26.5598,67.299,False,False,False,False
s511,1504,58.5885,33.6405,40.0168,26.5598,67.299,False,False,False,False
s511,1505,40.5157,18.0728,40.1166,26.5598,67.299,False,False,False,False
s511,1506,18.8139,21.7018,35.856,26.5598,67.299,False,False,False,False
s511,1507,23.7037,4.8898,33.4256,26.5598,67.299,False,False,False,False
s511,1508,26.8757,3.172,32.1156,26.5598,67.299,False,False,False,False
s511,1509,31.5082,4.6325,31.9941,26.5598,67.299,False,False,False,False
s511,1510,50.2564,18.7482,35.6466,26.5598,67.299,False,False,False,False
s511,1511,50.4801,0.2237,38.6133,26.5598,67.299,False,False,False,False
s511,1512,36.999,13.4811,38.2904,26.5598,67.299,False,False,False,False
s511,1513,42.0499,5.0509,39.0423,26.5598,67.299,False,False,False,False
s511,1514,40,2.0499,39.2339,26.5598,67.299,False,False,False,False
s511,1515,36.0287,3.9713,38.5928,26.5598,67.299,False,False,False,False
s511,1516,31.8091,4.2196,37.2361,26.5598,67.299,False,False,False,False
s511,1517,49.0296,17.2205,39.5948,26.5598,67.299,False,False,False,False
s511,1518,38.7824,10.2472,39.4323,26.5598,67.299,False,False,False,False
s511,1519,244.275,205.492,80.4008,26.5598,67.299,True,False,False,False
s511,1520,55.814,188.461,75.4834,26.5598,67.299,False,False,False,False
s511,1521,32.4662,23.3478,66.88,26.5598,67.299,False,False,False,False
s511,1522,47.0588,14.5926,62.9158,26.5598,67.299,False,False,False,False
s511,1523,42.0438,5.015,58.7414,26.5598,67.299,False,False,False,False
s511,1524,26.2741,15.7697,52.2479,26.5598,67.299,False,False,False,False
s511,1525,47.6089,21.3348,51.3201,26.5598,67.299,False,False,False,False
s511,1526,39.9202,7.6887,49.0401,26.5598,67.299,False,False,False,False
s511,1527,30.8582,9.062,45.4037,26.5598,67.299,False,False,False,False
s511,1528,55.0206,24.1624,47.3271,26.5598,67.299,False,False,False,False
s511,1529,21.646,33.3746,42.1909,26.5598,67.299,False,False,False,False
s511,1530,35.9788,14.3328,40.9485,26.5598,67.299,False,False,False,False
s511,1531,43.2184,7.2396,41.4025,26.5598,67.299,False,False,False,False
s511,1532,32.7185,10.4999,39.6657,26.5598,67.299,False,False,False,False
s511,1533,29.8795,2.839,37.7084,26.5598,67.299,False,False,False,False
s511,1534,32.4723,2.5928,36.6612,26.5598,67.299,False,False,False,False
s511,1535,27.0153,5.457,34.732,26.5598,67.299,False,False,False,False
s511,1536,61.0086,33.9933,39.9873,26.5598,67.299,False,False,False,False
s511,1537,38.934,22.0746,39.7767,26.5598,67.299,False,False,False,False
s511,1538,36.036,2.898,39.0285,26.5598,67.299,False,False,False,False
s511,1539,45.3001,9.2641,40.2829,26.5598,67.299,False,False,False,False
s511,1540,49.3827,4.0826,42.1028,26.5598,67.299,False,False,False,False
s511,1541,46.3768,3.0059,42.9576,26.5598,67.299,False,False,False,False
s511,1542,41.5902,4.7866,42.6841,26.5598,67.299,False,False,False,False
s511,1543,25.6,15.9902,39.2673,26.5598,67.299,False,False,False,False
s511,1544,23.221,2.379,36.058,26.5598,67.299,False,False,False,False
s511,1545,44.0831,20.8621,37.6631,26.5598,67.299,False,False,False,False
s511,1546,37.684,6.3991,37.6672,26.5598,67.299,False,False,False,False
s511,1547,30.0107,7.6733,36.1359,26.5598,67.299,False,False,False,False
s511,1548,35.094,5.0833,35.9275,26.5598,67.299,False,False,False,True
s511,1549,31.7101,3.3839,35.0841,26.5598,67.299,False,False,False,True
s511,1550,42.1053,10.3952,36.4883,26.5598,67.299,False,False,False,True
s511,1551,36.715,5.3903,36.5336,26.5598,67.299,False,False,False,True
s511,1552,40.0932,3.3782,37.2456,26.5598,67.299,False,False,False,True
s511,1553,37.4312,2.662,37.2827,26.5598,67.299,False,False,False,True
s511,1554,46.022,8.5908,39.0305,26.5598,67.299,False,False,False,True
s511,1555,21.9931,24.0289,35.6231,26.5598,67.299,False,False,False,True
s511,1556,46.6586,24.6655,37.8302,26.5598,67.299,False,False,False,True
s511,1557,55.4855,8.8269,41.3612,26.5598,67.299,False,False,False,False
s511,1558,44.9761,10.5094,42.0842,26.5598,67.299,False,False,False,False
s511,1559,88.6747,43.6986,51.4023,26.5598,67.299,False,False,False,False
s511,1560,49.9452,38.7295,51.1109,26.5598,67.299,False,False,False,False
s511,1561,38.2022,11.743,48.5291,26.5598,67.299,False,False,False,False
s511,1562,53.1915,14.9893,49.4616,26.5598,67.299,False,False,False,False
s511,1563,29.4372,23.7543,45.4567,26.5598,67.299,False,False,False,False
s511,1564,54.833,25.3958,47.332,26.5598,67.299,False,False,False,False
s511,1565,78.4993,23.6663,53.5655,26.5598,67.299,False,False,False,False
s511,1566,75.8621,2.6372,58.0248,26.5598,67.299,False,False,False,False
s511,1567,48.3049,27.5572,56.0808,26.5598,67.299,False,False,False,False
s511,1568,61.4313,13.1264,57.1509,26.5598,67.299,False,False,False,False
s511,1569,48.8109,12.6204,55.4829,26.5598,67.299,False,False,False,False
s511,1570,44.5943,4.21655,53.3052,26.5598,67.299,False,False,False,False
s511,1571,35.4654,9.12896,49.7372,26.5598,67.299,False,False,False,False
s511,1572,50.1861,14.7207,49.827,26.5598,67.299,False,False,False,False
s511,1573,29.6664,20.5197,45.7949,26.5598,67.299,False,False,False,False
s511,1574,22.9104,6.75601,41.218,26.5598,67.299,False,False,False,False
s511,1575,62.7393,39.8289,45.5222,26.5598,67.299,False,False,False,False
s511,1576,26.2095,36.5297,41.6597,26.5598,67.299,False,False,False,False
s511,1577,113.228,87.018,55.9733,26.5598,67.299,True,False,False,False
s511,1578,44.3772,68.8503,53.6541,26.5598,67.299,False,False,False,False
s511,1579,29.823,14.5543,48.8878,26.5598,67.299,False,False,False,False
s511,1580,138.826,109.003,66.8754,26.5598,67.299,True,False,False,False
s511,1581,52.1024,86.7234,63.9208,26.5598,67.299,False,False,False,False
s511,1582,46.0562,6.04614,60.3479,26.5598,67.299,False,False,False,False
s511,1583,68.2215,22.1652,61.9226,26.5598,67.299,False,False,False,False
s511,1584,36.7625,31.459,56.8906,26.5598,67.299,False,False,False,False
s511,1585,74.8873,38.1248,60.4899,26.5598,67.299,False,False,False,False
s511,1586,43.8704,31.0169,57.166,26.5598,67.299,False,False,False,False
s511,1587,49.7943,5.92392,55.6917,26.5598,67.299,False,False,False,False
s511,1588,74.4378,24.6435,59.4409,26.5598,67.299,False,False,False,False
s511,1589,37.8388,36.5991,55.1205,26.5598,67.299,False,False,False,False
s511,1590,59.1016,21.2628,55.9167,26.5598,67.299,False,False,False,False
s511,1591,18.4629,40.6386,48.4259,26.5598,67.299,False,False,False,False
s511,1592,85.5372,67.0743,55.8482,26.5598,67.299,False,False,False,False
s511,1593,39.8794,45.6578,52.6544,26.5598,67.299,False,False,False,False
s511,1594,35.7365,4.14296,49.2709,26.5598,67.299,False,False,False,False
s511,1595,32.6873,3.04915,45.9542,26.5598,67.299,False,False,False,False
s511,1596,43.5114,10.8241,45.4656,26.5598,67.299,False,False,False,False
s511,1597,27.4887,16.0227,41.8702,26.5598,67.299,False,False,False,False
s511,1598,25.9966,1.49208,38.6955,26.5598,67.299,False,False,False,False
s511,1599,73.8124,47.8158,45.7189,26.5598,67.299,False,False,False,False
s511,1600,88.5154,14.703,54.2782,26.5598,67.299,False,False,False,False
s511,1601,77.2622,11.2532,58.875,26.5598,67.299,False,False,False,False
s511,1602,96.0757,18.8134,66.3151,26.5598,67.299,False,True,True,False
s511,1603,31.4062,64.6695,59.3334,26.5598,67.299,False,False,False,False
s511,1604,38.1105,6.70427,55.0888,26.5598,67.299,False,False,False,False
s511,1605,37.6909,0.419604,51.6092,26.5598,67.299,False,False,False,False
s511,1606,31.2547,6.43616,47.5383,26.5598,67.299,False,False,False,False
s511,1607,28.942,2.31274,43.819,26.5598,67.299,False,False,False,False
s511,1608,41.2421,12.3002,43.3037,26.5598,67.299,False,False,False,False
s511,1609,83.9865,42.7443,51.4402,26.5598,67.299,False,False,False,False
s511,1610,124.186,40.1992,65.9893,26.5598,67.299,True,False,False,False
s511,1611,53.5492,70.6365,63.5013,26.5598,67.299,False,False,False,False
s511,1612,33.5062,20.043,57.5023,26.5598,67.299,False,False,False,False
s511,1613,89.4471,55.9409,63.8912,26.5598,67.299,False,False,False,False
s511,1614,68.2801,21.1669,64.769,26.5598,67.299,False,False,False,False
s511,1615,39.1473,29.1329,59.6447,26.5598,67.299,False,False,False,False
s511,1616,33.1861,5.96121,54.3529,26.5598,67.299,False,False,False,False
s511,1617,69.1072,35.9211,57.3038,26.5598,67.299,False,False,False,False
s511,1618,62.2819,6.82528,58.2994,26.5598,67.299,False,False,False,False
s511,1619,55.7104,6.57149,57.7816,26.5598,67.299,False,False,False,False
s511,1620,28.732,26.9784,51.9717,26.5598,67.299,False,False,False,False
s511,1621,64.1725,35.4405,54.4119,26.5598,67.299,False,False,False,False
s511,1622,51.6912,12.4814,53.8677,26.5598,67.299,False,False,False,False
s511,1623,35.7261,15.9651,50.2394,26.5598,67.299,False,False,False,False
s511,1624,25.3045,10.4216,45.2524,26.5598,67.299,False,False,False,False
s511,1625,22.2088,3.09565,40.6437,26.5598,67.299,False,False,False,False
s511,1626,46.0368,23.828,41.7223,26.5598,67.299,False,False,False,False
s511,1627,64.2812,18.2444,46.2341,26.5598,67.299,False,False,False,False
s511,1628,36.899,27.3822,44.3671,26.5598,67.299,False,False,False,False
s511,1629,36.7981,0.10087,42.8533,26.5598,67.299,False,False,False,False
s511,1630,53.8294,17.0312,45.0485,26.5598,67.299,False,False,False,False
s511,1631,46.7147,7.11467,45.3817,26.5598,67.299,False,False,False,False
s511,1632,102.89,56.1755,56.8834,26.5598,67.299,False,False,False,False
s511,1633,66.218,36.6722,58.7504,26.5598,67.299,False,False,False,False
s511,1634,69.8502,3.63214,60.9703,26.5598,67.299,False,False,False,False
s511,1635,38.4505,31.3996,56.4664,26.5598,67.299,False,False,False,False
s511,1636,26.1173,12.3332,50.3965,26.5598,67.299,False,False,False,False
s511,1637,52.3678,26.2505,50.7908,26.5598,67.299,False,False,False,False
s511,1638,59.476,7.10818,52.5278,26.5598,67.299,False,False,False,False
s511,1639,36.7513,22.7246,49.3725,26.5598,67.299,False,False,False,False
s511,1640,37.4911,0.739729,46.9962,26.5598,67.299,False,False,False,False
s511,1641,103.087,65.5962,58.2144,26.5598,67.299,False,False,False,False
s511,1642,68.4756,34.6117,60.2667,26.5598,67.299,False,False,False,False
s511,1643,47.8165,20.6591,57.7766,26.5598,67.299,False,False,False,False
s511,1644,29.7651,18.0514,52.1743,26.5598,67.299,False,False,False,False
s511,1645,40.0208,10.2557,49.7436,26.5598,67.299,False,False,False,False
s511,1646,60.145,20.1243,51.8239,26.5598,67.299,False,False,False,False
s511,1647,33.6046,26.5405,48.18,26.5598,67.299,False,False,False,False
s511,1648,61.9302,28.3256,50.9301,26.5598,67.299,False,False,False,False
s511,1649,50.7086,11.2215,50.8858,26.5598,67.299,False,False,False,False
s511,1650,37.4569,13.2517,48.2,26.5598,67.299,False,False,False,False
s511,1651,62.01,24.5531,50.962,26.5598,67.299,False,False,False,False
s511,1652,74.5154,12.5053,55.6727,26.5598,67.299,False,False,False,False
s511,1653,52.2253,22.2901,54.9832,26.5598,67.299,False,False,False,False
s511,1654,65.2141,12.9888,57.0294,26.5598,67.299,False,False,False,False
s511,1655,50.8125,14.4015,55.786,26.5598,67.299,False,False,False,False
s511,1656,76.9366,26.1241,60.0161,26.5598,67.299,False,False,False,False
s511,1657,54.7267,22.2099,58.9582,26.5598,67.299,False,False,False,False
s511,1658,24.4801,30.2466,52.0626,26.5598,67.299,False,False,False,False
s511,1659,34.572,10.0919,48.5645,26.5598,67.299,False,False,False,False
s511,1660,77.1122,42.5403,54.274,26.5598,67.299,False,False,False,False
s511,1661,51.56,25.5522,53.7312,26.5598,67.299,False,False,False,False
s511,1662,51.3753,0.184691,53.26,26.5598,67.299,False,False,False,False
s511,1663,50.9835,0.391872,52.8047,26.5598,67.299,False,False,False,False
s511,1664,37.3699,13.6135,49.7178,26.5598,67.299,False,False,False,False
s511,1665,38.313,0.943034,47.4368,26.5598,67.299,False,False,False,False
s511,1666,45.3383,7.02532,47.0171,26.5598,67.299,False,False,False,False
s511,1667,49.1099,3.77163,47.4357,26.5598,67.299,False,False,False,False
s511,1668,67.5458,18.4359,51.4577,26.5598,67.299,False,False,False,False
s511,1669,34.2358,33.31,48.0133,26.5598,67.299,False,False,False,False
s511,1670,56.4305,22.1947,49.6968,26.5598,67.299,False,False,False,False
s511,1671,59.192,2.76147,51.5958,26.5598,67.299,False,False,False,False
s511,1672,63.9196,4.72758,54.0606,26.5598,67.299,False,False,False,False
s511,1673,102.46,38.5402,63.7404,26.5598,67.299,False,False,False,False
s511,1674,29.9843,72.4754,56.9892,26.5598,67.299,False,False,False,False
s511,1675,39.439,9.45472,53.4791,26.5598,67.299,False,False,False,False
s511,1676,142.092,102.653,71.2017,26.5598,67.299,True,False,False,False
s511,1677,35.4257,106.666,64.0465,26.5598,67.299,False,False,False,False
s511,1678,53.1346,17.7089,61.8641,26.5598,67.299,False,False,False,False
s511,1679,57.3281,4.19353,60.9569,26.5598,67.299,False,False,False,False
s511,1680,56.3931,0.934947,60.0441,26.5598,67.299,False,False,False,False
s511,1681,73.5685,17.1753,62.749,26.5598,67.299,False,False,False,False
s511,1682,40.1644,33.404,58.2321,26.5598,67.299,False,False,False,False
s511,1683,100.082,59.9178,66.6021,26.5598,67.299,False,False,False,False
s511,1684,51.9467,48.1355,63.671,26.5598,67.299,False,False,False,False
s511,1685,40.4357,11.511,59.024,26.5598,67.299,False,False,False,False
s511,1686,27.6731,12.7627,52.7538,26.5598,67.299,False,False,False,False
s511,1687,32.198,4.52488,48.6426,26.5598,67.299,False,False,False,False
s511,1688,94.6032,62.4052,57.8347,26.5598,67.299,False,False,False,False
s511,1689,41.1178,53.4854,54.4913,26.5598,67.299,False,False,False,False
s511,1690,63.5763,22.4585,56.3083,26.5598,67.299,False,False,False,False
s511,1691,35.7608,27.8155,52.1988,26.5598,67.299,False,False,False,False
s511,1692,65.6455,29.8847,54.8882,26.5598,67.299,False,False,False,False
s511,1693,31.888,33.7575,50.2881,26.5598,67.299,False,False,False,False
s511,1694,149.175,117.287,70.0654,26.5598,67.299,True,False,False,False
s511,1695,48.9955,100.179,65.8515,26.5598,67.299,False,False,False,False
s511,1696,302.035,253.039,113.088,26.5598,67.299,True,True,False,False
s511,1697,65.6312,236.404,103.597,26.5598,67.299,False,False,False,False
s511,1698,43.358,22.2731,91.549,26.5598,67.299,False,False,False,False
s511,1699,48.7099,5.3519,82.9812,26.5598,67.299,False,False,False,False
s511,1700,49.0849,0.374981,76.2019,26.5598,67.299,False,False,False,False
s511,1701,26.0042,23.0808,66.1624,26.5598,67.299,False,False,False,False
s511,1702,54.1354,28.1313,63.757,26.5598,67.299,False,False,False,False
s511,1703,66.0708,11.9353,64.2197,26.5598,67.299,False,False,False,False
s511,1704,44.0975,21.9733,60.1953,26.5598,67.299,False,False,False,False
s511,1705,57.9008,13.8033,59.7364,26.5598,67.299,False,False,False,False
s511,1706,79.1667,21.2659,63.6224,26.5598,67.299,False,False,False,False
s511,1707,14.065,65.1017,53.7109,26.5598,67.299,False,False,False,False
s511,1708,47.7049,33.6399,52.5097,26.5598,67.299,False,False,False,False
s511,1709,252.754,205.049,92.5586,26.5598,67.299,True,False,False,False
s511,1710,36.1574,216.597,81.2784,26.5598,67.299,False,False,False,False
s511,1711,31.707,4.45036,71.3641,26.5598,67.299,False,False,False,False
s511,1712,50.8938,19.1868,67.27,26.5598,67.299,False,False,False,False
s511,1713,33.5095,17.3843,60.5179,26.5598,67.299,False,False,False,False
s511,1714,62.4094,28.8999,60.8962,26.5598,67.299,False,False,False,False
s511,1715,49.6473,12.7621,58.6464,26.5598,67.299,False,False,False,False
s511,1716,47.0572,2.59011,56.3286,26.5598,67.299,False,False,False,False
s511,1717,23.8348,23.2224,49.8298,26.5598,67.299,False,False,False,False
s511,1718,22.7726,1.06219,44.4184,26.5598,67.299,False,False,False,False
s511,1719,101.244,78.471,55.7834,26.5598,67.299,False,False,False,False
s511,1720,148.071,46.8273,74.2409,26.5598,67.299,True,True,False,False
s511,1721,46.7442,101.327,68.7416,26.5598,67.299,False,False,False,False
s511,1722,27.8337,18.9105,60.56,26.5598,67.299,False,False,False,False
s511,1723,43.7167,15.883,57.1913,26.5598,67.299,False,False,False,False
s511,1724,51.0603,7.34368,55.9651,26.5598,67.299,False,False,False,False
s511,1725,63.3641,12.3038,57.4449,26.5598,67.299,False,False,False,False
s511,1726,39.4835,23.8806,53.8526,26.5598,67.299,False,False,False,False
s511,1727,86.017,46.5335,60.2855,26.5598,67.299,False,False,False,False
s511,1728,36.2104,49.8066,55.4705,26.5598,67.299,False,False,False,False
s511,1729,34.5778,1.63264,51.292,26.5598,67.299,False,False,False,False
s511,1730,40.5351,5.9573,49.1406,26.5598,67.299,False,False,False,False
s511,1731,45.8556,5.32053,48.4836,26.5598,67.299,False,False,False,False
s511,1732,29.3338,16.5219,44.6536,26.5598,67.299,False,False,False,False
s511,1733,23.1689,6.16485,40.3567,26.5598,67.299,False,False,False,False
s511,1734,68.634,45.4651,46.0121,26.5598,67.299,False,False,False,False
s511,1735,39.1453,29.4887,44.6388,26.5598,67.299,False,False,False,False
s511,1736,76.7304,37.5851,51.0571,26.5598,67.299,False,False,False,False
s511,1737,59.2033,17.5271,52.6864,26.5598,67.299,False,False,False,False
s511,1738,43.3282,15.8752,50.8147,26.5598,67.299,False,False,False,False
s511,1739,50.0344,6.70629,50.6587,26.5598,67.299,False,False,False,False
s511,1740,49.439,0.595455,50.4147,26.5598,67.299,False,False,False,False
s511,1741,29.8281,19.6108,46.2974,26.5598,67.299,False,False,False,False
s511,1742,68.5414,38.7133,50.7462,26.5598,67.299,False,False,False,False
s511,1743,28.3648,40.1766,46.2699,26.5598,67.299,False,False,False,False
s511,1744,22.1293,6.23554,41.4418,26.5598,67.299,False,False,False,False
s511,1745,24.163,2.03369,37.986,26.5598,67.299,False,False,False,False
s511,1746,54.1646,30.0016,41.2218,26.5598,67.299,False,False,False,False
s511,1747,25.8951,28.2695,38.1564,26.5598,67.299,False,False,False,False
s511,1748,42.9622,17.0671,39.1176,26.5598,67.299,False,False,False,False
s511,1749,59.6412,16.679,43.2223,26.5598,67.299,False,False,False,False
s511,1750,102.868,43.2263,55.1513,26.5598,67.299,False,False,False,False
s511,1751,96.4923,6.37519,63.4195,26.5598,67.299,False,True,False,False
s511,1752,27.8474,68.645,56.3051,26.5598,67.299,False,False,False,False
s511,1753,17.5835,10.2639,48.5608,26.5598,67.299,False,False,False,False
s511,1754,68.2559,50.6724,52.4998,26.5598,67.299,False,False,False,False
s511,1755,40.321,27.9349,50.064,26.5598,67.299,False,False,False,False
s511,1756,32.0052,8.3158,46.4523,26.5598,67.299,False,False,False,False
s511,1757,71.5334,39.5282,51.4685,26.5598,67.299,False,False,False,False
s511,1758,43.3074,28.226,49.8363,26.5598,67.299,False,False,False,False
s511,1759,42.9987,0.308624,48.4687,26.5598,67.299,False,False,False,False
s511,1760,33.8848,9.11397,45.552,26.5598,67.299,False,False,False,False
s511,1761,77.2708,43.3861,51.8957,26.5598,67.299,False,False,False,False
s511,1762,51.2874,25.9835,51.7741,26.5598,67.299,False,False,False,False
s511,1763,27.7066,23.5808,46.9606,26.5598,67.299,False,False,False,False
s511,1764,49.9178,22.2112,47.552,26.5598,67.299,False,False,False,False
s511,1765,44.3117,5.60611,46.9039,26.5598,67.299,False,False,False,False
s511,1766,37.2381,7.07356,44.9708,26.5598,67.299,False,False,False,False
s511,1767,35.3246,1.91346,43.0415,26.5598,67.299,False,False,False,False
s511,1768,39.0857,3.76106,42.2504,26.5598,67.299,False,False,False,False
s511,1769,77.925,38.8393,49.3853,26.5598,67.299,False,False,False,False
s511,1770,89.4748,11.5498,57.4032,26.5598,67.299,False,False,False,False
s511,1771,36.4518,53.023,53.2129,26.5598,67.299,False,False,False,False
s511,1772,31.9345,4.5173,48.9572,26.5598,67.299,False,False,False,False
s511,1773,34.8904,2.95587,46.1439,26.5598,67.299,False,False,False,False
s511,1774,63.5051,28.6148,49.6161,26.5598,67.299,False,False,False,False
s511,1775,44.2607,19.2445,48.545,26.5598,67.299,False,False,False,False
s511,1776,35.6031,8.65756,45.9566,26.5598,67.299,False,False,False,False
s511,1777,59.1076,23.5045,48.5868,26.5598,67.299,False,False,False,False
s511,1778,195.965,136.858,78.0625,26.5598,67.299,True,False,False,False
s511,1779,119.148,76.8171,86.2797,26.5598,67.299,True,True,False,False
s511,1780,63.4755,55.6729,81.7189,26.5598,67.299,False,False,False,False
s511,1781,63.9983,0.52279,78.1748,26.5598,67.299,False,False,False,False
s511,1782,24.5942,39.4041,67.4587,26.5598,67.299,False,False,False,False
s511,1783,36.1446,11.5504,61.1958,26.5598,67.299,False,False,False,False
s511,1784,62.4079,26.2633,61.4383,26.5598,67.299,False,False,False,False
s511,1785,64.314,1.90611,62.0134,26.5598,67.299,False,False,False,False
s511,1786,51.7819,12.5321,59.9671,26.5598,67.299,False,False,False,False
s511,1787,48.4522,3.3297,57.6641,26.5598,67.299,False,False,False,False
s511,1788,39.3364,9.11574,53.9986,26.5598,67.299,False,False,False,False
s511,1789,31.6649,7.67156,49.5318,26.5598,67.299,False,False,False,False
s511,1790,60.5322,28.8674,51.7319,26.5598,67.299,False,False,False,False
s511,1791,62.6259,2.09368,53.9107,26.5598,67.299,False,False,False,False
s511,1792,68.905,6.27912,56.9096,26.5598,67.299,False,False,False,False
s511,1793,65.546,3.35901,58.6369,26.5598,67.299,False,False,False,False
s511,1794,28.9023,36.6437,52.69,26.5598,67.299,False,False,False,False
s511,1795,71.5317,42.6293,56.4583,26.5598,67.299,False,False,False,False
s511,1796,84.6103,13.0787,62.0887,26.5598,67.299,False,False,False,False
s511,1797,45.7678,38.8426,58.8245,26.5598,67.299,False,False,False,False
s511,1798,22.7768,22.991,51.615,26.5598,67.299,False,False,False,False
s511,1799,47.5946,24.8178,50.8109,26.5598,67.299,False,False,False,False
s511,1800,51.378,3.78346,50.9243,26.5598,67.299,False,False,False,False
s511,1801,51.6105,0.232514,51.0616,26.5598,67.299,False,False,False,False
s511,1802,29.9931,21.6174,46.8479,26.5598,67.299,False,False,False,False
s511,1803,62.8498,32.8567,50.0483,26.5598,67.299,False,False,False,False
s511,1804,41.9227,20.9271,48.4231,26.5598,67.299,False,False,False,False
s511,1805,35.8671,6.05562,45.9119,26.5598,67.299,False,False,False,False
s511,1806,22.5577,13.3094,41.2411,26.5598,67.299,False,False,False,False
s511,1807,150.951,128.393,63.183,26.5598,67.299,True,False,False,False
s511,1808,38.062,112.889,58.1588,26.5598,67.299,False,False,False,False
s511,1809,65.6719,27.6099,59.6614,26.5598,67.299,False,False,False,False
s511,1810,18.7215,46.9504,51.4735,26.5598,67.299,False,False,False,False
s511,1811,29.7376,11.0161,47.1263,26.5598,67.299,False,False,False,False
s511,1812,38.8234,9.0858,45.4657,26.5598,67.299,False,False,False,False
s511,1813,29.8596,8.96387,42.3445,26.5598,67.299,False,False,False,False
s511,1814,21.9099,7.94963,38.2576,26.5598,67.299,False,False,False,False
s511,1815,58.6742,36.7642,42.3409,26.5598,67.299,False,False,False,False
s511,1816,46.4894,12.1847,43.1706,26.5598,67.299,False,False,False,False
s511,1817,87.4845,40.995,52.0334,26.5598,67.299,False,False,False,False
s511,1818,57.825,29.6594,53.1917,26.5598,67.299,False,False,False,False
s511,1819,68.0461,10.2211,56.1626,26.5598,67.299,False,False,False,False
s511,1820,21.007,47.0391,49.1315,26.5598,67.299,False,False,False,False
s511,1821,73.4637,52.4567,53.9979,26.5598,67.299,False,False,False,False
s511,1822,48.6507,24.8129,52.9285,26.5598,67.299,False,False,False,False
s511,1823,52.1531,3.50235,52.7734,26.5598,67.299,False,False,False,False
s511,1824,43.9196,8.23348,51.0026,26.5598,67.299,False,False,False,False
s511,1825,46.6395,2.7199,50.13,26.5598,67.299,False,False,False,False
s511,1826,41.1668,5.47265,48.3374,26.5598,67.299,False,False,False,False
s511,1827,35.976,5.19086,45.8651,26.5598,67.299,False,False,False,False
s511,1828,63.8933,27.9173,49.4707,26.5598,67.299,False,False,False,False
s511,1829,76.9871,13.0939,54.974,26.5598,67.299,False,False,False,False
s511,1830,54.4917,22.4954,54.8775,26.5598,67.299,False,False,False,False
s511,1831,105.914,51.4225,65.0849,26.5598,67.299,False,False,False,False
s511,1832,36.5082,69.406,59.3696,26.5598,67.299,False,False,False,False
s511,1833,37.2658,0.757603,54.9488,26.5598,67.299,False,False,False,False
s511,1834,56.4185,19.1526,55.2427,26.5598,67.299,False,False,False,False
s511,1835,28.2807,28.1378,49.8503,26.5598,67.299,False,False,False,False
s511,1836,47.7013,19.4206,49.4205,26.5598,67.299,False,False,False,False
s511,1837,41.643,6.05827,47.865,26.5598,67.299,False,False,False,False
s511,1838,67.3599,25.7169,51.764,26.5598,67.299,False,False,False,False
s511,1839,31.4386,35.9214,47.6989,26.5598,67.299,False,False,False,False
s511,1840,46.7872,15.3486,47.5166,26.5598,67.299,False,False,False,False
s511,1841,33.3858,13.4014,44.6904,26.5598,67.299,False,False,False,False
s511,1842,56.9432,23.5573,47.141,26.5598,67.299,False,False,False,False
s511,1843,39.2846,17.6585,45.5697,26.5598,67.299,False,False,False,False
s511,1844,37.4296,1.855,43.9417,26.5598,67.299,False,False,False,False
s511,1845,57.4131,19.9835,46.636,26.5598,67.299,False,False,False,False
s511,1846,70.9836,13.5705,51.5055,26.5598,67.299,False,False,False,False
s511,1847,46.2069,24.7767,50.4458,26.5598,67.299,False,False,False,False
s511,1848,34.0881,12.1189,47.1742,26.5598,67.299,False,False,False,False
s511,1849,34.7527,0.664602,44.6899,26.5598,67.299,False,False,False,False
s511,1850,218.076,183.324,79.3672,26.5598,67.299,True,False,False,False
s511,1851,41.3408,176.736,71.7619,26.5598,67.299,False,False,False,False
s511,1852,25.9562,15.3846,62.6008,26.5598,67.299,False,False,False,False
s511,1853,49.8725,23.9164,60.0551,26.5598,67.299,False,False,False,False
s511,1854,70.0938,20.2213,62.0629,26.5598,67.299,False,False,False,False
s511,1855,35.8583,34.2356,56.822,26.5598,67.299,False,False,False,False
s511,1856,38.0332,2.17497,53.0642,26.5598,67.299,False,False,False,False
s511,1857,65.9062,27.8729,55.6326,26.5598,67.299,False,False,False,False
s511,1858,136.557,70.651,71.8175,26.5598,67.299,True,False,False,False
s511,1859,23.7519,112.805,62.2044,26.5598,67.299,False,False,False,False
s511,1860,37.0699,13.318,57.1775,26.5598,67.299,False,False,False,False
s511,1861,35.5524,1.51744,52.8525,26.5598,67.299,False,False,False,False
s511,1862,250.355,214.802,92.3529,26.5598,67.299,True,False,False,False
s511,1863,32.2813,218.074,80.3386,26.5598,67.299,False,False,False,False
s511,1864,21.7195,10.5618,68.6148,26.5598,67.299,False,False,False,False
s511,1865,73.271,51.5515,69.546,26.5598,67.299,False,False,False,False
s511,1866,61.6779,11.5931,67.9724,26.5598,67.299,False,False,False,False
s432,0,33.1562,,19.7908,8.45759,24.4412,False,False,False,False
s432,1,2.2655,30.8907,16.2857,8.45759,24.4412,False,False,False,False
s432,2,29.1663,26.9008,18.8618,8.45759,24.4412,False,False,False,False
s432,3,13.4051,15.7612,17.7705,8.45759,24.4412,False,False,False,False
s432,4,10.739,2.6661,16.3642,8.45759,24.4412,False,False,False,False
s432,5,30.8083,20.0693,19.253,8.45759,24.4412,False,False,False,False
s432,6,23.8878,6.9205,20.18,8.45759,24.4412,False,False,False,False
s432,7,13.5593,10.3285,18.8558,8.45759,24.4412,False,False,False,False
s432,8,140.811,127.252,43.2468,8.45759,24.4412,True,False,False,False
s432,9,30.705,110.106,40.7385,8.45759,24.4412,False,False,False,False
s432,10,210.143,179.438,74.6194,8.45759,24.4412,True,True,False,False
s432,11,21.2607,188.882,63.9476,8.45759,24.4412,False,False,False,False
s432,12,11.6479,9.6128,53.4877,8.45759,24.4412,False,False,False,False
s432,13,22.6712,11.0233,47.3244,8.45759,24.4412,False,False,False,False
s432,14,400,377.329,117.86,8.45759,24.4412,True,False,False,False
s432,15,239.119,160.881,142.111,8.45759,24.4412,True,True,False,False
s432,16,7.4372,231.682,115.177,8.45759,24.4412,False,False,False,False
s432,17,10.1236,2.6864,94.166,8.45759,24.4412,False,False,False,False
s432,18,23.3714,13.2478,80.0071,8.45759,24.4412,False,False,False,False
s432,19,14.1501,9.2213,66.8357,8.45759,24.4412,False,False,False,False
s432,20,13.3098,0.8403,56.1305,8.45759,24.4412,False,False,False,False
s432,21,16.3897,3.0799,48.1824,8.45759,24.4412,False,False,False,False
s432,22,14.1674,2.2223,41.3794,8.45759,24.4412,False,False,False,False
s432,23,234.955,220.787,80.0944,8.45759,24.4412,True,False,False,False
s432,24,209.19,25.765,105.913,8.45759,24.4412,True,True,False,False
s432,25,228.324,19.1348,130.396,8.45759,24.4412,True,True,False,False
s432,26,23.6455,204.679,109.046,8.45759,24.4412,False,False,False,False
s432,27,15.3734,8.2721,90.3112,8.45759,24.4412,False,False,False,False
s432,28,26.9298,11.5564,77.6349,8.45759,24.4412,False,False,False,False
s432,29,23.2998,3.63,66.7679,8.45759,24.4412,False,False,False,False
s432,30,14.8202,8.4796,56.3783,8.45759,24.4412,False,False,False,False
s432,31,10.2928,4.5274,47.1612,8.45759,24.4412,False,False,False,False
s432,32,15.0156,4.7228,40.7321,8.45759,24.4412,False,False,False,False
s432,33,226.516,211.5,77.8889,8.45759,24.4412,True,False,False,False
s432,34,19.959,206.557,66.3029,8.45759,24.4412,False,False,False,False
s432,35,4.4748,15.4842,53.9373,8.45759,24.4412,False,False,False,False
s432,36,400,395.525,123.15,8.45759,24.4412,True,False,False,False
s432,37,9.4785,390.522,100.416,8.45759,24.4412,False,False,False,False
s432,38,10.1549,0.6764,82.3634,8.45759,24.4412,False,False,False,False
s432,39,18.0311,7.8762,69.497,8.45759,24.4412,False,False,False,False
s432,40,119.356,101.325,79.4688,8.45759,24.4412,True,False,False,False
s432,41,6.4464,112.91,64.8643,8.45759,24.4412,False,False,False,False
s432,42,8.0984,1.652,53.5111,8.45759,24.4412,False,False,False,False
s432,43,6.3449,1.7535,44.0779,8.45759,24.4412,False,False,False,False
s432,44,154.014,147.669,66.0652,8.45759,24.4412,True,False,False,False
s432,45,7.2168,146.798,54.2955,8.45759,24.4412,False,False,True,False
s432,46,215.986,208.769,86.6335,8.45759,24.4412,True,True,False,False
s432,47,150.828,65.158,99.4723,8.45759,24.4412,True,True,False,False
s432,48,20.7906,130.037,83.736,8.45759,24.4412,False,False,False,False
s432,49,6.459,14.3316,68.2806,8.45759,24.4412,False,False,False,False
s432,50,14.0364,7.5774,57.4318,8.45759,24.4412,False,False,False,False
s432,51,213.273,199.236,88.6,8.45759,24.4412,True,False,False,False
s432,52,7.993,205.28,72.4786,8.45759,24.4412,False,False,False,False
s432,53,10.061,2.068,59.9951,8.45759,24.4412,False,False,False,False
s432,54,143.914,133.853,76.7789,8.45759,24.4412,True,False,False,False
s432,55,22.7771,121.137,65.9785,8.45759,24.4412,False,False,False,False
s432,56,6.498,16.2791,54.0824,8.45759,24.4412,False,False,False,False
s432,57,400,393.502,123.266,8.45759,24.4412,True,False,False,False
s432,58,140.2,259.8,126.653,8.45759,24.4412,True,True,False,False
s432,59,13.0901,127.11,103.94,8.45759,24.4412,False,False,False,False
s432,60,14.9004,1.8103,86.1323,8.45759,24.4412,False,False,False,False
s432,61,215.974,201.074,112.101,8.45759,24.4412,True,False,False,False
s432,62,9.969,206.005,91.6743,8.45759,24.4412,False,False,False,False
s432,63,21.4787,11.5097,77.6352,8.45759,24.4412,False,False,False,False
s432,64,28.4629,6.9842,67.8008,8.45759,24.4412,False,False,False,False
s432,65,17.4794,10.9835,57.7365,8.45759,24.4412,False,False,False,False
s432,66,17.6323,0.1529,49.7156,8.45759,24.4412,False,False,False,False
s432,67,15.4802,2.1521,42.8686,8.45759,24.4412,False,False,False,False
s432,68,12.2749,3.2053,36.7498,8.45759,24.4412,False,False,False,False
s432,69,5.4174,6.8575,30.4833,8.45759,24.4412,False,False,False,False
s432,70,23.6738,18.2564,29.1214,8.45759,24.4412,False,False,False,False
s432,71,8.2913,15.3825,24.9554,8.45759,24.4412,False,False,False,False
s432,72,224.944,216.653,64.9532,8.45759,24.4412,True,False,False,False
s432,73,16.1158,208.829,55.1857,8.45759,24.4412,False,False,False,False
s432,74,21.9459,5.8301,48.5378,8.45759,24.4412,False,False,False,False
s432,75,110.429,88.4827,60.9159,8.45759,24.4412,True,False,False,False
s432,76,20.0458,90.3828,52.7419,8.45759,24.4412,False,False,False,False
s432,77,27.6994,7.6536,47.7334,8.45759,24.4412,False,False,False,False
s432,78,27.2585,0.4409,43.6384,8.45759,24.4412,False,False,False,False
s432,79,6.03,21.2285,36.1167,8.45759,24.4412,False,False,False,False
s432,80,38.937,32.907,36.6808,8.45759,24.4412,False,False,False,False
s432,81,3.2325,35.7045,29.9911,8.45759,24.4412,False,False,False,False
s432,82,15.6819,12.4494,27.1293,8.45759,24.4412,False,False,False,False
s432,83,19.359,3.6771,25.5752,8.45759,24.4412,False,False,False,False
s432,84,144.606,125.246,49.3813,8.45759,24.4412,True,False,False,False
s432,85,9.2745,135.331,41.3599,8.45759,24.4412,False,False,False,False
s432,86,12.322,3.0475,35.5523,8.45759,24.4412,False,False,False,False
s432,87,25.1799,12.8579,33.4779,8.45759,24.4412,False,False,False,False
s432,88,4.1402,21.0397,27.6103,8.45759,24.4412,False,False,False,False
s432,89,20.6968,16.5566,26.2276,8.45759,24.4412,False,False,False,False
s432,90,15.1577,5.5391,24.0136,8.45759,24.4412,False,False,False,False
s432,91,232.475,217.317,65.7059,8.45759,24.4412,True,False,False,False
s432,92,9.0616,223.414,54.3771,8.45759,24.4412,False,False,False,False
s432,93,144.703,135.642,72.4423,8.45759,24.4412,True,True,False,False
s432,94,17.4908,127.212,61.452,8.45759,24.4412,False,False,False,False
s432,95,14.7059,2.7849,52.1028,8.45759,24.4412,False,False,False,False
s432,96,213.75,199.044,84.4321,8.45759,24.4412,True,False,False,False
s432,97,15.8153,197.934,70.7088,8.45759,24.4412,False,False,False,False
s432,98,14.8199,0.9954,59.531,8.45759,24.4412,False,False,False,False
s432,99,400,385.18,127.625,8.45759,24.4412,True,False,False,False
s432,100,12.1608,387.839,104.532,8.45759,24.4412,False,False,False,False
s432,101,4.5083,7.6525,84.5273,8.45759,24.4412,False,False,False,False
s432,102,26.2437,21.7354,72.8705,8.45759,24.4412,False,False,False,False
s432,103,18.947,7.2967,62.0858,8.45759,24.4412,False,False,False,False
s432,104,21.505,2.558,53.9697,8.45759,24.4412,False,False,False,False
s432,105,18.2031,3.3019,46.8164,8.45759,24.4412,False,False,False,False
s432,106,26.1707,7.9676,42.6872,8.45759,24.4412,False,False,False,False
s432,107,18.1623,8.0084,37.7822,8.45759,24.4412,False,False,False,False
s432,108,19.4195,1.2572,34.1097,8.45759,24.4412,False,False,False,False
s432,109,23.0036,3.5841,31.8885,8.45759,24.4412,False,False,False,True
s432,110,10.5076,12.496,27.6123,8.45759,24.4412,False,False,False,False
s432,111,21.2752,10.7676,26.3449,8.45759,24.4412,False,False,False,False
s432,112,16.2905,4.9847,24.334,8.45759,24.4412,False,False,False,False
s432,113,21.031,4.7405,23.6734,8.45759,24.4412,False,False,False,False
s432,114,6.6285,14.4025,20.2644,8.45759,24.4412,False,False,False,False
s432,115,19.8961,13.2676,20.1908,8.45759,24.4412,False,False,False,False
s432,116,23.5008,3.6047,20.8528,8.45759,24.4412,False,False,False,False
s432,117,17.7651,5.7357,20.2352,8.45759,24.4412,False,False,False,False
s432,118,5.9174,11.8477,17.3717,8.45759,24.4412,False,False,False,False
s432,119,13.2701,7.3527,16.5514,8.45759,24.4412,False,False,False,False
s432,120,11.9534,1.3167,15.6318,8.45759,24.4412,False,False,False,False
s432,121,25.179,13.2256,17.5412,8.45759,24.4412,False,False,False,False
s432,122,14.1199,11.0591,16.8569,8.45759,24.4412,False,False,False,False
s432,123,18.8253,4.7054,17.2506,8.45759,24.4412,False,False,False,False
s432,124,36.6957,17.8704,21.1396,8.45759,24.4412,False,False,False,False
s432,125,23.4882,13.2075,21.6093,8.45759,24.4412,False,False,False,False
s432,126,17.8636,5.6246,20.8602,8.45759,24.4412,False,False,False,False
s432,127,17.9902,0.1266,20.2862,8.45759,24.4412,False,False,False,False
s432,128,4.0212,13.969,17.0332,8.45759,24.4412,False,False,False,False
s432,129,22.7996,18.7784,18.1865,8.45759,24.4412,False,False,False,False
s432,130,13.4279,9.3717,17.2348,8.45759,24.4412,False,False,False,False
s432,131,16.9847,3.5568,17.1848,8.45759,24.4412,False,False,False,False
s432,132,8.3366,8.6481,15.4151,8.45759,24.4412,False,False,False,False
s432,133,27.894,19.5574,17.9109,8.45759,24.4412,False,False,False,False
s432,134,17.9979,9.8961,17.9283,8.45759,24.4412,False,False,False,False
s432,135,8.7794,9.2185,16.0985,8.45759,24.4412,False,False,False,False
s432,136,19.6439,10.8645,16.8076,8.45759,24.4412,False,False,False,False
s432,137,23.4395,3.7956,18.134,8.45759,24.4412,False,False,False,False
s432,138,25.3041,1.8646,19.568,8.45759,24.4412,False,False,False,False
s432,139,23.0048,2.2993,20.2554,8.45759,24.4412,False,False,False,False
s432,140,19.434,3.5708,20.0911,8.45759,24.4412,False,False,False,False
s432,141,10.7508,8.6832,18.223,8.45759,24.4412,False,False,False,False
s432,142,22.1984,11.4476,19.0181,8.45759,24.4412,False,False,False,False
s432,143,217.42,195.222,58.6985,8.45759,24.4412,True,False,False,False
s432,144,400,182.58,126.959,8.45759,24.4412,True,True,False,False
s432,145,10.5596,389.44,103.679,8.45759,24.4412,False,False,False,False
s432,146,21.3372,10.7776,87.2106,8.45759,24.4412,False,False,False,False
s432,147,11.0791,10.2581,71.9843,8.45759,24.4412,False,False,False,False
s432,148,22.1979,11.1188,62.027,8.45759,24.4412,False,False,False,False
s432,149,25.5441,3.3462,54.7304,8.45759,24.4412,False,False,False,False
s432,150,15.7059,9.8382,46.9255,8.45759,24.4412,False,False,False,False
s432,151,5.2999,10.406,38.6004,8.45759,24.4412,False,False,False,False
s432,152,23.9286,18.6287,35.666,8.45759,24.4412,False,False,False,False
s432,153,14.7144,9.2142,31.4757,8.45759,24.4412,False,False,False,False
s432,154,18.4187,3.7043,28.8643,8.45759,24.4412,False,False,False,False
s432,155,23.2462,4.8275,27.7407,8.45759,24.4412,False,False,False,False
s432,156,13.7175,9.5287,24.9361,8.45759,24.4412,False,False,False,False
s432,157,25.9383,12.2208,25.1365,8.45759,24.4412,False,False,False,False
s432,158,15.1007,10.8376,23.1293,8.45759,24.4412,False,False,False,False
s432,159,4.3524,10.7483,19.374,8.45759,24.4412,False,False,False,False
s432,160,9.6116,5.2592,17.4215,8.45759,24.4412,False,False,False,False
s432,161,14.8178,5.2062,16.9007,8.45759,24.4412,False,False,False,False
s432,162,6.0723,8.7455,14.7351,8.45759,24.4412,False,False,False,False
s432,163,139.531,133.459,39.6943,8.45759,24.4412,True,False,False,False
s432,164,9.3111,130.22,33.6177,8.45759,24.4412,False,False,False,False
s432,165,18.9946,9.6835,30.6931,8.45759,24.4412,False,False,False,False
s432,166,15.8994,3.0952,27.7343,8.45759,24.4412,False,False,False,False
s432,167,14.6024,1.297,25.108,8.45759,24.4412,False,False,False,False
s432,168,9.2782,5.3242,21.942,8.45759,24.4412,False,False,False,False
s432,169,64.9078,55.6296,30.5352,8.45759,24.4412,True,False,False,False
s432,170,16.1069,48.8009,27.6495,8.45759,24.4412,False,False,False,False
s432,171,16.0427,0.0642,25.3281,8.45759,24.4412,False,False,False,False
s432,172,135.398,119.355,47.3421,8.45759,24.4412,True,False,False,False
s432,173,18.835,116.563,41.6407,8.45759,24.4412,False,False,False,False
s432,174,20.8451,2.0101,37.4816,8.45759,24.4412,False,False,False,False
s432,175,18.1054,2.7397,33.6064,8.45759,24.4412,False,False,False,False
s432,176,17.9274,0.178,30.4706,8.45759,24.4412,False,False,False,False
s432,177,89.525,71.5976,42.2814,8.45759,24.4412,True,False,False,False
s432,178,12.3297,77.1953,36.2911,8.45759,24.4412,False,False,False,False
s432,179,15.9398,3.6101,32.2208,8.45759,24.4412,False,False,False,False
s432,180,21.4403,5.5005,30.0647,8.45759,24.4412,False,False,False,False
s432,181,8.0357,13.4046,25.6589,8.45759,24.4412,False,False,False,False
s432,182,22.3017,14.266,24.9875,8.45759,24.4412,False,False,False,False
s432,183,231.055,208.753,66.2009,8.45759,24.4412,True,False,False,False
s432,184,17.8486,213.206,56.5304,8.45759,24.4412,False,False,False,False
s432,185,23.0699,5.2213,49.8383,8.45759,24.4412,False,False,False,False
s432,186,400,376.93,119.871,8.45759,24.4412,True,False,False,False
s432,187,9.0412,390.959,97.7048,8.45759,24.4412,False,False,False,False
s432,188,15.264,6.2228,81.2166,8.45759,24.4412,False,False,False,False
s432,189,18.3789,3.1149,68.6491,8.45759,24.4412,False,False,False,False
s432,190,10.8422,7.5367,57.0877,8.45759,24.4412,False,False,False,False
s432,191,13.8762,3.034,48.4454,8.45759,24.4412,False,False,False,False
s432,192,6.0738,7.8024,39.9711,8.45759,24.4412,False,False,False,False
s432,193,11.7603,5.6865,34.3289,8.45759,24.4412,False,False,False,False
s432,194,21.8612,10.1009,31.8354,8.45759,24.4412,False,False,False,False
s432,195,224.195,202.334,70.3072,8.45759,24.4412,True,False,False,False
s432,196,236.308,12.1128,103.507,8.45759,24.4412,True,True,False,False
s432,197,19.642,216.666,86.7342,8.45759,24.4412,False,False,False,False
s432,198,20.8848,1.2428,73.5643,8.45759,24.4412,False,False,False,False
s432,199,18.3683,2.5165,62.5251,8.45759,24.4412,False,False,False,False
s432,200,20.1208,1.7525,54.0443,8.45759,24.4412,False,False,False,False
s432,201,15.525,4.5958,46.3404,8.45759,24.4412,False,False,False,False
s432,202,27.5928,12.0678,42.5909,8.45759,24.4412,False,False,False,False
s432,203,25.823,1.7698,39.2373,8.45759,24.4412,False,False,False,False
s432,204,24.5765,1.2465,36.3052,8.45759,24.4412,False,False,False,False
s432,205,21.2179,3.3586,33.2877,8.45759,24.4412,False,False,False,False
s432,206,23.7414,2.5235,31.3784,8.45759,24.4412,False,False,False,False
s432,207,5.3882,18.3532,26.1804,8.45759,24.4412,False,False,False,False
s432,208,9.654,4.2658,22.8751,8.45759,24.4412,False,False,False,False
s432,209,12.5823,2.9283,20.8166,8.45759,24.4412,False,False,False,False
s432,210,55.9798,43.3975,27.8492,8.45759,24.4412,True,False,False,False
s432,211,22.3482,33.6316,26.749,8.45759,24.4412,False,False,False,False
s432,212,29.3952,7.047,27.2782,8.45759,24.4412,False,False,False,False
s432,213,13.7227,15.6725,24.5671,8.45759,24.4412,False,False,False,False
s432,214,7.9775,5.7452,21.2492,8.45759,24.4412,False,False,False,False
s432,215,8.2478,0.2703,18.6489,8.45759,24.4412,False,False,False,False
s432,216,21.0155,12.7677,19.1222,8.45759,24.4412,False,False,False,False
s432,217,20.3965,0.619,19.3771,8.45759,24.4412,False,False,False,False
s432,218,24.936,4.5395,20.4889,8.45759,24.4412,False,False,False,False
s432,219,23.2747,1.6613,21.046,8.45759,24.4412,False,False,False,False
s432,220,14.3439,8.9308,19.7056,8.45759,24.4412,False,False,False,False
s432,221,16.2281,1.8842,19.0101,8.45759,24.4412,False,False,False,False
s432,222,23.2273,6.9992,19.8535,8.45759,24.4412,False,False,False,False
s432,223,23.1701,0.0572,20.5169,8.45759,24.4412,False,False,False,False
s432,224,24.0254,0.8553,21.2186,8.45759,24.4412,False,False,False,False
s432,225,17.6995,6.3259,20.5148,8.45759,24.4412,False,False,False,False
s432,226,31.1313,13.4318,22.6381,8.45759,24.4412,False,False,False,False
s432,227,108.12,76.9884,39.7344,8.45759,24.4412,True,False,False,False
s432,228,9.7108,98.4089,33.7297,8.45759,24.4412,False,False,False,False
s432,229,21.6595,11.9487,31.3156,8.45759,24.4412,False,False,False,False
s432,230,5.483,16.1765,26.1491,8.45759,24.4412,False,False,False,False
s432,231,9.7436,4.2606,22.868,8.45759,24.4412,False,False,False,False
s432,232,23.127,13.3834,22.9198,8.45759,24.4412,False,False,False,False
s432,233,26.4648,3.3378,23.6288,8.45759,24.4412,False,False,False,False
s432,234,14.97,11.4948,21.897,8.45759,24.4412,False,False,False,False
s432,235,20.0595,5.0895,21.5295,8.45759,24.4412,False,False,False,False
s432,236,8.3502,11.7093,18.8937,8.45759,24.4412,False,False,False,False
s432,237,12.8939,4.5437,17.6937,8.45759,24.4412,False,False,False,False
s432,238,21.928,9.0341,18.5406,8.45759,24.4412,False,False,False,False
s432,239,4.8489,17.0791,15.8022,8.45759,24.4412,False,False,False,False
s432,240,13.4082,8.5593,15.3234,8.45759,24.4412,False,False,False,False
s432,241,27.449,14.0408,17.7485,8.45759,24.4412,False,False,False,False
s432,242,18.7844,8.6646,17.9557,8.45759,24.4412,False,False,False,False
s432,243,16.0742,2.7102,17.5794,8.45759,24.4412,False,False,False,False
s432,244,18.2891,2.2149,17.7213,8.45759,24.4412,False,False,False,False
s432,245,9.2738,9.0153,16.0318,8.45759,24.4412,False,False,False,False
s432,246,21.2196,11.9458,17.0694,8.45759,24.4412,False,False,False,False
s432,247,13.1903,8.0293,16.2936,8.45759,24.4412,False,False,False,False
s432,248,99.2163,86.026,32.8781,8.45759,24.4412,True,False,False,False
s432,249,11.9874,87.2289,28.7,8.45759,24.4412,False,False,False,False
s432,250,19.2943,7.3069,26.8188,8.45759,24.4412,False,False,False,False
s432,251,24.4918,5.1975,26.3534,8.45759,24.4412,False,False,False,False
s432,252,25.6036,1.1118,26.2035,8.45759,24.4412,False,False,False,False
s432,253,19.5718,6.0318,24.8771,8.45759,24.4412,False,False,False,False
s432,254,10.4775,9.0943,21.9972,8.45759,24.4412,False,False,False,False
s432,255,20.6908,10.2133,21.7359,8.45759,24.4412,False,False,False,False
s432,256,9.7764,10.9144,19.344,8.45759,24.4412,False,False,False,False
s432,257,21.1103,11.3339,19.6973,8.45759,24.4412,False,False,False,False
s432,258,12.5592,8.5511,18.2697,8.45759,24.4412,False,False,False,False
s432,259,23.5338,10.9746,19.3225,8.45759,24.4412,False,False,False,False
s432,260,22.5483,0.9855,19.9677,8.45759,24.4412,False,False,False,False
s432,261,23.1498,0.6015,20.6041,8.45759,24.4412,False,False,False,False
s432,262,24.5752,1.4254,21.3983,8.45759,24.4412,False,False,False,False
s432,263,16.545,8.0302,20.4276,8.45759,24.4412,False,False,False,False
s432,264,19.5384,2.9934,20.2498,8.45759,24.4412,False,False,False,False
s432,265,21.4977,1.9593,20.4994,8.45759,24.4412,False,False,False,False
s432,266,9.2161,12.2816,18.2427,8.45759,24.4412,False,False,False,False
s432,267,18.0127,8.7966,18.1967,8.45759,24.4412,False,False,False,False
s432,268,91.8052,73.7925,32.9184,8.45759,24.4412,True,False,False,False
s432,269,26.1953,65.6099,31.5738,8.45759,24.4412,False,False,False,False
s432,270,12.2269,13.9684,27.7044,8.45759,24.4412,False,False,False,False
s432,271,18.6216,6.3947,25.8878,8.45759,24.4412,False,False,False,False
s432,272,22.6258,4.0042,25.2354,8.45759,24.4412,False,False,False,False
s432,273,20.8464,1.7794,24.3576,8.45759,24.4412,False,False,False,False
s432,274,45.9308,25.0844,28.6723,8.45759,24.4412,True,False,False,False
s432,275,21.9709,23.9599,27.332,8.45759,24.4412,False,False,False,False
s432,276,13.4561,8.5148,24.5568,8.45759,24.4412,False,False,False,False
s432,277,19.2917,5.8356,23.5038,8.45759,24.4412,False,False,False,False
s432,278,19.6988,0.4071,22.7428,8.45759,24.4412,False,False,False,False
s432,279,12.9444,6.7544,20.7831,8.45759,24.4412,False,False,False,False
s432,280,6.4432,6.5012,17.9151,8.45759,24.4412,False,False,False,False
s432,281,17.5311,11.0879,17.8383,8.45759,24.4412,False,False,False,False
s432,282,31.7662,14.2351,20.6239,8.45759,24.4412,False,False,False,False
s432,283,4.2282,27.538,17.3448,8.45759,24.4412,False,False,False,False
s432,284,20.0643,15.8361,17.8887,8.45759,24.4412,False,False,False,False
s432,285,15.9312,4.1331,17.4972,8.45759,24.4412,False,False,False,False
s432,286,16.0606,0.1294,17.2099,8.45759,24.4412,False,False,False,False
s432,287,16.7581,0.6975,17.1195,8.45759,24.4412,False,False,False,False
s432,288,12.7757,3.9824,16.2507,8.45759,24.4412,False,False,False,False
s432,289,19.9763,7.2006,16.9959,8.45759,24.4412,False,False,False,False
s432,290,18.8128,1.1635,17.3592,8.45759,24.4412,False,False,False,False
s432,291,18.0345,0.7783,17.4943,8.45759,24.4412,False,False,False,False
s432,292,26.2564,8.2219,19.2467,8.45759,24.4412,False,False,False,False
s432,293,31.0626,4.8062,21.6099,8.45759,24.4412,False,False,False,False
s432,294,15.8521,15.2105,20.4583,8.45759,24.4412,False,False,False,False
s432,295,13.9134,1.9387,19.1493,8.45759,24.4412,False,False,False,False
s432,296,15.6413,1.7279,18.4477,8.45759,24.4412,False,False,False,False
s432,297,25.118,9.4767,19.7818,8.45759,24.4412,False,False,False,False
s432,298,35.4671,10.3491,22.9189,8.45759,24.4412,False,False,False,False
s432,299,17.1175,18.3496,21.7586,8.45759,24.4412,False,False,False,False
s432,300,12.7748,4.3427,19.9618,8.45759,24.4412,False,False,False,False
s432,301,21.2413,8.4665,20.2177,8.45759,24.4412,False,False,False,False
s432,302,16.0376,5.2037,19.3817,8.45759,24.4412,False,False,False,False
s432,303,23.1568,7.1192,20.1367,8.45759,24.4412,False,False,False,False
s432,304,19.5021,3.6547,20.0098,8.45759,24.4412,False,False,False,False
s432,305,20.6772,1.1751,20.1433,8.45759,24.4412,False,False,False,False
s432,306,5.8134,14.8638,17.2773,8.45759,24.4412,False,False,False,False
s432,307,4.3967,1.4167,14.7012,8.45759,24.4412,False,False,False,False
s432,308,22.0515,17.6548,16.1712,8.45759,24.4412,False,False,False,False
s432,309,24.0866,2.0351,17.7543,8.45759,24.4412,False,False,False,False
s432,310,19.6007,4.4859,18.1236,8.45759,24.4412,False,False,False,False
s432,311,16.937,2.6637,17.8863,8.45759,24.4412,False,False,False,False
s432,312,24.8201,7.8831,19.273,8.45759,24.4412,False,False,False,False
s432,313,19.142,5.6781,19.2468,8.45759,24.4412,False,False,False,False
s432,314,6.4038,12.7382,16.6782,8.45759,24.4412,False,False,False,False
s432,315,21.9603,15.5565,17.7346,8.45759,24.4412,False,False,False,False
s432,316,16.0628,5.8975,17.4003,8.45759,24.4412,False,False,False,False
s432,317,29.3821,13.3193,19.7966,8.45759,24.4412,False,False,False,False
s432,318,9.9445,19.4376,17.8262,8.45759,24.4412,False,False,False,False
s432,319,15.8639,5.9194,17.4337,8.45759,24.4412,False,False,False,False
s432,320,21.0805,5.2166,18.1631,8.45759,24.4412,False,False,False,False
s432,321,14.4741,6.6064,17.4253,8.45759,24.4412,False,False,False,False
s432,322,102.503,88.0287,34.4408,8.45759,24.4412,True,False,False,False
s432,323,21.0526,81.4502,31.7632,8.45759,24.4412,False,False,False,False
s432,324,20.3357,0.7169,29.4777,8.45759,24.4412,False,False,False,False
s432,325,20.9701,0.6344,27.7762,8.45759,24.4412,False,False,False,False
s432,326,24.1933,3.2232,27.0596,8.45759,24.4412,False,False,False,False
s432,327,20.6249,3.5684,25.7726,8.45759,24.4412,False,False,False,False
s432,328,27.1186,6.4937,26.0418,8.45759,24.4412,False,False,False,False
s432,329,18.0652,9.0534,24.4465,8.45759,24.4412,False,False,False,True
s432,330,24.5947,6.5295,24.4761,8.45759,24.4412,False,False,False,True
s432,331,21.0344,3.5603,23.7878,8.45759,24.4412,False,False,False,True
s432,332,15.0999,5.9345,22.0502,8.45759,24.4412,False,False,False,False
s432,333,18.3874,3.2875,21.3177,8.45759,24.4412,False,False,False,False
s432,334,18.2542,0.1332,20.705,8.45759,24.4412,False,False,False,False
s432,335,13.9212,4.333,19.3482,8.45759,24.4412,False,False,False,False
s432,336,,,19.3482,8.45759,24.4412,False,False,False,False
s432,337,21.2818,,19.7349,8.45759,24.4412,False,False,False,False
s432,338,23.1536,1.8718,20.4187,8.45759,24.4412,False,False,False,False
s432,339,21.6407,1.5129,20.6631,8.45759,24.4412,False,False,False,False
s432,340,21.8915,0.2508,20.9088,8.45759,24.4412,False,False,False,False
s432,341,5.8268,16.0647,17.8924,8.45759,24.4412,False,False,False,False
s432,342,22.7615,16.9347,18.8662,8.45759,24.4412,False,False,False,False
s432,343,24.5245,1.763,19.9979,8.45759,24.4412,False,False,False,False
s432,344,10.574,13.9505,18.1131,8.45759,24.4412,False,False,False,False
s432,345,10.3137,0.2603,16.5532,8.45759,24.4412,False,False,False,False
s432,346,19.741,9.4273,17.1908,8.45759,24.4412,False,False,False,False
s432,347,12.0748,7.6662,16.1676,8.45759,24.4412,False,False,False,False
s432,348,19.8547,7.7799,16.905,8.45759,24.4412,False,False,False,False
s432,349,105.963,86.108,34.7165,8.45759,24.4412,True,False,False,False
s432,350,15.8192,90.1435,30.9371,8.45759,24.4412,False,False,False,False
s432,351,28.5977,12.7785,30.4692,8.45759,24.4412,False,False,False,False
s432,352,15.6806,12.9171,27.5115,8.45759,24.4412,False,False,False,False
s432,353,15.1419,0.5387,25.0376,8.45759,24.4412,False,False,False,False
s432,354,20.0533,4.9114,24.0407,8.45759,24.4412,False,False,False,False
s432,355,25.1593,5.106,24.2644,8.45759,24.4412,False,False,False,False
s432,356,7.5276,17.6317,20.9171,8.45759,24.4412,False,False,False,False
s432,357,14.145,6.6174,19.5626,8.45759,24.4412,False,False,False,False
s432,358,17.3027,3.1577,19.1107,8.45759,24.4412,False,False,False,False
s432,359,21.4068,4.1041,19.5699,8.45759,24.4412,False,False,False,False
s432,360,19.5529,1.8539,19.5665,8.45759,24.4412,False,False,False,False
s432,361,17.5603,1.9926,19.1653,8.45759,24.4412,False,False,False,False
s432,362,47.127,29.5667,24.7576,8.45759,24.4412,True,False,False,False
s432,363,21.9344,25.1926,24.193,8.45759,24.4412,False,False,False,False
s432,364,30.9975,9.0631,25.5539,8.45759,24.4412,False,False,False,False
s432,365,20.4066,10.5909,24.5244,8.45759,24.4412,False,False,False,True
s432,366,8.2785,12.1281,21.2752,8.45759,24.4412,False,False,False,False
s432,367,30.8181,22.5396,23.1838,8.45759,24.4412,False,False,False,False
s432,368,16.1916,14.6265,21.7854,8.45759,24.4412,False,False,False,False
s432,369,18.4059,2.2143,21.1095,8.45759,24.4412,False,False,False,False
s432,370,20.3436,1.9377,20.9563,8.45759,24.4412,False,False,False,False
s432,371,23.8296,3.486,21.531,8.45759,24.4412,False,False,False,False
s432,372,29.6164,5.7868,23.148,8.45759,24.4412,False,False,False,False
s432,373,11.9555,17.6609,20.9095,8.45759,24.4412,False,False,False,False
s432,374,25.6141,13.6586,21.8504,8.45759,24.4412,False,False,False,False
s432,375,21.602,4.0121,21.8008,8.45759,24.4412,False,False,False,False
s432,376,29.0252,7.4232,23.2456,8.45759,24.4412,False,False,False,False
s432,377,10.8129,18.2123,20.7591,8.45759,24.4412,False,False,False,False
s432,378,16.8996,6.0867,19.9872,8.45759,24.4412,False,False,False,False
s432,379,17.6087,0.7091,19.5115,8.45759,24.4412,False,False,False,False
s432,380,32.1959,14.5872,22.0484,8.45759,24.4412,False,False,False,False
s432,381,25.7718,6.4241,22.7931,8.45759,24.4412,False,False,False,False
s432,382,10.4893,15.2825,20.3323,8.45759,24.4412,False,False,False,False
s432,383,18.7552,8.2659,20.0169,8.45759,24.4412,False,False,False,False
s432,384,6.6783,12.0769,17.3492,8.45759,24.4412,False,False,False,False
s432,385,110.484,103.806,35.9762,8.45759,24.4412,True,False,False,False
s432,386,13.8422,96.642,31.5494,8.45759,24.4412,False,False,False,False
s432,387,16.381,2.5388,28.5157,8.45759,24.4412,False,False,False,False
s432,388,16.9464,0.5654,26.2018,8.45759,24.4412,False,False,False,False
s432,389,40.6247,23.6783,29.0864,8.45759,24.4412,True,False,False,False
s432,390,20.1779,20.4468,27.3047,8.45759,24.4412,False,False,False,False
s432,391,13.4776,6.7003,24.5393,8.45759,24.4412,False,False,False,False
s432,392,8.6343,4.8433,21.3583,8.45759,24.4412,False,False,False,False
s432,393,21.0728,12.4385,21.3012,8.45759,24.4412,False,False,False,False
s432,394,22.5981,1.5253,21.5606,8.45759,24.4412,False,False,False,False
s432,395,108.445,85.8474,38.9376,8.45759,24.4412,True,False,False,False
s432,396,17.6332,90.8123,34.6767,8.45759,24.4412,False,False,False,False
s432,397,19.1794,1.5462,31.5772,8.45759,24.4412,False,False,False,False
s432,398,16.6528,2.5266,28.5923,8.45759,24.4412,False,False,False,False
s432,399,21.7652,5.1124,27.2269,8.45759,24.4412,False,False,False,False
s432,400,12.1741,9.5911,24.2164,8.45759,24.4412,False,False,False,False
s432,401,23.0066,10.8325,23.9744,8.45759,24.4412,False,False,False,False
s432,402,19.8045,3.2021,23.1404,8.45759,24.4412,False,False,False,False
s432,403,8.6591,11.1454,20.2442,8.45759,24.4412,False,False,False,False
s432,404,20.9111,12.252,20.3775,8.45759,24.4412,False,False,False,False
s432,405,12.1455,8.7656,18.7311,8.45759,24.4412,False,False,False,False
s432,406,17.3601,5.2146,18.4569,8.45759,24.4412,False,False,False,False
s432,407,20.9449,3.5848,18.9545,8.45759,24.4412,False,False,False,False
s432,408,20.494,0.4509,19.2624,8.45759,24.4412,False,False,False,False
s432,409,18.305,2.189,19.0709,8.45759,24.4412,False,False,False,False
s432,410,21.8698,3.5648,19.6307,8.45759,24.4412,False,False,False,False
s432,411,16.609,5.2608,19.0264,8.45759,24.4412,False,False,False,False
s432,412,16.5684,0.0406,18.5348,8.45759,24.4412,False,False,False,False
s432,413,9.5366,7.0318,16.7351,8.45759,24.4412,False,False,False,False
s432,414,13.6183,4.0817,16.1118,8.45759,24.4412,False,False,False,False
s432,415,15.5153,1.897,15.9925,8.45759,24.4412,False,False,False,False
s432,416,22.8401,7.3248,17.362,8.45759,24.4412,False,False,False,False
s432,417,11.6859,11.1542,16.2268,8.45759,24.4412,False,False,False,False
s432,418,12.2858,0.5999,15.4386,8.45759,24.4412,False,False,False,False
s432,419,21.8493,9.5635,16.7207,8.45759,24.4412,False,False,False,False
s432,420,15.6385,6.2108,16.5043,8.45759,24.4412,False,False,False,False
s432,421,17.1039,1.4654,16.6242,8.45759,24.4412,False,False,False,False
s432,422,17.7793,0.6754,16.8552,8.45759,24.4412,False,False,False,False
s432,423,10.8234,6.9559,15.6489,8.45759,24.4412,False,False,False,False
s432,424,16.6698,5.8464,15.853,8.45759,24.4412,False,False,False,False
s432,425,25.4004,8.7306,17.7625,8.45759,24.4412,False,False,False,False
s432,426,23.3658,2.0346,18.8832,8.45759,24.4412,False,False,False,False
s432,427,21.6922,1.6736,19.445,8.45759,24.4412,False,False,False,False
s432,428,23.8633,2.1711,20.3286,8.45759,24.4412,False,False,False,False
s432,429,20.8235,3.0398,20.4276,8.45759,24.4412,False,False,False,False
s432,430,21.4321,0.6086,20.6285,8.45759,24.4412,False,False,False,False
s432,431,14.6072,6.8249,19.4242,8.45759,24.4412,False,False,False,False
s432,432,18.5121,3.9049,19.2418,8.45759,24.4412,False,False,False,False
s432,433,21.2647,2.7526,19.6464,8.45759,24.4412,False,False,False,False
s432,434,15.3454,5.9193,18.7862,8.45759,24.4412,False,False,False,False
s432,435,31.5983,16.2529,21.3486,8.45759,24.4412,False,False,False,False
s432,436,14.4432,17.1551,19.9675,8.45759,24.4412,False,False,False,False
s432,437,25.519,11.0758,21.0778,8.45759,24.4412,False,False,False,False
s432,438,16.7205,8.7985,20.2064,8.45759,24.4412,False,False,False,False
s432,439,18.6293,1.9088,19.8909,8.45759,24.4412,False,False,False,False
s432,440,17.0199,1.6094,19.3167,8.45759,24.4412,False,False,False,False
s432,441,102.525,85.5048,35.9583,8.45759,24.4412,True,False,False,False
s432,442,14.1645,88.3602,31.5996,8.45759,24.4412,False,False,False,False
s432,443,11.9045,2.26,27.6606,8.45759,24.4412,False,False,False,False
s432,444,28.9715,17.067,27.9227,8.45759,24.4412,False,False,False,False
s432,445,26.889,2.0825,27.716,8.45759,24.4412,False,False,False,False
s432,446,19.1595,7.7295,26.0047,8.45759,24.4412,False,False,False,False
s432,447,17.7786,1.3809,24.3595,8.45759,24.4412,False,False,False,False
s432,448,14.5779,3.2007,22.4032,8.45759,24.4412,False,False,False,False
s432,449,27.5293,12.9514,23.4284,8.45759,24.4412,False,False,False,False
s432,450,17.228,10.3013,22.1883,8.45759,24.4412,False,False,False,False
s432,451,24.4199,7.1919,22.6346,8.45759,24.4412,False,False,False,False
s432,452,15.0671,9.3528,21.1211,8.45759,24.4412,False,False,False,False
s432,453,20.0878,5.0207,20.9145,8.45759,24.4412,False,False,False,False
s432,454,24.3357,4.2479,21.5987,8.45759,24.4412,False,False,False,False
s432,455,11.7814,12.5543,19.6352,8.45759,24.4412,False,False,False,False
s432,456,25.9911,14.2097,20.9064,8.45759,24.4412,False,False,False,False
s432,457,4.9751,21.016,17.7202,8.45759,24.4412,False,False,False,False
s432,458,18.2579,13.2828,17.8277,8.45759,24.4412,False,False,False,False
s432,459,10.9206,7.3373,16.4463,8.45759,24.4412,False,False,False,False
s432,460,21.5197,10.5991,17.461,8.45759,24.4412,False,False,False,False
s432,461,11.3664,10.1533,16.2421,8.45759,24.4412,False,False,False,False
s432,462,3.6344,7.732,13.7205,8.45759,24.4412,False,False,False,False
s432,463,22.939,19.3046,15.5642,8.45759,24.4412,False,False,False,False
s432,464,10.4651,12.4739,14.5444,8.45759,24.4412,False,False,False,False
s432,465,14.6771,4.212,14.5709,8.45759,24.4412,False,False,False,False
s432,466,20.7831,6.106,15.8134,8.45759,24.4412,False,False,False,False
s432,467,8.9819,11.8012,14.4471,8.45759,24.4412,False,False,False,False
s432,468,9.3813,0.3994,13.4339,8.45759,24.4412,False,False,False,False
s432,469,21.4174,12.0361,15.0306,8.45759,24.4412,False,False,False,False
s432,470,14.9677,6.4497,15.018,8.45759,24.4412,False,False,False,False
s432,471,4.7874,10.1803,12.9719,8.45759,24.4412,False,False,False,False
s432,472,18.8362,14.0488,14.1448,8.45759,24.4412,False,False,False,False
s432,473,24.56,5.7238,16.2278,8.45759,24.4412,False,False,False,False
s432,474,25.8169,1.2569,18.1456,8.45759,24.4412,False,False,False,False
s432,475,13.9973,11.8196,17.316,8.45759,24.4412,False,False,False,False
s432,476,24.3561,10.3588,18.724,8.45759,24.4412,False,False,False,False
s432,477,10.621,13.7351,17.1034,8.45759,24.4412,False,False,False,False
s432,478,19.292,8.671,17.5411,8.45759,24.4412,False,False,False,False
s432,479,21.8575,2.5655,18.4044,8.45759,24.4412,False,False,False,False
s432,480,25.5468,3.6893,19.8329,8.45759,24.4412,False,False,False,False
s432,481,26.3424,0.7956,21.1348,8.45759,24.4412,False,False,False,False
s432,482,23.8749,2.4675,21.6828,8.45759,24.4412,False,False,False,False
s432,483,10.1621,13.7128,19.3787,8.45759,24.4412,False,False,False,False
s432,484,26.7811,16.619,20.8591,8.45759,24.4412,False,False,False,False
s432,485,25.8964,0.8847,21.8666,8.45759,24.4412,False,False,False,False
s432,486,21.1441,4.7523,21.7221,8.45759,24.4412,False,False,False,False
s432,487,8.2107,12.9334,19.0198,8.45759,24.4412,False,False,False,False
s432,488,8.0823,0.1284,16.8323,8.45759,24.4412,False,False,False,False
s432,489,45.9318,37.8495,22.6522,8.45759,24.4412,True,False,False,False
s432,490,19.7658,26.166,22.0749,8.45759,24.4412,False,False,False,False
s432,491,14.9064,4.8594,20.6412,8.45759,24.4412,False,False,False,False
s432,492,5.5761,9.3303,17.6282,8.45759,24.4412,False,False,False,False
s432,493,64.4871,58.911,27,8.45759,24.4412,True,False,False,False
s432,494,13.077,51.4101,24.2154,8.45759,24.4412,False,False,False,False
s432,495,18.0986,5.0216,22.992,8.45759,24.4412,False,False,False,False
s432,496,26.0525,7.9539,23.6041,8.45759,24.4412,False,False,False,False
s432,497,34.5451,8.4926,25.7923,8.45759,24.4412,False,False,False,False
s432,498,23.2956,11.2495,25.293,8.45759,24.4412,False,False,False,False
s432,499,13.8036,9.492,22.9951,8.45759,24.4412,False,False,False,False
s432,500,8.7605,5.0431,20.1482,8.45759,24.4412,False,False,False,False
s432,501,8.9353,0.1748,17.9056,8.45759,24.4412,False,False,False,False
s432,502,29.6454,20.7101,20.2536,8.45759,24.4412,False,False,False,False
s432,503,19.5456,10.0998,20.112,8.45759,24.4412,False,False,False,False
s432,504,21.1767,1.6311,20.3249,8.45759,24.4412,False,False,False,False
s432,505,93.0739,71.8972,34.8747,8.45759,24.4412,True,False,False,False
s432,506,10.6575,82.4164,30.0313,8.45759,24.4412,False,False,False,False
s432,507,13.2955,2.638,26.6841,8.45759,24.4412,False,False,False,False
s432,508,28.4973,15.2018,27.0468,8.45759,24.4412,False,False,False,False
s432,509,23.8257,4.6716,26.4025,8.45759,24.4412,False,False,False,False
s432,510,14.0679,9.7578,23.9356,8.45759,24.4412,False,False,False,False
s432,511,14.1828,0.1149,21.9851,8.45759,24.4412,False,False,False,False
s432,512,14.3741,0.1913,20.4629,8.45759,24.4412,False,False,False,False
s432,513,20.5357,6.1616,20.4774,8.45759,24.4412,False,False,False,False
s432,514,9.6858,10.8499,18.3191,8.45759,24.4412,False,False,False,False
s432,515,14.4508,4.765,17.5454,8.45759,24.4412,False,False,False,False
s432,516,19.802,5.3512,17.9968,8.45759,24.4412,False,False,False,False
s432,517,26.3554,6.5534,19.6685,8.45759,24.4412,False,False,False,False
s432,518,19.1947,7.1607,19.5737,8.45759,24.4412,False,False,False,False
s432,519,24.9354,5.7407,20.6461,8.45759,24.4412,False,False,False,False
s432,520,8.7419,16.1935,18.2652,8.45759,24.4412,False,False,False,False
s432,521,20.6358,11.8939,18.7393,8.45759,24.4412,False,False,False,False
s432,522,8.2194,12.4164,16.6354,8.45759,24.4412,False,False,False,False
s432,523,23.2126,14.9932,17.9508,8.45759,24.4412,False,False,False,False
s432,524,35.7298,12.5172,21.5066,8.45759,24.4412,False,False,False,False
s432,525,22.3613,13.3685,21.6775,8.45759,24.4412,False,False,False,False
s432,526,25.0979,2.7366,22.3616,8.45759,24.4412,False,False,False,False
s432,527,26.1911,1.0932,23.1275,8.45759,24.4412,False,False,False,False
s432,528,14.888,11.3031,21.4796,8.45759,24.4412,False,False,False,False
s432,529,12.3032,2.5848,19.6443,8.45759,24.4412,False,False,False,False
s432,530,16.1962,3.893,18.9547,8.45759,24.4412,False,False,False,False
s432,531,21.4173,5.2211,19.4472,8.45759,24.4412,False,False,False,False
s432,532,20.5128,0.9045,19.6603,8.45759,24.4412,False,False,False,False
s432,533,15.797,4.7158,18.8877,8.45759,24.4412,False,False,False,False
s432,534,23.9626,8.1656,19.9027,8.45759,24.4412,False,False,False,False
s432,535,75.0249,51.0623,30.9271,8.45759,24.4412,True,False,False,False
s432,536,11.6306,63.3943,27.0678,8.45759,24.4412,False,False,False,False
s432,537,21.247,9.6164,25.9036,8.45759,24.4412,False,False,False,False
s432,538,23.3353,2.0883,25.39,8.45759,24.4412,False,False,False,False
s432,539,16.4746,6.8607,23.6069,8.45759,24.4412,False,False,False,False
s432,540,31.1733,14.6987,25.1202,8.45759,24.4412,False,False,False,False
s432,541,10.9325,20.2408,22.2826,8.45759,24.4412,False,False,False,False
s432,542,16.8915,5.959,21.2044,8.45759,24.4412,False,False,False,False
s432,543,20.9059,4.0144,21.1447,8.45759,24.4412,False,False,False,False
s432,544,20.9907,0.0848,21.1139,8.45759,24.4412,False,False,False,False
s432,545,21.343,0.3523,21.1597,8.45759,24.4412,False,False,False,False
s432,546,21.2168,0.1262,21.1711,8.45759,24.4412,False,False,False,False
s432,547,24.6791,3.4623,21.8727,8.45759,24.4412,False,False,False,False
s432,548,3.0583,21.6208,18.1098,8.45759,24.4412,False,False,False,False
s432,549,12.0902,9.0319,16.9059,8.45759,24.4412,False,False,False,False
s432,550,19.6174,7.5272,17.4482,8.45759,24.4412,False,False,False,False
s432,551,25.5613,5.9439,19.0708,8.45759,24.4412,False,False,False,False
s432,552,17.3304,8.2309,18.7227,8.45759,24.4412,False,False,False,False
s432,553,21.8745,4.5441,19.3531,8.45759,24.4412,False,False,False,False
s432,554,10.318,11.5565,17.5461,8.45759,24.4412,False,False,False,False
s432,555,21.0595,10.7415,18.2488,8.45759,24.4412,False,False,False,False
s432,556,11.6047,9.4548,16.9199,8.45759,24.4412,False,False,False,False
s432,557,11.5864,0.0183,15.8532,8.45759,24.4412,False,False,False,False
s432,558,20.0704,8.484,16.6967,8.45759,24.4412,False,False,False,False
s432,559,21.8643,1.7939,17.7302,8.45759,24.4412,False,False,False,False
s432,560,4.3216,17.5427,15.0485,8.45759,24.4412,False,False,False,False
s432,561,11.7213,7.3997,14.383,8.45759,24.4412,False,False,False,False
s432,562,13.4373,1.716,14.1939,8.45759,24.4412,False,False,False,False
s432,563,22.0784,8.6411,15.7708,8.45759,24.4412,False,False,False,False
s432,564,60.843,38.7646,24.7852,8.45759,24.4412,True,False,False,False
s432,565,94.6243,33.7813,38.753,8.45759,24.4412,True,True,False,False
s432,566,13.6996,80.9247,33.7424,8.45759,24.4412,False,False,False,False
s432,567,16.6479,2.9483,30.3235,8.45759,24.4412,False,False,False,False
s432,568,19.5514,2.9035,28.1691,8.45759,24.4412,False,False,False,False
s432,569,22.2858,2.7344,26.9924,8.45759,24.4412,False,False,False,False
s432,570,25.6431,3.3573,26.7225,8.45759,24.4412,False,False,False,False
s432,571,9.1582,16.4849,23.2097,8.45759,24.4412,False,False,False,False
s432,572,74.1915,65.0333,33.406,8.45759,24.4412,True,False,False,False
s432,573,21.0112,53.1803,30.9271,8.45759,24.4412,False,False,False,False
s432,574,13.4146,7.5966,27.4246,8.45759,24.4412,False,False,False,False
s432,575,18.5667,5.1521,25.653,8.45759,24.4412,False,False,False,False
s432,576,12.4713,6.0954,23.0167,8.45759,24.4412,False,False,False,False
s432,577,21.9142,9.4429,22.7962,8.45759,24.4412,False,False,False,False
s432,578,16.4859,5.4283,21.5341,8.45759,24.4412,False,False,False,False
s432,579,12.3579,4.128,19.6989,8.45759,24.4412,False,False,False,False
s432,580,17.211,4.8531,19.2013,8.45759,24.4412,False,False,False,False
s432,581,15.0105,2.2005,18.3631,8.45759,24.4412,False,False,False,False
s432,582,22.4418,7.4313,19.1789,8.45759,24.4412,False,False,False,False
s432,583,19.3,3.1418,19.2031,8.45759,24.4412,False,False,False,False
s432,584,20.3125,1.0125,19.425,8.45759,24.4412,False,False,False,False
s432,585,15.8252,4.4873,18.705,8.45759,24.4412,False,False,False,False
s432,586,18.8994,3.0742,18.7439,8.45759,24.4412,False,False,False,False
s432,587,22.2571,3.3577,19.4465,8.45759,24.4412,False,False,False,False
s432,588,7.3613,14.8958,17.0295,8.45759,24.4412,False,False,False,False
s432,589,16.3105,8.9492,16.8857,8.45759,24.4412,False,False,False,False
s432,590,4.2801,12.0304,14.3646,8.45759,24.4412,False,False,False,False
s432,591,13.7448,9.4647,14.2406,8.45759,24.4412,False,False,False,False
s432,592,8.2302,5.5146,13.0385,8.45759,24.4412,False,False,False,False
s432,593,12.9442,4.714,13.0197,8.45759,24.4412,False,False,False,False
s432,594,20.4117,7.4675,14.4981,8.45759,24.4412,False,False,False,False
s432,595,6.8353,13.5764,12.9655,8.45759,24.4412,False,False,False,False
s432,596,19.3156,12.4803,14.2355,8.45759,24.4412,False,False,False,False
s432,597,12.4043,6.9113,13.8693,8.45759,24.4412,False,False,False,False
s432,598,16.3817,3.9774,14.3718,8.45759,24.4412,False,False,False,False
s432,599,22.4198,6.0381,15.9814,8.45759,24.4412,False,False,False,False
s432,600,16.9492,5.4706,16.1749,8.45759,24.4412,False,False,False,False
s432,601,27.728,10.7788,18.4856,8.45759,24.4412,False,False,False,False
s432,602,14.0287,13.6993,17.5942,8.45759,24.4412,False,False,False,False
s432,603,12.2878,1.7409,16.5329,8.45759,24.4412,False,False,False,False
s432,604,19.932,7.6442,17.2127,8.45759,24.4412,False,False,False,False
s432,605,20.3373,0.4053,17.8376,8.45759,24.4412,False,False,False,False
s432,606,10.5702,9.7671,16.3842,8.45759,24.4412,False,False,False,False
s432,607,14.3069,3.7367,15.9687,8.45759,24.4412,False,False,False,False
s432,608,57.645,43.3381,24.304,8.45759,24.4412,True,False,False,False
s432,609,24.1427,33.5023,24.2717,8.45759,24.4412,False,False,False,False
s432,610,15.7706,8.3721,22.5715,8.45759,24.4412,False,False,False,False
s432,611,26.8978,11.1272,23.4367,8.45759,24.4412,False,False,False,False
s432,612,13.6008,13.297,21.4696,8.45759,24.4412,False,False,False,False
s432,613,5.5403,8.0605,18.2837,8.45759,24.4412,False,False,False,False
s432,614,24.7987,19.2584,19.5867,8.45759,24.4412,False,False,False,False
s432,615,13.7416,11.0571,18.4177,8.45759,24.4412,False,False,False,False
s432,616,19.4313,5.6897,18.6204,8.45759,24.4412,False,False,False,False
s432,617,23.0524,3.6211,19.5068,8.45759,24.4412,False,False,False,False
s432,618,26.6044,3.552,20.9263,8.45759,24.4412,False,False,False,False
s432,619,21.0597,5.5447,20.953,8.45759,24.4412,False,False,False,False
s432,620,17.8339,3.2258,20.3292,8.45759,24.4412,False,False,False,False
s432,621,19.6234,1.7895,20.188,8.45759,24.4412,False,False,False,False
s432,622,26.0803,6.4569,21.3665,8.45759,24.4412,False,False,False,False
s432,623,11.7515,14.3288,19.4435,8.45759,24.4412,False,False,False,False
s432,624,8.9851,2.7664,17.3518,8.45759,24.4412,False,False,False,False
s432,625,4.3537,4.6314,14.7522,8.45759,24.4412,False,False,False,False
s432,626,21.4292,17.0755,16.0876,8.45759,24.4412,False,False,False,False
s432,627,11.2895,10.1397,15.128,8.45759,24.4412,False,False,False,False
s432,628,20.9607,9.6712,16.2945,8.45759,24.4412,False,False,False,False
s432,629,23.8572,2.8965,17.8071,8.45759,24.4412,False,False,False,False
s432,630,20.6217,3.2355,18.37,8.45759,24.4412,False,False,False,False
s432,631,16.453,4.1687,17.9866,8.45759,24.4412,False,False,False,False
s432,632,14.1521,2.3009,17.2197,8.45759,24.4412,False,False,False,False
s432,633,20.7975,6.6454,17.9353,8.45759,24.4412,False,False,False,False
s432,634,20.8598,0.0623,18.5202,8.45759,24.4412,False,False,False,False
s432,635,18.7691,2.0907,18.5699,8.45759,24.4412,False,False,False,False
s432,636,16.5029,2.2662,18.1565,8.45759,24.4412,False,False,False,False
s432,637,22.1602,5.6573,18.9573,8.45759,24.4412,False,False,False,False
s432,638,20.8115,1.3487,19.3281,8.45759,24.4412,False,False,False,False
s432,639,11.7541,9.0574,17.8133,8.45759,24.4412,False,False,False,False
s432,640,23.4263,11.6722,18.9359,8.45759,24.4412,False,False,False,False
s432,641,19.5254,3.9009,19.0538,8.45759,24.4412,False,False,False,False
s432,642,26.3925,6.8671,20.5215,8.45759,24.4412,False,False,False,False
s432,643,19.4214,6.9711,20.3015,8.45759,24.4412,False,False,False,False
s432,644,19.1422,0.2792,20.0697,8.45759,24.4412,False,False,False,False
s432,645,14.5966,4.5456,18.975,8.45759,24.4412,False,False,False,False
s432,646,24.2454,9.6488,20.0291,8.45759,24.4412,False,False,False,False
s432,647,16.7571,7.4883,19.3747,8.45759,24.4412,False,False,False,False
s432,648,15.3933,1.3638,18.5784,8.45759,24.4412,False,False,False,False
s432,649,20.6761,5.2828,18.998,8.45759,24.4412,False,False,False,False
s432,650,12.8216,7.8545,17.7627,8.45759,24.4412,False,False,False,False
s432,651,21.0369,8.2153,18.4175,8.45759,24.4412,False,False,False,False
s432,652,13.8559,7.181,17.5052,8.45759,24.4412,False,False,False,False
s432,653,20.0303,6.1744,18.0102,8.45759,24.4412,False,False,False,False
s432,654,23.7732,3.7429,19.1628,8.45759,24.4412,False,False,False,False
s432,655,7.73,16.0432,16.8763,8.45759,24.4412,False,False,False,False
s432,656,25.1758,17.4458,18.5362,8.45759,24.4412,False,False,False,False
s432,657,17.3341,7.8417,18.2958,8.45759,24.4412,False,False,False,False
s432,658,22.6653,5.3312,19.1697,8.45759,24.4412,False,False,False,False
s432,659,17.3331,5.3322,18.8023,8.45759,24.4412,False,False,False,False
s432,660,20.5727,3.2396,19.1564,8.45759,24.4412,False,False,False,False
s432,661,17.1008,3.4719,18.7453,8.45759,24.4412,False,False,False,False
s432,662,20.9581,3.8573,19.1879,8.45759,24.4412,False,False,False,False
s432,663,17.8707,3.0874,18.9244,8.45759,24.4412,False,False,False,True
s432,664,21.981,4.1103,19.5357,8.45759,24.4412,False,False,False,True
s432,665,27.6341,5.6531,21.1554,8.45759,24.4412,False,False,False,True
s432,666,21.0508,6.5833,21.1345,8.45759,24.4412,False,False,False,True
s432,667,0,21.0508,16.9076,8.45759,24.4412,False,False,False,False
s432,668,12.5302,12.5302,16.0321,8.45759,24.4412,False,False,False,False
s432,669,14.1156,1.5854,15.6488,8.45759,24.4412,False,False,False,False
s432,670,22.0158,7.9002,16.9222,8.45759,24.4412,False,False,False,False
s432,671,20.0112,2.0046,17.54,8.45759,24.4412,False,False,False,False
s432,672,16.1047,3.9065,17.2529,8.45759,24.4412,False,False,False,False
s432,673,18.4785,2.3738,17.4981,8.45759,24.4412,False,False,False,False
s432,674,12.5035,5.975,16.4991,8.45759,24.4412,False,False,False,False
s432,675,21.2273,8.7238,17.4448,8.45759,24.4412,False,False,False,False
s432,676,12.9163,8.311,16.5391,8.45759,24.4412,False,False,False,False
s432,677,21.3817,8.4654,17.5076,8.45759,24.4412,False,False,False,False
s432,678,10.8139,10.5678,16.1689,8.45759,24.4412,False,False,False,False
s432,679,9.8348,0.9791,14.9021,8.45759,24.4412,False,False,False,False
s432,680,18.8235,8.9887,15.6863,8.45759,24.4412,False,False,False,False
s432,681,21.497,2.6735,16.8485,8.45759,24.4412,False,False,False,False
s432,682,25.3692,3.8722,18.5526,8.45759,24.4412,False,False,False,False
s432,683,25.0646,0.3046,19.855,8.45759,24.4412,False,False,False,False
s432,684,13.4784,11.5862,18.5797,8.45759,24.4412,False,False,False,False
s432,685,11.8283,1.6501,17.2294,8.45759,24.4412,False,False,False,False
s432,686,47.8713,36.043,23.3578,8.45759,24.4412,True,False,False,False
s432,687,8.4789,39.3924,20.382,8.45759,24.4412,False,False,False,False
s432,688,27.2534,18.7745,21.7563,8.45759,24.4412,False,False,False,False
s432,689,29.3266,2.0732,23.2704,8.45759,24.4412,False,False,False,False
s432,690,25.2308,4.0958,23.6624,8.45759,24.4412,False,False,True,False
s432,691,28.4303,3.1995,24.616,8.45759,24.4412,False,False,True,False
s432,692,8.0938,20.3365,21.3116,8.45759,24.4412,False,False,False,False
s432,693,13.2295,5.1357,19.6952,8.45759,24.4412,False,False,False,False
s432,694,17.9061,4.6766,19.3373,8.45759,24.4412,False,False,False,False
s432,695,10.0493,7.8568,17.4797,8.45759,24.4412,False,False,False,False
s432,696,22.2889,12.2396,18.4416,8.45759,24.4412,False,False,False,False
s432,697,20.3477,1.9412,18.8228,8.45759,24.4412,False,False,False,False
s432,698,10.5671,9.7806,17.1717,8.45759,24.4412,False,False,False,False
s432,699,11.9017,1.3346,16.1177,8.45759,24.4412,False,False,False,False
s432,700,19.5748,7.6731,16.8091,8.45759,24.4412,False,False,False,False
s432,701,20.7715,1.1967,17.6016,8.45759,24.4412,False,False,False,False
s432,702,8.4704,12.3011,15.7753,8.45759,24.4412,False,False,False,False
s432,703,27.1552,18.6848,18.0513,8.45759,24.4412,False,False,False,False
s432,704,7.5793,19.5759,15.9569,8.45759,24.4412,False,False,False,False
s432,705,12.5878,5.0085,15.2831,8.45759,24.4412,False,False,False,False
s432,706,19.8087,7.2209,16.1882,8.45759,24.4412,False,False,False,False
s432,707,10.7905,9.0182,15.1087,8.45759,24.4412,False,False,False,False
s432,708,4.1728,6.6177,12.9215,8.45759,24.4412,False,False,False,False
s432,709,99.9089,95.7361,30.319,8.45759,24.4412,True,False,False,False
s432,710,22.6115,77.2974,28.7775,8.45759,24.4412,False,False,False,False
s432,711,23.7717,1.1602,27.7763,8.45759,24.4412,False,False,False,False
s432,712,15.1789,8.5928,25.2568,8.45759,24.4412,False,False,False,False
s432,713,7.0523,8.1266,21.6159,8.45759,24.4412,False,False,False,False
s432,714,16.4791,9.4268,20.5886,8.45759,24.4412,False,False,False,False
s432,715,7.2215,9.2576,17.9152,8.45759,24.4412,False,False,False,False
s432,716,13.481,6.2595,17.0283,8.45759,24.4412,False,False,False,False
s432,717,21.1591,7.6781,17.8545,8.45759,24.4412,False,False,False,False
s432,718,13.8416,7.3175,17.0519,8.45759,24.4412,False,False,False,False
s432,719,22.3267,8.4851,18.1069,8.45759,24.4412,False,False,False,False
s432,720,7.6311,14.6956,16.0117,8.45759,24.4412,False,False,False,False
s432,721,21.576,13.9449,17.1246,8.45759,24.4412,False,False,False,False
s432,722,21.5178,0.0582,18.0032,8.45759,24.4412,False,False,False,False
s432,723,21.4514,0.0664,18.6929,8.45759,24.4412,False,False,False,False
s432,724,14.2305,7.2209,17.8004,8.45759,24.4412,False,False,False,False
s432,725,12.9445,1.286,16.8292,8.45759,24.4412,False,False,False,False
s432,726,20.7579,7.8134,17.6149,8.45759,24.4412,False,False,False,False
s432,727,13.4447,7.3132,16.7809,8.45759,24.4412,False,False,False,False
s432,728,7.8038,5.6409,14.9855,8.45759,24.4412,False,False,False,False
s432,729,24.8463,17.0425,16.9576,8.45759,24.4412,False,False,False,False
s432,730,22.5666,2.2797,18.0794,8.45759,24.4412,False,False,False,False
s432,731,25.6275,3.0609,19.589,8.45759,24.4412,False,False,False,False
s432,732,11.4565,14.171,17.9625,8.45759,24.4412,False,False,False,False
s432,733,18.7304,7.2739,18.1161,8.45759,24.4412,False,False,False,False
s432,734,57.0563,38.3259,25.9041,8.45759,24.4412,True,False,False,False
s432,735,18.5985,38.4578,24.443,8.45759,24.4412,False,False,False,False
s432,736,13.5774,5.0211,22.2699,8.45759,24.4412,False,False,False,False
s432,737,17.8655,4.2881,21.389,8.45759,24.4412,False,False,False,False
s432,738,4.8543,13.0112,18.0821,8.45759,24.4412,False,False,False,False
s432,739,24.512,19.6577,19.3681,8.45759,24.4412,False,False,False,False
s432,740,20.6479,3.8641,19.624,8.45759,24.4412,False,False,False,False
s432,741,21.6572,1.0093,20.0307,8.45759,24.4412,False,False,False,False
s432,742,5.0489,16.6083,17.0343,8.45759,24.4412,False,False,False,False
s432,743,10.5244,5.4755,15.7323,8.45759,24.4412,False,False,False,False
s432,744,14.2392,3.7148,15.4337,8.45759,24.4412,False,False,False,False
s432,745,22.1383,7.8991,16.7746,8.45759,24.4412,False,False,False,False
s432,746,24.1722,2.0339,18.2541,8.45759,24.4412,False,False,False,False
s432,747,6.7341,17.4381,15.9501,8.45759,24.4412,False,False,False,False
s432,748,21.039,14.3049,16.9679,8.45759,24.4412,False,False,False,False
s432,749,14.5119,6.5271,16.4767,8.45759,24.4412,False,False,False,False
s432,750,39.3523,24.8404,21.0518,8.45759,24.4412,False,False,False,False
s432,751,8.8433,30.509,18.6101,8.45759,24.4412,False,False,False,False
s432,752,,,18.6101,8.45759,24.4412,False,False,False,False
s432,753,11.4813,,17.1844,8.45759,24.4412,False,False,False,False
s432,754,23.382,11.9007,18.4239,8.45759,24.4412,False,False,False,False
s432,755,7.4493,15.9327,16.229,8.45759,24.4412,False,False,False,False
s432,756,18.9454,11.4961,16.7723,8.45759,24.4412,False,False,False,False
s432,757,29.21,10.2646,19.2598,8.45759,24.4412,False,False,False,False
s432,758,27.4365,1.7735,20.8951,8.45759,24.4412,False,False,False,False
s432,759,7.508,19.9285,18.2177,8.45759,24.4412,False,False,False,False
s432,760,33.236,25.728,21.2214,8.45759,24.4412,False,False,False,False
s432,761,6.1865,27.0495,18.2144,8.45759,24.4412,False,False,False,False
s432,762,67.24,61.0535,28.0195,8.45759,24.4412,True,True,False,False
s432,763,17.0146,50.2254,25.8185,8.45759,24.4412,False,False,False,False
s432,764,24.3604,7.3458,25.5269,8.45759,24.4412,False,False,False,False
s432,765,20.8815,3.4789,24.5978,8.45759,24.4412,False,False,False,False
s432,766,18.1257,2.7558,23.3034,8.45759,24.4412,False,False,False,False
s432,767,18.5506,0.4249,22.3528,8.45759,24.4412,False,False,False,False
s432,768,71.5377,52.9871,32.1898,8.45759,24.4412,True,False,False,False
s432,769,97.4644,25.9267,45.2447,8.45759,24.4412,True,True,False,True
s432,770,11.2219,86.2425,38.4402,8.45759,24.4412,False,False,False,False
s432,771,23.6056,12.3837,35.4733,8.45759,24.4412,False,False,False,False
s432,772,17.1731,6.4325,31.8132,8.45759,24.4412,False,False,False,False
s432,773,27.7461,10.573,30.9998,8.45759,24.4412,False,False,False,False
s432,774,19.3761,8.37,28.6751,8.45759,24.4412,False,False,False,False
s432,775,16.1312,3.2449,26.1663,8.45759,24.4412,False,False,False,False
s432,776,9.479,6.6522,22.8288,8.45759,24.4412,False,False,False,False
s432,777,15.5776,6.0986,21.3786,8.45759,24.4412,False,False,False,False
s432,778,11.6091,3.9685,19.4247,8.45759,24.4412,False,False,False,False
s432,779,29.1982,17.5891,21.3794,8.45759,24.4412,False,False,False,False
s432,780,31.2279,2.0297,23.3491,8.45759,24.4412,False,False,False,False
s432,781,14.9896,16.2383,21.6772,8.45759,24.4412,False,False,False,False
s432,782,20.9995,6.0099,21.5417,8.45759,24.4412,False,False,False,False
s432,783,16.5391,4.4604,20.5411,8.45759,24.4412,False,False,False,False
s432,784,11.9584,4.5807,18.8246,8.45759,24.4412,False,False,False,False
s432,785,8.4435,3.5149,16.7484,8.45759,24.4412,False,False,False,False
s432,786,23.9017,15.4582,18.179,8.45759,24.4412,False,False,False,False
s432,787,17.1434,6.7583,17.9719,8.45759,24.4412,False,False,False,False
s432,788,9.0551,8.0883,16.1886,8.45759,24.4412,False,False,False,False
s432,789,21.2278,12.1727,17.1964,8.45759,24.4412,False,False,False,False
s432,790,97.4334,76.2056,33.2438,8.45759,24.4412,True,False,False,False
s432,791,14.4816,82.9518,29.4914,8.45759,24.4412,False,False,False,False
s432,792,38.2325,23.7509,31.2396,8.45759,24.4412,False,True,False,False
s432,793,25.9463,12.2862,30.1809,8.45759,24.4412,False,False,False,False
s432,794,6.809,19.1373,25.5065,8.45759,24.4412,False,False,False,False
s432,795,44.5725,37.7635,29.3197,8.45759,24.4412,True,False,False,False
s432,796,7.2338,37.3387,24.9025,8.45759,24.4412,False,False,False,False
s432,797,9.7485,2.5147,21.8717,8.45759,24.4412,False,False,False,False
s432,798,6.0108,3.7377,18.6996,8.45759,24.4412,False,False,False,False
s432,799,16.1416,10.1308,18.188,8.45759,24.4412,False,False,False,False
s432,800,400,383.858,94.5504,8.45759,24.4412,True,False,False,False
s432,801,14.7759,385.224,78.5955,8.45759,24.4412,False,False,False,False
s432,802,12.8461,1.9298,65.4456,8.45759,24.4412,False,False,False,False
s432,803,26.8444,13.9983,57.7254,8.45759,24.4412,False,False,False,False
s432,804,15.4823,11.3621,49.2767,8.45759,24.4412,False,False,False,False
s432,805,38.7634,23.2811,47.1741,8.45759,24.4412,False,False,False,False
s432,806,11.1327,27.6307,39.9658,8.45759,24.4412,False,False,False,False
s432,807,8.5091,2.6236,33.6745,8.45759,24.4412,False,False,False,False
s432,808,23.2034,14.6943,31.5802,8.45759,24.4412,False,False,False,False
s432,809,40.38,17.1766,33.3402,8.45759,24.4412,False,False,False,False
s432,810,20.3227,20.0573,30.7367,8.45759,24.4412,False,False,False,False
s432,811,12.8129,7.5098,27.1519,8.45759,24.4412,False,False,False,False
s432,812,10.5844,2.2285,23.8384,8.45759,24.4412,False,False,False,False
s432,813,58.2966,47.7122,30.7301,8.45759,24.4412,True,False,False,False
s432,814,22.7805,35.5161,29.1402,8.45759,24.4412,False,False,False,False
s432,815,22.7003,0.0802,27.8522,8.45759,24.4412,False,False,False,False
s432,816,21.2954,1.4049,26.5408,8.45759,24.4412,False,False,False,False
s432,817,16.1962,5.0992,24.4719,8.45759,24.4412,False,False,False,False
s432,818,10.1205,6.0757,21.6016,8.45759,24.4412,False,False,False,False
s432,819,11.9189,1.7984,19.6651,8.45759,24.4412,False,False,False,False
s432,820,19.2278,7.3089,19.5776,8.45759,24.4412,False,False,False,False
s432,821,7.3059,11.9219,17.1233,8.45759,24.4412,False,False,False,False
s432,822,12.0197,4.7138,16.1026,8.45759,24.4412,False,False,False,False
s432,823,15.0682,3.0485,15.8957,8.45759,24.4412,False,False,False,False
s432,824,13.8559,1.2123,15.4877,8.45759,24.4412,False,False,False,False
s432,825,114.026,100.17,35.1954,8.45759,24.4412,True,False,False,False
s432,826,20.0462,93.98,32.1656,8.45759,24.4412,False,False,False,False
s432,827,9.5578,10.4884,27.644,8.45759,24.4412,False,False,False,False
s432,828,12.7324,3.1746,24.6617,8.45759,24.4412,False,False,False,False
s432,829,14.0792,1.3468,22.5452,8.45759,24.4412,False,False,False,False
s432,830,24.0535,9.9743,22.8469,8.45759,24.4412,False,False,False,False
s432,831,18.5739,5.4796,21.9923,8.45759,24.4412,False,False,False,False
s432,832,23.1177,4.5438,22.2174,8.45759,24.4412,False,False,False,False
s432,833,38.8409,15.7232,25.5421,8.45759,24.4412,False,False,False,False
s432,834,8.9212,29.9197,22.2179,8.45759,24.4412,False,False,False,False
s432,835,14.241,5.3198,20.6225,8.45759,24.4412,False,False,False,False
s432,836,17.26,3.019,19.95,8.45759,24.4412,False,False,False,False
s432,837,19.0819,1.8219,19.7764,8.45759,24.4412,False,False,False,False
s432,838,13.3386,5.7433,18.4888,8.45759,24.4412,False,False,False,False
s432,839,13.4413,0.1027,17.4793,8.45759,24.4412,False,False,False,False
s432,840,7.1866,6.2547,15.4208,8.45759,24.4412,False,False,False,False
s432,841,21.1106,13.924,16.5587,8.45759,24.4412,False,False,False,False
s432,842,17.2373,3.8733,16.6945,8.45759,24.4412,False,False,False,False
s432,843,23.4956,6.2583,18.0547,8.45759,24.4412,False,False,False,False
s432,844,32.3187,8.8231,20.9075,8.45759,24.4412,False,False,False,False
s432,845,14.9781,17.3406,19.7216,8.45759,24.4412,False,False,False,False
s432,846,38.847,23.8689,23.5467,8.45759,24.4412,False,False,False,False
s432,847,14.4013,24.4457,21.7176,8.45759,24.4412,False,False,False,False
s432,848,14.5722,0.1709,20.2885,8.45759,24.4412,False,False,False,False
s432,849,12.2468,2.3254,18.6802,8.45759,24.4412,False,False,False,False
s432,850,21.3197,9.0729,19.2081,8.45759,24.4412,False,False,False,False
s432,851,16.4494,4.8703,18.6563,8.45759,24.4412,False,False,False,False
s432,852,1.6057,14.8437,15.2462,8.45759,24.4412,False,False,False,False
s432,853,14.5332,12.9275,15.1036,8.45759,24.4412,False,False,False,False
s432,854,8.319,6.2142,13.7467,8.45759,24.4412,False,False,False,False
s432,855,13.8579,5.5389,13.7689,8.45759,24.4412,False,False,False,False
s432,856,27.5929,13.735,16.5337,8.45759,24.4412,False,False,False,False
s432,857,10.9324,16.6605,15.4135,8.45759,24.4412,False,False,False,False
s432,858,12.9845,2.0521,14.9277,8.45759,24.4412,False,False,False,False
s432,859,12.7508,0.2337,14.4923,8.45759,24.4412,False,False,False,False
s432,860,17.2279,4.4771,15.0394,8.45759,24.4412,False,False,False,False
s432,861,39.0276,21.7997,19.8371,8.45759,24.4412,False,False,False,False
s432,862,20.9426,18.085,20.0582,8.45759,24.4412,False,False,False,False
s432,863,5.4094,15.5332,17.1284,8.45759,24.4412,False,False,False,False
s432,864,5.3075,0.1019,14.7642,8.45759,24.4412,False,False,False,False
s432,865,38.19,32.8825,19.4494,8.45759,24.4412,False,False,False,False
s432,866,28.8254,9.3646,21.3246,8.45759,24.4412,False,False,False,False
s432,867,6.6623,22.1631,18.3921,8.45759,24.4412,False,False,False,False
s432,868,15.8118,9.1495,17.8761,8.45759,24.4412,False,False,False,False
s432,869,17.1054,1.2936,17.7219,8.45759,24.4412,False,False,False,False
s432,870,13.9346,3.1708,16.9645,8.45759,24.4412,False,False,False,False
s432,871,14.6827,0.7481,16.5081,8.45759,24.4412,False,False,False,False
s432,872,12.063,2.6197,15.6191,8.45759,24.4412,False,False,False,False
s432,873,12.6277,0.5647,15.0208,8.45759,24.4412,False,False,False,False
s432,874,6.9016,5.7261,13.397,8.45759,24.4412,False,False,False,False
s432,875,7.5556,0.654,12.2287,8.45759,24.4412,False,False,False,False
s432,876,11.344,3.7884,12.0518,8.45759,24.4412,False,False,False,False
s432,877,22.0094,10.6654,14.0433,8.45759,24.4412,False,False,False,False
s432,878,10.3369,11.6725,13.302,8.45759,24.4412,False,False,False,False
s432,879,10.929,0.5921,12.8274,8.45759,24.4412,False,False,False,False
s432,880,18.1716,7.2426,13.8962,8.45759,24.4412,False,False,False,False
s432,881,12.2291,5.9425,13.5628,8.45759,24.4412,False,False,False,False
s432,882,11.767,0.4621,13.2037,8.45759,24.4412,False,False,False,False
s432,883,33.2845,21.5175,17.2198,8.45759,24.4412,False,False,False,False
s432,884,8.8979,24.3866,15.5554,8.45759,24.4412,False,False,False,False
s432,885,27.0824,18.1845,17.8608,8.45759,24.4412,False,False,False,False
s432,886,11.9984,15.084,16.6883,8.45759,24.4412,False,False,False,False
s432,887,14.532,2.5336,16.2571,8.45759,24.4412,False,False,False,False
s432,888,14.7059,0.1739,15.9468,8.45759,24.4412,False,False,False,False
s432,889,10.4678,4.2381,14.851,8.45759,24.4412,False,False,False,False
s432,890,19.5526,9.0848,15.7913,8.45759,24.4412,False,False,False,False
s432,891,10.6145,8.9381,14.756,8.45759,24.4412,False,False,False,False
s432,892,20.2522,9.6377,15.8552,8.45759,24.4412,False,False,False,False
s432,893,18.7651,1.4871,16.4372,8.45759,24.4412,False,False,False,False
s432,894,20.771,2.0059,17.304,8.45759,24.4412,False,False,False,False
s432,895,8.5547,12.2163,15.5541,8.45759,24.4412,False,False,False,False
s432,896,13.1505,4.5958,15.0734,8.45759,24.4412,False,False,False,False
s432,897,16.2947,3.1442,15.3176,8.45759,24.4412,False,False,False,False
s432,898,13.5039,2.7908,14.9549,8.45759,24.4412,False,False,False,False
s432,899,10.2723,3.2316,14.0184,8.45759,24.4412,False,False,False,False
s432,900,8.903,1.3693,12.9953,8.45759,24.4412,False,False,False,False
s432,901,8.3733,0.5297,12.0709,8.45759,24.4412,False,False,False,False
s432,902,18.6946,10.3213,13.3956,8.45759,24.4412,False,False,False,False
s432,903,16.2925,2.4021,13.975,8.45759,24.4412,False,False,False,False
s432,904,9.0537,7.2388,12.9908,8.45759,24.4412,False,False,False,False
s432,905,6.2174,2.8363,11.6361,8.45759,24.4412,False,False,False,False
s432,906,109.19,102.972,31.1468,8.45759,24.4412,True,False,False,False
s432,907,14.5259,94.664,27.8227,8.45759,24.4412,False,False,False,False
s432,908,9.3078,5.2181,24.1197,8.45759,24.4412,False,False,False,False
s432,909,20.6961,11.3883,23.435,8.45759,24.4412,False,False,False,False
s432,910,98.6803,77.9842,38.484,8.45759,24.4412,True,False,False,False
s432,911,17.419,81.2613,34.271,8.45759,24.4412,False,False,False,False
s432,912,22.9104,5.4914,31.9989,8.45759,24.4412,False,False,False,False
s432,913,10.2904,12.62,27.6572,8.45759,24.4412,False,False,False,False
s432,914,13.7722,3.4818,24.8802,8.45759,24.4412,False,False,False,False
s432,915,10.2312,3.541,21.9504,8.45759,24.4412,False,False,False,False
s432,916,14.8614,4.6302,20.5326,8.45759,24.4412,False,False,False,False
s432,917,17.9806,3.1192,20.0222,8.45759,24.4412,False,False,False,False
s432,918,9.0226,8.958,17.8223,8.45759,24.4412,False,False,False,False
s432,919,17.6123,8.5897,17.7803,8.45759,24.4412,False,False,False,False
s432,920,13.9172,3.6951,17.0077,8.45759,24.4412,False,False,False,False
s432,921,8.3365,5.5807,15.2734,8.45759,24.4412,False,False,False,False
s432,922,19.2892,10.9527,16.0766,8.45759,24.4412,False,False,False,False
s432,923,16.2293,3.0599,16.1071,8.45759,24.4412,False,False,False,False
s432,924,13.7984,2.4309,15.6454,8.45759,24.4412,False,False,False,False
s432,925,18.1937,4.3953,16.155,8.45759,24.4412,False,False,False,False
s432,926,18.7197,0.526,16.668,8.45759,24.4412,False,False,False,False
s432,927,20.5224,1.8027,17.4389,8.45759,24.4412,False,False,False,False
s432,928,20.5853,0.0629,18.0681,8.45759,24.4412,False,False,False,False
s432,929,9.3915,11.1938,16.3328,8.45759,24.4412,False,False,False,False
s432,930,20.5657,11.1742,17.1794,8.45759,24.4412,False,False,False,False
s432,931,10.581,9.9847,15.8597,8.45759,24.4412,False,False,False,False
s432,932,21.5277,10.9467,16.9933,8.45759,24.4412,False,False,False,False
s432,933,13.8256,7.7021,16.3598,8.45759,24.4412,False,False,False,False
s432,934,23.1974,9.3718,17.7273,8.45759,24.4412,False,False,False,False
s432,935,19.626,3.5714,18.107,8.45759,24.4412,False,False,False,False
s432,936,11.9055,7.7205,16.8667,8.45759,24.4412,False,False,False,False
s432,937,7.8765,4.029,15.0687,8.45759,24.4412,False,False,False,False
s432,938,13.4473,5.5708,14.7444,8.45759,24.4412,False,False,False,False
s432,939,6.2255,7.2218,13.0406,8.45759,24.4412,False,False,False,False
s432,940,17.5383,11.3128,13.9402,8.45759,24.4412,False,False,False,False
s432,941,19.8841,2.3458,15.1289,8.45759,24.4412,False,False,False,False
s432,942,24.9315,5.0474,17.0895,8.45759,24.4412,False,False,False,False
s432,943,20.1597,4.7718,17.7035,8.45759,24.4412,False,False,False,False
s432,944,6.0473,14.1124,15.3723,8.45759,24.4412,False,False,False,False
s432,945,9.6696,3.6223,14.2317,8.45759,24.4412,False,False,False,False
s432,946,22.4271,12.7575,15.8708,8.45759,24.4412,False,False,False,False
s432,947,15.8632,6.5639,15.8693,8.45759,24.4412,False,False,False,False
s432,948,15.2322,0.631,15.7419,8.45759,24.4412,False,False,False,False
s432,949,12.0416,3.1906,15.0018,8.45759,24.4412,False,False,False,False
s432,950,9.5049,2.5367,13.9024,8.45759,24.4412,False,False,False,False
s432,951,8.2396,1.2653,12.7699,8.45759,24.4412,False,False,False,False
s432,952,10.6625,2.4229,12.3484,8.45759,24.4412,False,False,False,False
s432,953,17.9326,7.2701,13.4652,8.45759,24.4412,False,False,False,False
s432,954,7.6639,10.2687,12.305,8.45759,24.4412,False,False,False,False
s432,955,6.2941,1.3698,11.1028,8.45759,24.4412,False,False,False,False
s432,956,8.9448,2.6507,10.6712,8.45759,24.4412,False,False,False,False
s432,957,11.0512,2.1064,10.7472,8.45759,24.4412,False,False,False,False
s432,958,6.5742,4.477,9.9126,8.45759,24.4412,False,False,False,False
s432,959,22.4875,15.9133,12.4276,8.45759,24.4412,False,False,False,False
s432,960,16.7215,5.766,13.2864,8.45759,24.4412,False,False,False,False
s432,961,25.1151,8.3936,15.6521,8.45759,24.4412,False,False,False,False
s432,962,11.6329,13.4822,14.8483,8.45759,24.4412,False,False,False,False
s432,963,25.5777,13.9448,16.9942,8.45759,24.4412,False,False,False,False
s432,964,3.4964,22.0813,14.2946,8.45759,24.4412,False,False,False,False
s432,965,19.4435,15.9471,15.3244,8.45759,24.4412,False,False,False,False
s432,966,18.8909,0.5526,16.0377,8.45759,24.4412,False,False,False,False
s432,967,9.6107,9.2802,14.7523,8.45759,24.4412,False,False,False,False
s432,968,6.4032,3.2075,13.0825,8.45759,24.4412,False,False,False,False
s432,969,6.3968,0.0064,11.7453,8.45759,24.4412,False,False,False,False
s432,970,23.2475,16.8507,14.0458,8.45759,24.4412,False,False,False,False
s432,971,11.8147,11.4328,13.5996,8.45759,24.4412,False,False,False,False
s432,972,8.6305,3.1842,12.6057,8.45759,24.4412,False,False,False,False
s432,973,9.1736,0.5431,11.9193,8.45759,24.4412,False,False,False,False
s432,974,14.98,5.8064,12.5315,8.45759,24.4412,False,False,False,False
s432,975,17.8204,2.8404,13.5892,8.45759,24.4412,False,False,False,False
s432,976,17.9158,0.0954,14.4546,8.45759,24.4412,False,False,False,False
s432,977,8.9225,8.9933,13.3481,8.45759,24.4412,False,False,False,False
s432,978,7.6037,1.3188,12.1993,8.45759,24.4412,False,False,False,False
s432,979,13.6393,6.0356,12.4873,8.45759,24.4412,False,False,False,False
s432,980,8.9913,4.648,11.7881,8.45759,24.4412,False,False,False,False
s432,981,16.5913,7.6,12.7487,8.45759,24.4412,False,False,False,False
s432,982,12.918,3.6733,12.7826,8.45759,24.4412,False,False,False,False
s432,983,16.4573,3.5393,13.5175,8.45759,24.4412,False,False,False,False
s432,984,11.2638,5.1935,13.0668,8.45759,24.4412,False,False,False,False
s432,985,15.5171,4.2533,13.5568,8.45759,24.4412,False,False,False,False
s432,986,25.571,10.0539,15.9597,8.45759,24.4412,False,False,False,False
s432,987,12.8989,12.6721,15.3475,8.45759,24.4412,False,False,False,False
s432,988,25.0974,12.1985,17.2975,8.45759,24.4412,False,False,False,False
s432,989,4.6464,20.451,14.7673,8.45759,24.4412,False,False,False,False
s432,990,9.2716,4.6252,13.6681,8.45759,24.4412,False,False,False,False
s432,991,8.0303,1.2413,12.5406,8.45759,24.4412,False,False,False,False
s432,992,34.9032,26.8729,17.0131,8.45759,24.4412,False,False,False,False
s432,993,6.5555,28.3477,14.9216,8.45759,24.4412,False,False,False,False
s432,994,12.8734,6.3179,14.5119,8.45759,24.4412,False,False,False,False
s432,995,21.6568,8.7834,15.9409,8.45759,24.4412,False,False,False,False
s432,996,17.3509,4.3059,16.2229,8.45759,24.4412,False,False,False,False
s432,997,15.7739,1.577,16.1331,8.45759,24.4412,False,False,False,False
s432,998,3.4427,12.3312,13.595,8.45759,24.4412,False,False,False,False
s432,999,9.3316,5.8889,12.7423,8.45759,24.4412,False,False,False,False
s432,1000,11.3529,2.0213,12.4645,8.45759,24.4412,False,False,False,False
s432,1001,19.7375,8.3846,13.9191,8.45759,24.4412,False,False,False,False
s432,1002,16.0993,3.6382,14.3551,8.45759,24.4412,False,False,False,False
s432,1003,2.5228,13.5765,11.9886,8.45759,24.4412,False,False,False,False
s432,1004,14.8554,12.3326,12.562,8.45759,24.4412,False,False,False,False
s432,1005,10.163,4.6924,12.0822,8.45759,24.4412,False,False,False,False
s432,1006,12.8183,2.6553,12.2294,8.45759,24.4412,False,False,False,False
s432,1007,17.3373,4.519,13.251,8.45759,24.4412,False,False,False,False
s432,1008,23.9456,6.6083,15.3899,8.45759,24.4412,False,False,False,False
s432,1009,18.9822,4.9634,16.1084,8.45759,24.4412,False,False,False,False
s432,1010,14.7432,4.239,15.8353,8.45759,24.4412,False,False,False,False
s432,1011,15.1659,0.4227,15.7015,8.45759,24.4412,False,False,False,False
s432,1012,3.569,11.5969,13.275,8.45759,24.4412,False,False,False,False
s432,1013,19.266,15.697,14.4732,8.45759,24.4412,False,False,False,False
s432,1014,16.047,3.219,14.7879,8.45759,24.4412,False,False,False,False
s432,1015,24.681,8.634,16.7665,8.45759,24.4412,False,False,False,False
s432,1016,16.4734,8.2076,16.7079,8.45759,24.4412,False,False,False,False
s432,1017,8.1337,8.3397,14.9931,8.45759,24.4412,False,False,False,False
s432,1018,4.861,3.2727,12.9667,8.45759,24.4412,False,False,False,False
s432,1019,9.2092,4.3482,12.2152,8.45759,24.4412,False,False,False,False
s432,1020,11.9912,2.782,12.1704,8.45759,24.4412,False,False,False,False
s432,1021,7.3418,4.6494,11.2047,8.45759,24.4412,False,False,False,False
s432,1022,6.5624,0.7794,10.2762,8.45759,24.4412,False,False,False,False
s432,1023,15.4421,8.8797,11.3094,8.45759,24.4412,False,False,False,False
s432,1024,9.8703,5.5718,11.0216,8.45759,24.4412,False,False,False,True
s432,1025,8.5065,1.3638,10.5186,8.45759,24.4412,False,False,False,True
s432,1026,7.2677,1.2388,9.86838,8.45759,24.4412,False,False,False,True
s432,1027,8.7687,1.501,9.64845,8.45759,24.4412,False,False,False,True
s432,1028,12.5622,3.7935,10.2312,8.45759,24.4412,False,False,False,True
s432,1029,7.4284,5.1338,9.67064,8.45759,24.4412,False,False,False,True
s432,1030,15.813,8.3846,10.8991,8.45759,24.4412,False,False,False,True
s432,1031,24.9381,9.1251,13.7069,8.45759,24.4412,False,False,False,False
s432,1032,5.803,19.1351,12.1261,8.45759,24.4412,False,False,False,False
s432,1033,13.8318,8.0288,12.4673,8.45759,24.4412,False,False,False,False
s432,1034,14.5368,0.705,12.8812,8.45759,24.4412,False,False,False,False
s432,1035,13.0087,1.5281,12.9067,8.45759,24.4412,False,False,False,False
s432,1036,12.8793,0.1294,12.9012,8.45759,24.4412,False,False,False,False
s432,1037,15.5363,2.657,13.4282,8.45759,24.4412,False,False,False,False
s432,1038,8.517,7.0193,12.446,8.45759,24.4412,False,False,False,False
s432,1039,14.359,5.842,12.8286,8.45759,24.4412,False,False,False,True
s432,1040,8.6034,5.7556,11.9835,8.45759,24.4412,False,False,False,True
s432,1041,21.8786,13.2752,13.9626,8.45759,24.4412,False,False,False,False
s432,1042,17.4932,4.3854,14.6687,8.45759,24.4412,False,False,False,False
s432,1043,9.0168,8.4764,13.5383,8.45759,24.4412,False,False,False,False
s432,1044,15.3531,6.3363,13.9013,8.45759,24.4412,False,False,False,False
s432,1045,12.5236,2.8295,13.6257,8.45759,24.4412,False,False,False,False
s432,1046,20.6292,8.1056,15.0264,8.45759,24.4412,False,False,False,False
s432,1047,15.2296,5.3996,15.0671,8.45759,24.4412,False,False,False,False
s432,1048,24.1732,8.9436,16.8883,8.45759,24.4412,False,False,False,False
s432,1049,4.3134,19.8598,14.3733,8.45759,24.4412,False,False,False,False
s432,1050,13.8949,9.5815,14.2776,8.45759,24.4412,False,False,False,False
s432,1051,13.5197,0.3752,14.126,8.45759,24.4412,False,False,False,False
s432,1052,16.5145,2.9948,14.6037,8.45759,24.4412,False,False,False,False
s432,1053,13.8152,2.6993,14.446,8.45759,24.4412,False,False,False,False
s432,1054,18.468,4.6528,15.2504,8.45759,24.4412,False,False,False,False
s432,1055,9.173,9.295,14.0349,8.45759,24.4412,False,False,False,False
s432,1056,12.248,3.075,13.6776,8.45759,24.4412,False,False,False,False
s432,1057,9.0822,3.1658,12.7585,8.45759,24.4412,False,False,False,False
s432,1058,3.9551,5.1271,10.9978,8.45759,24.4412,False,False,False,False
s432,1059,15.9985,12.0434,11.9979,8.45759,24.4412,False,False,False,False
s432,1060,14.4415,1.557,12.4867,8.45759,24.4412,False,False,False,False
s432,1061,11.2066,3.2349,12.2306,8.45759,24.4412,False,False,False,False
s432,1062,3.9883,7.2183,10.5822,8.45759,24.4412,False,False,False,True
s432,1063,7.325,3.3367,9.93074,8.45759,24.4412,False,False,False,True
s432,1064,22.4112,15.0862,12.4268,8.45759,24.4412,False,False,False,False
s432,1065,13.3611,9.0501,12.6137,8.45759,24.4412,False,False,False,False
s432,1066,9.9232,3.4379,12.0756,8.45759,24.4412,False,False,False,False
s432,1067,11.3185,1.3953,11.9242,8.45759,24.4412,False,False,False,False
s432,1068,14.3767,3.0582,12.4147,8.45759,24.4412,False,False,False,False
s432,1069,12.6861,1.6906,12.469,8.45759,24.4412,False,False,False,False
s432,1070,21.0303,8.3442,14.1812,8.45759,24.4412,False,False,False,False
s432,1071,24.1178,3.0875,16.1685,8.45759,24.4412,False,False,False,False
s432,1072,10.5451,13.5727,15.0439,8.45759,24.4412,False,False,False,False
s432,1073,21.6056,11.0605,16.3562,8.45759,24.4412,False,False,False,False
s432,1074,22.7572,1.1516,17.6364,8.45759,24.4412,False,False,False,False
s432,1075,13.9209,8.8363,16.8933,8.45759,24.4412,False,False,False,False
s432,1076,17.3228,3.4019,16.9792,8.45759,24.4412,False,False,False,False
s432,1077,5.7623,11.5605,14.7358,8.45759,24.4412,False,False,False,False
s432,1078,27.6255,21.8632,17.3138,8.45759,24.4412,False,False,False,False
s432,1079,10.8958,16.7297,16.0302,8.45759,24.4412,False,False,False,False
s432,1080,1.6516,9.2442,13.1545,8.45759,24.4412,False,False,False,False
s432,1081,2.4444,0.7928,11.0124,8.45759,24.4412,False,False,False,False
s432,1082,16.5562,14.1118,12.1212,8.45759,24.4412,False,False,False,False
s432,1083,16.6277,0.0715,13.0225,8.45759,24.4412,False,False,False,False
s432,1084,2.9258,13.7019,11.0032,8.45759,24.4412,False,False,False,False
s432,1085,11.3755,8.4497,11.0776,8.45759,24.4412,False,False,False,False
s432,1086,10.7825,0.593,11.0186,8.45759,24.4412,False,False,False,False
s432,1087,8.4502,2.3323,10.5049,8.45759,24.4412,False,False,False,False
s432,1088,9.3059,0.8557,10.2651,8.45759,24.4412,False,False,False,False
s432,1089,14.318,5.0121,11.0757,8.45759,24.4412,False,False,False,False
s432,1090,21.7141,7.3961,13.2034,8.45759,24.4412,False,False,False,False
s432,1091,30.3693,8.6552,16.6366,8.45759,24.4412,False,False,False,False
s432,1092,16.6097,13.7596,16.6312,8.45759,24.4412,False,False,False,False
s432,1093,8.2802,8.3295,14.961,8.45759,24.4412,False,False,False,False
s432,1094,6.4919,1.7883,13.2672,8.45759,24.4412,False,False,False,False
s432,1095,16.3149,9.823,13.8767,8.45759,24.4412,False,False,False,False
s432,1096,21.1973,4.8824,15.3408,8.45759,24.4412,False,False,False,False
s432,1097,64.0497,42.8524,25.0826,8.45759,24.4412,True,False,False,False
s432,1098,10.0435,54.0062,22.0748,8.45759,24.4412,False,False,False,False
s432,1099,25.1301,15.0866,22.6858,8.45759,24.4412,False,False,False,False
s432,1100,16.7588,8.3713,21.5004,8.45759,24.4412,False,False,False,False
s432,1101,12.8095,3.9493,19.7623,8.45759,24.4412,False,False,False,False
s432,1102,27.3308,14.5213,21.276,8.45759,24.4412,False,False,False,False
s432,1103,22.3345,4.9963,21.4877,8.45759,24.4412,False,False,False,False
s432,1104,35.7485,13.414,24.3398,8.45759,24.4412,False,False,False,False
s432,1105,9.0927,26.6558,21.2904,8.45759,24.4412,False,False,False,False
s432,1106,18.6308,9.5381,20.7585,8.45759,24.4412,False,False,False,False
s432,1107,11.821,6.8098,18.971,8.45759,24.4412,False,False,False,False
s432,1108,11.5235,0.2975,17.4815,8.45759,24.4412,False,False,False,False
s432,1109,20.2744,8.7509,18.0401,8.45759,24.4412,False,False,False,False
s432,1110,23.2883,3.0139,19.0897,8.45759,24.4412,False,False,False,False
s432,1111,6.1699,17.1184,16.5058,8.45759,24.4412,False,False,False,False
s432,1112,13.7304,7.5605,15.9507,8.45759,24.4412,False,False,False,False
s432,1113,5.7921,7.9383,13.919,8.45759,24.4412,False,False,False,False
s432,1114,16.2134,10.4213,14.3779,8.45759,24.4412,False,False,False,False
s432,1115,23.9892,7.7758,16.3001,8.45759,24.4412,False,False,False,False
s432,1116,5.2835,18.7057,14.0968,8.45759,24.4412,False,False,False,False
s432,1117,6.8026,1.5191,12.638,8.45759,24.4412,False,False,False,False
s432,1118,19.1247,12.3221,13.9353,8.45759,24.4412,False,False,False,False
s432,1119,8.0972,11.0275,12.7677,8.45759,24.4412,False,False,False,False
s432,1120,14.3478,6.2506,13.0837,8.45759,24.4412,False,False,False,False
s432,1121,17.3649,3.0171,13.9399,8.45759,24.4412,False,False,False,False
s432,1122,7.8717,9.4932,12.7263,8.45759,24.4412,False,False,False,False
s432,1123,120.728,112.856,34.3265,8.45759,24.4412,True,False,False,False
s432,1124,8.036,112.692,29.0684,8.45759,24.4412,False,False,False,False
s432,1125,11.7508,3.7148,25.6049,8.45759,24.4412,False,False,False,False
s432,1126,19.1896,7.4388,24.3218,8.45759,24.4412,False,False,False,False
s432,1127,6.0606,13.129,20.6696,8.45759,24.4412,False,False,False,False
s432,1128,17.743,11.6824,20.0843,8.45759,24.4412,False,False,False,False
s432,1129,24.5442,6.8012,20.9763,8.45759,24.4412,False,False,False,False
s432,1130,16.7243,7.8199,20.1259,8.45759,24.4412,False,False,False,False
s432,1131,20.6403,3.916,20.2288,8.45759,24.4412,False,False,False,False
s432,1132,6.2257,14.4146,17.4281,8.45759,24.4412,False,False,False,False
s432,1133,19.1298,12.9041,17.7685,8.45759,24.4412,False,False,False,False
s432,1134,9.8798,9.25,16.1907,8.45759,24.4412,False,False,False,False
s432,1135,16.0933,6.2135,16.1713,8.45759,24.4412,False,False,False,False
s432,1136,27.7058,11.6125,18.4782,8.45759,24.4412,False,False,False,False
s432,1137,14.4742,13.2316,17.6774,8.45759,24.4412,False,False,False,False
s432,1138,3.0112,11.463,14.7441,8.45759,24.4412,False,False,False,False
s432,1139,33.1552,30.144,18.4263,8.45759,24.4412,False,False,False,False
s432,1140,20.5367,12.6185,18.8484,8.45759,24.4412,False,False,False,False
s432,1141,13.8839,6.6528,17.8555,8.45759,24.4412,False,False,False,False
s432,1142,11.343,2.5409,16.553,8.45759,24.4412,False,False,False,False
s432,1143,6.7974,4.5456,14.6019,8.45759,24.4412,False,False,False,False
s432,1144,27.6751,20.8777,17.2165,8.45759,24.4412,False,False,False,False
s432,1145,10.018,17.6571,15.7768,8.45759,24.4412,False,False,False,False
s432,1146,12.4833,2.4653,15.1181,8.45759,24.4412,False,False,False,False
s432,1147,25.569,13.0857,17.2083,8.45759,24.4412,False,False,False,False
s432,1148,15.1097,10.4593,16.7886,8.45759,24.4412,False,False,False,False
s432,1149,14.21,0.8997,16.2729,8.45759,24.4412,False,False,False,False
s432,1150,17.1722,2.9622,16.4527,8.45759,24.4412,False,False,False,False
s432,1151,16.5182,0.654,16.4658,8.45759,24.4412,False,False,False,False
s432,1152,10.6566,5.8616,15.304,8.45759,24.4412,False,False,False,False
s432,1153,31.2629,20.6063,18.4958,8.45759,24.4412,False,False,False,False
s432,1154,16.6482,14.6147,18.1263,8.45759,24.4412,False,False,False,False
s432,1155,14.304,2.3442,17.3618,8.45759,24.4412,False,False,False,False
s432,1156,15.293,0.989,16.948,8.45759,24.4412,False,False,False,False
s432,1157,2.4057,12.8873,14.0396,8.45759,24.4412,False,False,False,False
s432,1158,13.4505,11.0448,13.9218,8.45759,24.4412,False,False,False,False
s432,1159,13.0509,0.3996,13.7476,8.45759,24.4412,False,False,False,False
s432,1160,19.0312,5.9803,14.8043,8.45759,24.4412,False,False,False,False
s432,1161,21.0805,2.0493,16.0595,8.45759,24.4412,False,False,False,False
s432,1162,10.0269,11.0536,14.853,8.45759,24.4412,False,False,False,False
s432,1163,17.4122,7.3853,15.3649,8.45759,24.4412,False,False,False,False
s432,1164,13.3413,4.0709,14.9601,8.45759,24.4412,False,False,False,False
s432,1165,13.6887,0.3474,14.7059,8.45759,24.4412,False,False,False,False
s432,1166,6.2235,7.4652,13.0094,8.45759,24.4412,False,False,False,False
s432,1167,3.9499,2.2736,11.1975,8.45759,24.4412,False,False,False,False
s432,1168,15.6388,11.6889,12.0857,8.45759,24.4412,False,False,False,False
s432,1169,15.6311,0.0077,12.7948,8.45759,24.4412,False,False,False,False
s432,1170,13.337,2.2941,12.9033,8.45759,24.4412,False,False,False,False
s432,1171,12.6238,0.7132,12.8474,8.45759,24.4412,False,False,False,True
s432,1172,26.6842,14.0604,15.6147,8.45759,24.4412,False,False,False,False
s432,1173,12.46,14.2242,14.9838,8.45759,24.4412,False,False,False,False
s432,1174,30.4011,17.9411,18.0672,8.45759,24.4412,False,False,False,False
s432,1175,11.9609,18.4402,16.846,8.45759,24.4412,False,False,False,False
s432,1176,19.1637,7.2028,17.3095,8.45759,24.4412,False,False,False,False
s432,1177,15.735,3.4287,16.9946,8.45759,24.4412,False,False,False,False
s432,1178,11.7414,3.9936,15.944,8.45759,24.4412,False,False,False,False
s432,1179,13.6986,1.9572,15.4949,8.45759,24.4412,False,False,False,False
s432,1180,9.2676,4.431,14.2494,8.45759,24.4412,False,False,False,False
s432,1181,18.4218,9.1542,15.0839,8.45759,24.4412,False,False,False,False
s432,1182,5.0857,13.3361,13.0843,8.45759,24.4412,False,False,False,False
s432,1183,10.2401,5.1544,12.5154,8.45759,24.4412,False,False,False,False
s432,1184,13.2733,3.0332,12.667,8.45759,24.4412,False,False,False,False
s432,1185,25,11.7267,15.1336,8.45759,24.4412,False,False,False,False
s432,1186,28.6903,3.6903,17.8449,8.45759,24.4412,False,False,False,False
s432,1187,16.9105,11.7798,17.6581,8.45759,24.4412,False,False,False,False
s432,1188,11.2859,5.6246,16.3836,8.45759,24.4412,False,False,False,False
s432,1189,29.3165,18.0306,18.9702,8.45759,24.4412,False,False,False,False
s432,1190,16.3501,12.9664,18.4462,8.45759,24.4412,False,False,False,False
s432,1191,19.1406,2.7905,18.5851,8.45759,24.4412,False,False,False,False
s432,1192,14.6447,4.4959,17.797,8.45759,24.4412,False,False,False,False
s432,1193,5.8934,8.7513,15.4163,8.45759,24.4412,False,False,False,False
s432,1194,22.523,16.6296,16.8376,8.45759,24.4412,False,False,False,False
s432,1195,22.8403,0.3173,18.0382,8.45759,24.4412,False,False,False,False
s432,1196,17.4009,5.4394,17.9107,8.45759,24.4412,False,False,False,False
s432,1197,7.1329,10.268,15.7551,8.45759,24.4412,False,False,False,False
s432,1198,14.7704,7.6375,15.5582,8.45759,24.4412,False,False,False,False
s432,1199,17.0685,2.2981,15.8603,8.45759,24.4412,False,False,False,False
s432,1200,3.0875,13.981,13.3057,8.45759,24.4412,False,False,False,False
s432,1201,7.2174,4.1299,12.088,8.45759,24.4412,False,False,False,False
s432,1202,20.2896,13.0722,13.7284,8.45759,24.4412,False,False,False,False
s432,1203,12.7322,7.5574,13.5291,8.45759,24.4412,False,False,False,False
s432,1204,1.627,11.1052,11.1487,8.45759,24.4412,False,False,False,False
s432,1205,7.1876,5.5606,10.3565,8.45759,24.4412,False,False,False,False
s432,1206,15.1312,7.9436,11.3114,8.45759,24.4412,False,False,False,False
s432,1207,6.8173,8.3139,10.4126,8.45759,24.4412,False,False,False,False
s432,1208,30.4529,23.6356,14.4207,8.45759,24.4412,False,False,False,False
s432,1209,8.9024,21.5505,13.317,8.45759,24.4412,False,False,False,False
s432,1210,20.3211,11.4187,14.7178,8.45759,24.4412,False,False,False,False
s432,1211,17.9572,2.3639,15.3657,8.45759,24.4412,False,False,False,False
s432,1212,25.1688,7.2116,17.3263,8.45759,24.4412,False,False,False,False
s432,1213,11.6169,13.5519,16.1844,8.45759,24.4412,False,False,False,False
s432,1214,10.6917,0.9252,15.0859,8.45759,24.4412,False,False,False,False
s432,1215,3.4434,7.2483,12.7574,8.45759,24.4412,False,False,False,False
s432,1216,8.5171,5.0737,11.9093,8.45759,24.4412,False,False,False,False
s432,1217,16.5425,8.0254,12.836,8.45759,24.4412,False,False,False,False
s432,1218,27.1044,10.5619,15.6897,8.45759,24.4412,False,False,False,False
s432,1219,6.5658,20.5386,13.8649,8.45759,24.4412,False,False,False,False
s432,1220,6.0052,0.5606,12.2929,8.45759,24.4412,False,False,False,False
s432,1221,10.9956,4.9904,12.0335,8.45759,24.4412,False,False,False,False
s432,1222,4.6337,6.3619,10.5535,8.45759,24.4412,False,False,False,False
s432,1223,8.2037,3.57,10.0836,8.45759,24.4412,False,False,True,False
s432,1224,23.4881,15.2844,12.7645,8.45759,24.4412,False,False,False,False
s432,1225,31.7038,8.2157,16.5523,8.45759,24.4412,False,False,False,False
s432,1226,29.0279,2.6759,19.0474,8.45759,24.4412,False,False,False,False
s432,1227,13.666,15.3619,17.9712,8.45759,24.4412,False,False,False,False
s432,1228,12.073,1.593,16.7915,8.45759,24.4412,False,False,False,False
s432,1229,16.0976,4.0246,16.6527,8.45759,24.4412,False,False,False,False
s432,1230,12.7478,3.3498,15.8718,8.45759,24.4412,False,False,False,False
s432,1231,12.4815,0.2663,15.1937,8.45759,24.4412,False,False,False,False
s432,1232,17.5396,5.0581,15.6629,8.45759,24.4412,False,False,False,False
s432,1233,16.7641,0.7755,15.8831,8.45759,24.4412,False,False,False,False
s432,1234,11.4613,5.3028,14.9988,8.45759,24.4412,False,False,False,False
s432,1235,16.1345,4.6732,15.2259,8.45759,24.4412,False,False,False,False
s432,1236,17.438,1.3035,15.6683,8.45759,24.4412,False,False,False,False
s432,1237,16.2168,1.2212,15.778,8.45759,24.4412,False,False,False,False
s432,1238,23.7437,7.5269,17.3712,8.45759,24.4412,False,False,False,False
s432,1239,28.8165,5.0728,19.6602,8.45759,24.4412,False,False,False,False
s432,1240,12.4988,16.3177,18.2279,8.45759,24.4412,False,False,False,False
s432,1241,10.9502,1.5486,16.7724,8.45759,24.4412,False,False,False,False
s432,1242,13.0864,2.1362,16.0352,8.45759,24.4412,False,False,False,False
s432,1243,16.7635,3.6771,16.1809,8.45759,24.4412,False,False,False,False
s432,1244,8.4286,8.3349,14.6304,8.45759,24.4412,False,False,False,False
s432,1245,14.5286,6.1,14.61,8.45759,24.4412,False,False,False,False
s432,1246,13.7279,0.8007,14.4336,8.45759,24.4412,False,False,False,False
s432,1247,11.9236,1.8043,13.9316,8.45759,24.4412,False,False,False,False
s432,1248,24.3785,12.4549,16.021,8.45759,24.4412,False,False,False,False
s432,1249,13.3284,11.0501,15.4825,8.45759,24.4412,False,False,False,False
s432,1250,9.5915,3.7369,14.3043,8.45759,24.4412,False,False,False,False
s432,1251,12.9084,3.3169,14.0251,8.45759,24.4412,False,False,False,False
s432,1252,13.5117,0.6033,13.9224,8.45759,24.4412,False,False,False,False
s432,1253,14.7489,1.2372,14.0877,8.45759,24.4412,False,False,False,False
s432,1254,7.0189,7.73,12.674,8.45759,24.4412,False,False,False,False
s432,1255,40.9817,33.9628,18.3355,8.45759,24.4412,True,False,False,False
s432,1256,15.1183,25.8634,17.6921,8.45759,24.4412,False,False,False,False
s432,1257,28.8889,13.7706,19.9314,8.45759,24.4412,False,False,False,False
s432,1258,18.1446,10.7443,19.5741,8.45759,24.4412,False,False,False,False
s432,1259,12.1851,5.9595,18.0963,8.45759,24.4412,False,False,False,False
s432,1260,8.9011,3.284,16.2572,8.45759,24.4412,False,False,False,False
s432,1261,28.29,19.3889,18.6638,8.45759,24.4412,False,False,False,False
s432,1262,16.6027,11.6873,18.2516,8.45759,24.4412,False,False,False,False
s432,1263,16.66,0.0573,17.9333,8.45759,24.4412,False,False,False,False
s432,1264,19.1637,2.5037,18.1793,8.45759,24.4412,False,False,False,False
s432,1265,18.3739,0.7898,18.2183,8.45759,24.4412,False,False,False,False
s432,1266,25.5198,7.1459,19.6786,8.45759,24.4412,False,False,False,False
s432,1267,9.0006,16.5192,17.543,8.45759,24.4412,False,False,False,False
s432,1268,5.1882,3.8124,15.072,8.45759,24.4412,False,False,False,False
s432,1269,10.3738,5.1856,14.1324,8.45759,24.4412,False,False,False,False
s432,1270,17.957,7.5832,14.8973,8.45759,24.4412,False,False,False,False
s432,1271,13.6482,4.3088,14.6475,8.45759,24.4412,False,False,False,False
s432,1272,19.8289,6.1807,15.6838,8.45759,24.4412,False,False,False,False
s432,1273,10.2819,9.547,14.6034,8.45759,24.4412,False,False,False,False
s432,1274,8.2761,2.0058,13.3379,8.45759,24.4412,False,False,False,False
s432,1275,26.3558,18.0797,15.9415,8.45759,24.4412,False,False,False,False
s432,1276,11.2197,15.1361,14.9971,8.45759,24.4412,False,False,False,False
s432,1277,20.9203,9.7006,16.1818,8.45759,24.4412,False,False,False,False
s432,1278,15.4464,5.4739,16.0347,8.45759,24.4412,False,False,False,False
s432,1279,15.8853,0.4389,16.0048,8.45759,24.4412,False,False,False,False
s432,1280,25.0335,9.1482,17.8106,8.45759,24.4412,False,False,False,False
s432,1281,21.951,3.0825,18.6386,8.45759,24.4412,False,False,False,False
s432,1282,16.7283,5.2227,18.2566,8.45759,24.4412,False,False,False,False
s432,1283,8.043,8.6853,16.2139,8.45759,24.4412,False,False,False,False
s432,1284,22.1419,14.0989,17.3995,8.45759,24.4412,False,False,False,False
s432,1285,10.3617,11.7802,15.9919,8.45759,24.4412,False,False,False,False
s432,1286,20.3981,10.0364,16.8732,8.45759,24.4412,False,False,False,False
s432,1287,35.089,14.6909,20.5163,8.45759,24.4412,False,False,False,False
s432,1288,14.9701,20.1189,19.4071,8.45759,24.4412,False,False,False,False
s432,1289,25.4335,10.4634,20.6124,8.45759,24.4412,False,False,False,False
s432,1290,19.3695,6.064,20.3638,8.45759,24.4412,False,False,False,False
s432,1291,25.3868,6.0173,21.3684,8.45759,24.4412,False,False,False,False
s432,1292,28.2978,2.911,22.7543,8.45759,24.4412,False,False,False,False
s432,1293,10.5579,17.7399,20.315,8.45759,24.4412,False,False,False,False
s432,1294,6.0248,4.5331,17.457,8.45759,24.4412,False,False,False,False
s432,1295,20.1738,14.149,18.0003,8.45759,24.4412,False,False,False,False
s432,1296,22.3232,2.1494,18.8649,8.45759,24.4412,False,False,False,False
s432,1297,19.9713,2.3519,19.0862,8.45759,24.4412,False,False,False,False
s432,1298,17.9104,2.0609,18.851,8.45759,24.4412,False,False,False,False
s432,1299,17.3124,0.598,18.5433,8.45759,24.4412,False,False,False,False
s432,1300,12.3118,5.0006,17.297,8.45759,24.4412,False,False,False,False
s432,1301,10.7015,1.6103,15.9779,8.45759,24.4412,False,False,False,False
s432,1302,18.381,7.6795,16.4585,8.45759,24.4412,False,False,False,False
s432,1303,10.8519,7.5291,15.3372,8.45759,24.4412,False,False,False,False
s432,1304,17.7838,6.9319,15.8265,8.45759,24.4412,False,False,False,False
s432,1305,10.4964,7.2874,14.7605,8.45759,24.4412,False,False,False,False
s432,1306,22.9419,12.4455,16.3968,8.45759,24.4412,False,False,False,False
s432,1307,12.2553,10.6866,15.5685,8.45759,24.4412,False,False,False,False
s432,1308,7.2628,4.9925,13.9073,8.45759,24.4412,False,False,False,False
s432,1309,9.5608,2.298,13.038,8.45759,24.4412,False,False,False,False
s432,1310,9.0515,0.5093,12.2407,8.45759,24.4412,False,False,False,False
s432,1311,22.647,13.5955,14.322,8.45759,24.4412,False,False,False,False
s432,1312,9.6821,12.9649,13.394,8.45759,24.4412,False,False,False,False
s432,1313,17.2726,7.5905,14.1697,8.45759,24.4412,False,False,False,False
s432,1314,7.0739,10.1987,12.7506,8.45759,24.4412,False,False,False,False
s432,1315,9.7197,2.6458,12.1444,8.45759,24.4412,False,False,False,False
s432,1316,11.6433,1.9236,12.0442,8.45759,24.4412,False,False,False,False
s432,1317,6.4785,5.1648,10.931,8.45759,24.4412,False,False,False,False
s432,1318,27.2611,20.7826,14.197,8.45759,24.4412,False,False,False,False
s432,1319,18.0085,9.2526,14.9593,8.45759,24.4412,False,False,False,False
s432,1320,23.7428,5.7343,16.716,8.45759,24.4412,False,False,False,False
s432,1321,11.059,12.6838,15.5846,8.45759,24.4412,False,False,False,False
s432,1322,32.1569,21.0979,18.8991,8.45759,24.4412,False,False,False,False
s432,1323,14.4916,17.6653,18.0176,8.45759,24.4412,False,False,False,False
s432,1324,13.0575,1.4341,17.0256,8.45759,24.4412,False,False,False,False
s432,1325,12.6097,0.4478,16.1424,8.45759,24.4412,False,False,False,False
s432,1326,15.2687,2.659,15.9677,8.45759,24.4412,False,False,False,False
s432,1327,24.7025,9.4338,17.7146,8.45759,24.4412,False,False,False,False
s432,1328,23.8489,0.8536,18.9415,8.45759,24.4412,False,False,False,False
s432,1329,23.6125,0.2364,19.8757,8.45759,24.4412,False,False,False,False
s432,1330,7.9235,15.689,17.4852,8.45759,24.4412,False,False,False,False
s432,1331,12.8562,4.9327,16.5594,8.45759,24.4412,False,False,False,False
s432,1332,31.4694,18.6132,19.5414,8.45759,24.4412,False,False,False,False
s432,1333,28.9509,2.5185,21.4233,8.45759,24.4412,False,False,False,False
s432,1334,13.0645,15.8864,19.7516,8.45759,24.4412,False,False,False,False
s432,1335,12.9583,0.1062,18.3929,8.45759,24.4412,False,False,False,False
s432,1336,31.5318,18.5735,21.0207,8.45759,24.4412,False,False,False,False
s432,1337,5.7565,25.7753,17.9678,8.45759,24.4412,False,False,False,False
s432,1338,25.7378,19.9813,19.5218,8.45759,24.4412,False,False,False,False
s432,1339,3.7795,21.9583,16.3734,8.45759,24.4412,False,False,False,False
s432,1340,16.9003,13.1208,16.4788,8.45759,24.4412,False,False,False,False
s432,1341,21.0605,4.1602,17.3951,8.45759,24.4412,False,False,False,False
s432,1342,6.2671,14.7934,15.1695,8.45759,24.4412,False,False,False,False
s432,1343,15.1341,8.867,15.1624,8.45759,24.4412,False,False,False,False
s432,1344,14.994,0.1401,15.1287,8.45759,24.4412,False,False,False,False
s432,1345,5.0198,9.9742,13.107,8.45759,24.4412,False,False,False,False
s432,1346,12.3213,7.3015,12.9498,8.45759,24.4412,False,False,False,False
s432,1347,18.7085,6.3872,14.1016,8.45759,24.4412,False,False,False,False
s432,1348,16.7064,2.0021,14.6225,8.45759,24.4412,False,False,False,False
s432,1349,6.7735,9.9329,13.0527,8.45759,24.4412,False,False,False,False
s432,1350,16.7909,10.0174,13.8004,8.45759,24.4412,False,False,False,False
s432,1351,31.7004,14.9095,17.3804,8.45759,24.4412,False,False,False,False
s432,1352,17.1971,14.5033,17.3437,8.45759,24.4412,False,False,False,False
s432,1353,9.2855,7.9116,15.7321,8.45759,24.4412,False,False,False,False
s432,1354,5.5584,3.7271,13.6973,8.45759,24.4412,False,False,False,False
s432,1355,8.8582,3.2998,12.7295,8.45759,24.4412,False,False,False,False
s432,1356,22.7389,13.8807,14.7314,8.45759,24.4412,False,False,False,False
s432,1357,23.0464,0.3075,16.3944,8.45759,24.4412,False,False,False,False
s432,1358,8.625,14.4214,14.8405,8.45759,24.4412,False,False,False,False
s432,1359,15.65,7.025,15.0024,8.45759,24.4412,False,False,False,False
s432,1360,21.0229,5.3729,16.2065,8.45759,24.4412,False,False,False,False
s432,1361,9.0211,12.0018,14.7694,8.45759,24.4412,False,False,False,False
s432,1362,17.3497,8.3286,15.2855,8.45759,24.4412,False,False,False,False
s432,1363,21.8022,4.4525,16.5888,8.45759,24.4412,False,False,False,False
s432,1364,13.0573,8.7449,15.8825,8.45759,24.4412,False,False,False,False
s432,1365,21.4815,8.4242,17.0023,8.45759,24.4412,False,False,False,False
s432,1366,16.6204,4.8611,16.9259,8.45759,24.4412,False,False,False,False
s432,1367,25.1203,8.4999,18.5648,8.45759,24.4412,False,False,False,False
s432,1368,7.3532,17.7671,16.3225,8.45759,24.4412,False,False,False,False
s432,1369,20.4697,13.1165,17.1519,8.45759,24.4412,False,False,False,False
s432,1370,14.0099,6.4598,16.5235,8.45759,24.4412,False,False,False,False
s432,1371,27.4616,13.4517,18.7111,8.45759,24.4412,False,False,False,False
s432,1372,6.4325,21.0291,16.2554,8.45759,24.4412,False,False,False,False
s432,1373,15.0351,8.6026,16.0113,8.45759,24.4412,False,False,False,False
s432,1374,17.1461,2.111,16.2383,8.45759,24.4412,False,False,False,False
s432,1375,8.4512,8.6949,14.6809,8.45759,24.4412,False,False,False,False
s432,1376,13.2169,4.7657,14.3881,8.45759,24.4412,False,False,False,False
s432,1377,7.9746,5.2423,13.1054,8.45759,24.4412,False,False,False,False
s432,1378,13.1786,5.204,13.12,8.45759,24.4412,False,False,False,False
s432,1379,11.3925,1.7861,12.7745,8.45759,24.4412,False,False,False,False
s432,1380,12.1875,0.795,12.6571,8.45759,24.4412,False,False,False,False
s432,1381,20.7103,8.5228,14.2678,8.45759,24.4412,False,False,False,False
s432,1382,3.3368,17.3735,12.0816,8.45759,24.4412,False,False,False,False
s432,1383,10.0568,6.72,11.6766,8.45759,24.4412,False,False,False,False
s432,1384,2.3014,7.7554,9.80157,8.45759,24.4412,False,False,False,False
s432,1385,12.0137,9.7123,10.244,8.45759,24.4412,False,False,False,False
s432,1386,17.028,5.0143,11.6008,8.45759,24.4412,False,False,False,False
s432,1387,3.6976,13.3304,10.0202,8.45759,24.4412,False,False,False,False
s432,1388,17.4449,13.7473,11.5051,8.45759,24.4412,False,False,False,False
s432,1389,2.6452,14.7997,9.73312,8.45759,24.4412,False,False,False,False
s432,1390,17.6342,14.989,11.3133,8.45759,24.4412,False,False,False,False
s432,1391,10.5924,7.0418,11.1692,8.45759,24.4412,False,False,False,False
s432,1392,43.845,33.2526,17.7043,8.45759,24.4412,True,False,False,False
s432,1393,18.5733,25.2717,17.8781,8.45759,24.4412,False,False,False,False
s432,1394,11.0569,7.5164,16.5139,8.45759,24.4412,False,False,False,False
s432,1395,6.36,4.6969,14.4831,8.45759,24.4412,False,False,False,False
s432,1396,6.3596,0.0004,12.8584,8.45759,24.4412,False,False,False,False
s432,1397,8.7019,2.3423,12.0271,8.45759,24.4412,False,False,False,False
s432,1398,10.5886,1.8867,11.7394,8.45759,24.4412,False,False,False,False
s432,1399,5.2074,5.3812,10.433,8.45759,24.4412,False,False,False,False
s432,1400,17.6291,12.4217,11.8722,8.45759,24.4412,False,False,False,False
s432,1401,13.2285,4.4006,12.1435,8.45759,24.4412,False,False,False,False
s432,1402,15.9123,2.6838,12.8972,8.45759,24.4412,False,False,False,False
s432,1403,9.5132,6.3991,12.2204,8.45759,24.4412,False,False,False,False
s432,1404,9.8488,0.3356,11.7461,8.45759,24.4412,False,False,False,False
s432,1405,16.8841,7.0353,12.7737,8.45759,24.4412,False,False,False,False
s432,1406,29.1182,12.2341,16.0426,8.45759,24.4412,False,False,False,False
s432,1407,19.852,9.2662,16.8045,8.45759,24.4412,False,False,False,False
s432,1408,14.9374,4.9146,16.4311,8.45759,24.4412,False,False,False,False
s432,1409,4.5752,10.3622,14.0599,8.45759,24.4412,False,False,False,False
s432,1410,26.3209,21.7457,16.5121,8.45759,24.4412,False,False,False,False
s432,1411,17.7199,8.601,16.7537,8.45759,24.4412,False,False,False,False
s432,1412,16.1011,1.6188,16.6231,8.45759,24.4412,False,False,False,False
s432,1413,6.4988,9.6023,14.5983,8.45759,24.4412,False,False,False,False
s432,1414,16.1105,9.6117,14.9007,8.45759,24.4412,False,False,False,False
s432,1415,13.5343,2.5762,14.6274,8.45759,24.4412,False,False,False,False
s432,1416,6.0137,7.5206,12.9047,8.45759,24.4412,False,False,False,False
s432,1417,10.1895,4.1758,12.3617,8.45759,24.4412,False,False,False,False
s432,1418,1.9417,8.2478,10.2777,8.45759,24.4412,False,False,False,False
s432,1419,37.6358,35.6941,15.7493,8.45759,24.4412,False,False,False,False
s432,1420,7.6178,30.018,14.123,8.45759,24.4412,False,False,False,False
s432,1421,14.0004,6.3826,14.0985,8.45759,24.4412,False,False,False,False
s432,1422,14.3476,0.3472,14.1483,8.45759,24.4412,False,False,False,False
s432,1423,28.218,13.8704,16.9622,8.45759,24.4412,False,False,False,False
s432,1424,16.9323,11.2857,16.9563,8.45759,24.4412,False,False,False,False
s432,1425,26.65,9.7177,18.895,8.45759,24.4412,False,False,False,False
s432,1426,26.2556,0.3944,20.3671,8.45759,24.4412,False,False,False,False
s432,1427,22.8762,3.3794,20.8689,8.45759,24.4412,False,False,False,False
s432,1428,9.6132,13.263,18.6178,8.45759,24.4412,False,False,False,False
s432,1429,5.75,3.8632,16.0442,8.45759,24.4412,False,False,False,False
s432,1430,2.3478,3.4022,13.3049,8.45759,24.4412,False,False,False,False
s432,1431,21.5872,19.2394,14.9614,8.45759,24.4412,False,False,False,False
s432,1432,6.1625,15.4247,13.2016,8.45759,24.4412,False,False,False,False
s432,1433,14.4819,8.3194,13.4577,8.45759,24.4412,False,False,False,False
s432,1434,8.9205,5.5614,12.5502,8.45759,24.4412,False,False,False,False
s432,1435,43.2311,34.3106,18.6864,8.45759,24.4412,True,False,False,False
s432,1436,9.7771,33.454,16.9045,8.45759,24.4412,False,False,False,False
s432,1437,14.8287,5.0516,16.4894,8.45759,24.4412,False,False,False,False
s432,1438,3.3355,11.4932,13.8586,8.45759,24.4412,False,False,False,False
s432,1439,24.903,21.5675,16.0675,8.45759,24.4412,False,False,False,False
s432,1440,29.9087,5.0057,18.8357,8.45759,24.4412,False,False,False,False
s432,1441,26.886,3.0227,20.4458,8.45759,24.4412,False,False,False,False
s432,1442,6.5326,20.3534,17.6631,8.45759,24.4412,False,False,False,False
s432,1443,20.9453,14.4127,18.3196,8.45759,24.4412,False,False,False,False
s432,1444,4.6266,16.3187,15.581,8.45759,24.4412,False,False,False,False
s432,1445,13.943,9.3164,15.2534,8.45759,24.4412,False,False,False,False
s432,1446,18.4107,4.4677,15.8848,8.45759,24.4412,False,False,False,False
s432,1447,14.8666,3.5441,15.6812,8.45759,24.4412,False,False,False,False
s432,1448,7.01,7.8566,13.947,8.45759,24.4412,False,False,False,False
s432,1449,22.4866,15.4766,15.6549,8.45759,24.4412,False,False,False,False
s432,1450,18.416,4.0706,16.2071,8.45759,24.4412,False,False,False,False
s432,1451,18.4259,0.0099,16.6509,8.45759,24.4412,False,False,False,False
s432,1452,30.1893,11.7634,19.3586,8.45759,24.4412,False,False,False,False
s432,1453,4.6889,25.5004,16.4246,8.45759,24.4412,False,False,False,False
s432,1454,5.3897,0.7008,14.2176,8.45759,24.4412,False,False,False,False
s432,1455,4.2968,1.0929,12.2335,8.45759,24.4412,False,False,False,False
s432,1456,19.9181,15.6213,13.7704,8.45759,24.4412,False,False,False,False
s432,1457,4.8187,15.0994,11.9801,8.45759,24.4412,False,False,True,False
s432,1458,16.2687,11.45,12.8378,8.45759,24.4412,False,False,False,False
s432,1459,8.4315,7.8372,11.9565,8.45759,24.4412,False,False,False,False
s432,1460,12.5,4.0685,12.0652,8.45759,24.4412,False,False,False,False
s432,1461,11.0347,1.4653,11.8591,8.45759,24.4412,False,False,False,False
s432,1462,1.6998,9.3349,9.82725,8.45759,24.4412,False,False,False,False
s432,1463,5.7997,4.0999,9.02174,8.45759,24.4412,False,False,False,False
s432,1464,5.447,0.3527,8.3068,8.45759,24.4412,False,False,False,True
s432,1465,1.2391,4.2079,6.89326,8.45759,24.4412,False,False,True,True
s432,1466,7.3518,6.1127,6.98496,8.45759,24.4412,False,False,True,True
s432,1467,16.6682,9.3164,8.92161,8.45759,24.4412,False,False,False,False
s432,1468,2.6616,14.0066,7.66961,8.45759,24.4412,False,False,True,False
s432,1469,3.7721,1.1105,6.89011,8.45759,24.4412,False,False,True,False
s432,1470,12.0327,8.2606,7.91863,8.45759,24.4412,False,False,False,False
s432,1471,3.4471,8.5856,7.02432,8.45759,24.4412,False,False,False,False
s432,1472,6.8343,3.3872,6.98632,8.45759,24.4412,False,False,True,False
s432,1473,22.2056,15.3713,10.0302,8.45759,24.4412,False,False,False,False
s432,1474,21.9345,0.2711,12.411,8.45759,24.4412,False,False,False,False
s432,1475,5.5529,16.3816,11.0394,8.45759,24.4412,False,False,False,False
s432,1476,16.9312,11.3783,12.2178,8.45759,24.4412,False,False,False,False
s432,1477,12.9775,3.9537,12.3697,8.45759,24.4412,False,False,False,False
s432,1478,8.6009,4.3766,11.616,8.45759,24.4412,False,False,False,False
s432,1479,9.3472,0.7463,11.1622,8.45759,24.4412,False,False,False,False
s432,1480,24.4521,15.1049,13.8202,8.45759,24.4412,False,False,False,False
s432,1481,13.5593,10.8928,13.768,8.45759,24.4412,False,False,False,False
s432,1482,12.6941,0.8652,13.5532,8.45759,24.4412,False,False,False,False
s432,1483,11.6964,0.9977,13.1819,8.45759,24.4412,False,False,False,False
s432,1484,14.0799,2.3835,13.3615,8.45759,24.4412,False,False,False,False
s432,1485,16.9854,2.9055,14.0863,8.45759,24.4412,False,False,False,False
s432,1486,7.3099,9.6755,12.731,8.45759,24.4412,False,False,False,False
s432,1487,17.316,10.0061,13.648,8.45759,24.4412,False,False,False,False
s432,1488,11.9398,5.3762,13.3063,8.45759,24.4412,False,False,False,False
s432,1489,12.0938,0.154,13.0638,8.45759,24.4412,False,False,False,False
s432,1490,14.7415,2.6477,13.3994,8.45759,24.4412,False,False,False,False
s432,1491,8.8044,5.9371,12.4804,8.45759,24.4412,False,False,False,False
s432,1492,12.8826,4.0782,12.5608,8.45759,24.4412,False,False,False,False
s432,1493,5.6831,7.1995,11.1853,8.45759,24.4412,False,False,False,False
s432,1494,9.7884,4.1053,10.9059,8.45759,24.4412,False,False,False,False
s432,1495,5.3214,4.467,9.789,8.45759,24.4412,False,False,False,True
s432,1496,24.259,18.9376,12.683,8.45759,24.4412,False,False,False,False
s432,1497,12.2998,11.9592,12.6064,8.45759,24.4412,False,False,False,False
s432,1498,10.9152,1.3846,12.2681,8.45759,24.4412,False,False,False,False
s432,1499,14.7528,3.8376,12.7651,8.45759,24.4412,False,False,False,False
s432,1500,13.6451,1.1077,12.9411,8.45759,24.4412,False,False,False,False
s432,1501,17.3119,3.6668,13.8152,8.45759,24.4412,False,False,False,False
s432,1502,7.0001,10.3118,12.4522,8.45759,24.4412,False,False,False,False
s432,1503,13.4184,6.4183,12.6454,8.45759,24.4412,False,False,False,False
s432,1504,2.2653,11.1531,10.5694,8.45759,24.4412,False,False,False,False
s432,1505,21.4145,19.1492,12.7384,8.45759,24.4412,False,False,False,False
s432,1506,10.8466,10.5679,12.3601,8.45759,24.4412,False,False,False,False
s432,1507,1.818,9.0286,10.2517,8.45759,24.4412,False,False,False,False
s432,1508,9.3414,7.5234,10.0696,8.45759,24.4412,False,False,False,False
s432,1509,7.2329,2.1085,9.50226,8.45759,24.4412,False,False,False,False
s432,1510,2.0709,5.162,8.01599,8.45759,24.4412,False,False,False,False
s432,1511,8.2885,6.2176,8.07049,8.45759,24.4412,False,False,True,False
s432,1512,12.2748,3.9863,8.91135,8.45759,24.4412,False,False,False,False
s432,1513,11.9386,0.3362,9.5168,8.45759,24.4412,False,False,False,True
s432,1514,24.3072,12.3686,12.4749,8.45759,24.4412,False,False,False,False
s432,1515,7.4382,16.869,11.4675,8.45759,24.4412,False,False,False,False
s432,1516,11.9127,4.4745,11.5566,8.45759,24.4412,False,False,False,False
s432,1517,15.0113,3.0986,12.2475,8.45759,24.4412,False,False,False,False
s432,1518,13.703,1.3083,12.5386,8.45759,24.4412,False,False,False,False
s432,1519,18.1616,4.4586,13.6632,8.45759,24.4412,False,False,False,False
s432,1520,4.2235,13.9381,11.7753,8.45759,24.4412,False,False,False,False
s432,1521,28.6842,24.4607,15.1571,8.45759,24.4412,False,False,False,False
s432,1522,10.8159,17.8683,14.2888,8.45759,24.4412,False,False,False,False
s432,1523,2.5874,8.2285,11.9485,8.45759,24.4412,False,False,False,False
s432,1524,28.6932,26.1058,15.2975,8.45759,24.4412,False,False,False,False
s432,1525,10.6757,18.0175,14.3731,8.45759,24.4412,False,False,False,False
s432,1526,16.7287,6.053,14.8442,8.45759,24.4412,False,False,False,False
s432,1527,20.4815,3.7528,15.9717,8.45759,24.4412,False,False,False,False
s432,1528,18.1942,2.2873,16.4162,8.45759,24.4412,False,False,False,False
s432,1529,4.2887,13.9055,13.9907,8.45759,24.4412,False,False,False,False
s432,1530,24.4111,20.1224,16.0748,8.45759,24.4412,False,False,False,False
s432,1531,5.6047,18.8064,13.9808,8.45759,24.4412,False,False,False,False
s432,1532,16.0519,10.4472,14.395,8.45759,24.4412,False,False,False,False
s432,1533,7.5092,8.5427,13.0178,8.45759,24.4412,False,False,False,False
s432,1534,20.9259,13.4167,14.5994,8.45759,24.4412,False,False,False,False
s432,1535,7.2263,13.6996,13.1248,8.45759,24.4412,False,False,False,False
s432,1536,18.4036,11.1773,14.1806,8.45759,24.4412,False,False,False,False
s432,1537,4.7163,13.6873,12.2877,8.45759,24.4412,False,False,False,False
s432,1538,18.9163,14.2,13.6134,8.45759,24.4412,False,False,False,False
s432,1539,24.7067,5.7904,15.8321,8.45759,24.4412,False,False,False,False
s432,1540,26.7628,2.0561,18.0182,8.45759,24.4412,False,False,False,False
s432,1541,14.2528,12.51,17.2651,8.45759,24.4412,False,False,False,False
s432,1542,14.7163,0.4635,16.7554,8.45759,24.4412,False,False,False,False
s432,1543,8.1731,6.5432,15.0389,8.45759,24.4412,False,False,False,False
s432,1544,4.5266,3.6465,12.9365,8.45759,24.4412,False,False,False,False
s432,1545,16.9744,12.4478,13.744,8.45759,24.4412,False,False,False,False
s432,1546,29.6267,12.6523,16.9206,8.45759,24.4412,False,False,False,False
s432,1547,13.5176,16.1091,16.24,8.45759,24.4412,False,False,False,False
s432,1548,4.7224,8.7952,13.9365,8.45759,24.4412,False,False,False,False
s432,1549,6.387,1.6646,12.4266,8.45759,24.4412,False,False,False,False
s432,1550,27.4517,21.0647,15.4316,8.45759,24.4412,False,False,False,False
s432,1551,23.8702,3.5815,17.1193,8.45759,24.4412,False,False,False,False
s432,1552,2.0605,21.8097,14.1076,8.45759,24.4412,False,False,False,False
s432,1553,1.3729,0.6876,11.5606,8.45759,24.4412,False,False,False,False
s432,1554,14.5341,13.1612,12.1553,8.45759,24.4412,False,False,False,False
s432,1555,14.9368,0.4027,12.7116,8.45759,24.4412,False,False,False,False
s432,1556,18.0638,3.127,13.7821,8.45759,24.4412,False,False,False,False
s432,1557,32.3691,14.3053,17.4995,8.45759,24.4412,False,False,False,False
s432,1558,6.9142,25.4549,15.3824,8.45759,24.4412,False,False,False,False
s432,1559,13.9879,7.0737,15.1035,8.45759,24.4412,False,False,False,False
s432,1560,8.8486,5.1393,13.8525,8.45759,24.4412,False,False,False,False
s432,1561,13.3936,4.545,13.7607,8.45759,24.4412,False,False,False,False
s432,1562,12.8067,0.5869,13.5699,8.45759,24.4412,False,False,False,False
s432,1563,4.1273,8.6794,11.6814,8.45759,24.4412,False,False,False,False
s432,1564,20.0222,15.8949,13.3496,8.45759,24.4412,False,False,False,False
s432,1565,9.4153,10.6069,12.5627,8.45759,24.4412,False,False,False,False
s432,1566,11.3943,1.979,12.329,8.45759,24.4412,False,False,False,False
s432,1567,24.5668,13.1725,14.7766,8.45759,24.4412,False,False,False,False
s432,1568,14.1908,10.376,14.6594,8.45759,24.4412,False,False,False,False
s432,1569,10.9591,3.23165,13.9194,8.45759,24.4412,False,False,False,False
s432,1570,17.5501,6.59097,14.6455,8.45759,24.4412,False,False,False,False
s432,1571,109.188,91.6376,33.5539,8.45759,24.4412,True,False,False,False
s432,1572,3.64679,105.541,27.5725,8.45759,24.4412,False,False,False,False
s432,1573,22.1677,18.521,26.4916,8.45759,24.4412,False,False,False,False
s432,1574,15.5784,6.58936,24.3089,8.45759,24.4412,False,False,False,False
s432,1575,25.4125,9.83408,24.5296,8.45759,24.4412,False,False,False,False
s432,1576,14.6588,10.7536,22.5555,8.45759,24.4412,False,False,False,False
s432,1577,19.2501,4.59125,21.8944,8.45759,24.4412,False,False,False,False
s432,1578,6.93548,12.3146,18.9026,8.45759,24.4412,False,False,False,False
s432,1579,2.75952,4.17596,15.674,8.45759,24.4412,False,False,False,False
s432,1580,140.692,137.932,40.6776,8.45759,24.4412,True,False,False,False
s432,1581,16.4034,124.289,35.8228,8.45759,24.4412,False,False,False,False
s432,1582,20.7697,4.36637,32.8121,8.45759,24.4412,False,False,False,False
s432,1583,21.7817,1.01192,30.606,8.45759,24.4412,False,False,False,False
s432,1584,13.6282,8.15345,27.2105,8.45759,24.4412,False,False,False,False
s432,1585,399.435,385.807,101.655,8.45759,24.4412,True,False,False,False
s432,1586,18.5583,380.877,85.036,8.45759,24.4412,False,False,False,False
s432,1587,16.4979,2.06032,71.3284,8.45759,24.4412,False,False,False,False
s432,1588,25.2448,8.74691,62.1117,8.45759,24.4412,False,False,False,False
s432,1589,74.0658,48.821,64.5025,8.45759,24.4412,True,False,False,False
s432,1590,31.6097,42.4562,57.9239,8.45759,24.4412,False,False,False,False
s432,1591,5.84136,25.7683,47.5074,8.45759,24.4412,False,False,False,False
s432,1592,21.2948,15.4535,42.2649,8.45759,24.4412,False,False,False,False
s432,1593,2.54198,18.7529,34.3203,8.45759,24.4412,False,False,False,False
s432,1594,20.3061,17.7641,31.5175,8.45759,24.4412,False,False,False,False
s432,1595,14.8321,5.47397,28.1804,8.45759,24.4412,False,False,False,False
s432,1596,98.1345,83.3024,42.1712,8.45759,24.4412,True,False,False,False
s432,1597,23.5829,74.5516,38.4535,8.45759,24.4412,False,False,False,False
s432,1598,6.97315,16.6097,32.1575,8.45759,24.4412,False,False,False,False
s432,1599,5.84489,1.12826,26.8949,8.45759,24.4412,False,False,False,False
s432,1600,13.85,8.00507,24.286,8.45759,24.4412,False,False,False,False
s432,1601,18.0665,4.21657,23.0421,8.45759,24.4412,False,False,False,False
s432,1602,13.2943,4.77225,21.0925,8.45759,24.4412,False,False,False,False
s432,1603,64.2062,50.9119,29.7152,8.45759,24.4412,True,False,False,False
s432,1604,14.7064,49.4997,26.7135,8.45759,24.4412,False,False,False,False
s432,1605,23.5227,8.81622,26.0753,8.45759,24.4412,False,False,False,False
s432,1606,5.63675,17.8859,21.9876,8.45759,24.4412,False,False,False,False
s432,1607,21.376,15.7393,21.8653,8.45759,24.4412,False,False,False,False
s432,1608,21.1205,0.255485,21.7163,8.45759,24.4412,False,False,False,False
s432,1609,13.0533,8.0673,19.9837,8.45759,24.4412,False,False,False,False
s432,1610,24.5976,11.5444,20.9065,8.45759,24.4412,False,False,False,False
s432,1611,14.9141,9.68355,19.708,8.45759,24.4412,False,False,False,False
s432,1612,22.4758,7.56175,20.2616,8.45759,24.4412,False,False,False,False
s432,1613,16.4894,5.98646,19.5071,8.45759,24.4412,False,False,False,False
s432,1614,12.0924,4.39693,18.0242,8.45759,24.4412,False,False,False,False
s432,1615,22.6207,10.5282,18.9435,8.45759,24.4412,False,False,False,False
s432,1616,23.0822,0.461537,19.7712,8.45759,24.4412,False,False,False,False
s432,1617,16.6006,6.48163,19.1371,8.45759,24.4412,False,False,False,False
s432,1618,11.4611,5.13947,17.6019,8.45759,24.4412,False,False,False,False
s432,1619,3.9976,7.46353,14.8811,8.45759,24.4412,False,False,False,False
s432,1620,21.9342,17.9366,16.2917,8.45759,24.4412,False,False,False,False
s432,1621,25.0466,3.11234,18.0427,8.45759,24.4412,False,False,False,False
s432,1622,14.5871,10.4595,17.3515,8.45759,24.4412,False,False,False,False
s432,1623,19.9468,5.35972,17.8706,8.45759,24.4412,False,False,False,False
s432,1624,15.5984,4.34845,17.4161,8.45759,24.4412,False,False,False,False
s432,1625,28.3553,12.7569,19.604,8.45759,24.4412,False,False,False,False
s432,1626,38.0497,9.69442,23.2931,8.45759,24.4412,False,False,False,False
s432,1627,12.1337,25.9159,21.0612,8.45759,24.4412,False,False,False,False
s432,1628,12.0575,0.076249,19.2605,8.45759,24.4412,False,False,False,False
s432,1629,20.3156,8.25814,19.4715,8.45759,24.4412,False,False,False,False
s432,1630,16.3539,3.96173,18.848,8.45759,24.4412,False,False,False,False
s432,1631,17.9711,1.61715,18.6726,8.45759,24.4412,False,False,False,False
s432,1632,23.0467,5.07562,19.5474,8.45759,24.4412,False,False,False,False
s432,1633,24.2321,1.18541,20.4844,8.45759,24.4412,False,False,False,False
s432,1634,21.4136,2.81851,20.6702,8.45759,24.4412,False,False,False,False
s432,1635,13.3817,8.03184,19.2125,8.45759,24.4412,False,False,False,False
s432,1636,3.89571,9.48604,16.1491,8.45759,24.4412,False,False,False,False
s432,1637,20.9577,17.062,17.1109,8.45759,24.4412,False,False,False,False
s432,1638,5.57946,15.3782,14.8046,8.45759,24.4412,False,False,False,False
s432,1639,24.3714,18.792,16.718,8.45759,24.4412,False,False,False,False
s432,1640,12.0828,12.2887,15.7909,8.45759,24.4412,False,False,False,False
s432,1641,18.7419,6.65909,16.3811,8.45759,24.4412,False,False,False,False
s432,1642,30.8889,12.1471,19.2827,8.45759,24.4412,False,False,False,False
s432,1643,9.46168,21.4273,17.3185,8.45759,24.4412,False,False,False,False
s432,1644,12.3194,2.85771,16.3187,8.45759,24.4412,False,False,False,False
s432,1645,8.29908,4.02031,14.7147,8.45759,24.4412,False,False,False,False
s432,1646,19.1194,10.8203,15.5957,8.45759,24.4412,False,False,False,False
s432,1647,17.4697,1.64962,15.9705,8.45759,24.4412,False,False,False,False
s432,1648,22.3002,4.83045,17.2364,8.45759,24.4412,False,False,False,False
s432,1649,8.8118,13.4884,15.5515,8.45759,24.4412,False,False,False,False
s432,1650,10.5009,1.68907,14.5414,8.45759,24.4412,False,False,False,False
s432,1651,18.6567,8.15585,15.3644,8.45759,24.4412,False,False,False,False
s432,1652,5.59144,13.0653,13.4098,8.45759,24.4412,False,False,False,False
s432,1653,7.35644,1.765,12.1992,8.45759,24.4412,False,False,False,False
s432,1654,24.4983,17.1418,14.659,8.45759,24.4412,False,False,False,False
s432,1655,19.8567,4.64154,15.6985,8.45759,24.4412,False,False,False,False
s432,1656,16.2272,3.6295,15.8043,8.45759,24.4412,False,False,False,False
s432,1657,18.4417,2.21448,16.3318,8.45759,24.4412,False,False,False,False
s432,1658,9.96928,8.47242,15.0593,8.45759,24.4412,False,False,False,False
s432,1659,20.8463,10.877,16.2167,8.45759,24.4412,False,False,False,False
s432,1660,218.242,197.396,56.6218,8.45759,24.4412,True,False,False,False
s432,1661,18.915,199.327,49.0805,8.45759,24.4412,False,False,False,False
s432,1662,14.8504,4.06459,42.2345,8.45759,24.4412,False,False,False,False
s432,1663,2.83096,12.0195,34.3538,8.45759,24.4412,False,False,False,False
s432,1664,44.4012,41.5703,36.3633,8.45759,24.4412,True,False,False,False
s432,1665,16.6931,27.7081,32.4292,8.45759,24.4412,False,False,False,False
s432,1666,22.1163,5.4232,30.3666,8.45759,24.4412,False,False,False,False
s432,1667,27.3171,5.20075,29.7567,8.45759,24.4412,False,False,False,False
s432,1668,28.823,1.50593,29.57,8.45759,24.4412,False,False,False,False
s432,1669,8.79381,20.0292,25.4148,8.45759,24.4412,False,False,False,False
s432,1670,20.6074,11.8136,24.4533,8.45759,24.4412,False,False,False,False
s432,1671,9.03835,11.569,21.3703,8.45759,24.4412,False,False,False,False
s432,1672,15.3782,6.33982,20.1719,8.45759,24.4412,False,False,False,False
s432,1673,14.6021,0.776085,19.0579,8.45759,24.4412,False,False,False,False
s432,1674,16.4969,1.89483,18.5457,8.45759,24.4412,False,False,False,False
s432,1675,5.81974,10.6772,16.0005,8.45759,24.4412,False,False,False,False
s432,1676,2.94609,2.87365,13.3896,8.45759,24.4412,False,False,False,False
s432,1677,7.83804,4.89195,12.2793,8.45759,24.4412,False,False,False,False
s432,1678,16.6768,8.83878,13.1588,8.45759,24.4412,False,False,False,False
s432,1679,16.6596,0.0172445,13.859,8.45759,24.4412,False,False,False,False
s432,1680,21.3846,4.725,15.3641,8.45759,24.4412,False,False,False,False
s432,1681,113.464,92.0796,34.9841,8.45759,24.4412,True,False,False,False
s432,1682,20.7382,92.726,32.1349,8.45759,24.4412,False,False,False,False
s432,1683,18.8062,1.93203,29.4692,8.45759,24.4412,False,False,False,False
s432,1684,13.3217,5.48444,26.2397,8.45759,24.4412,False,False,False,False
s432,1685,216.233,202.911,64.2383,8.45759,24.4412,True,False,False,False
s432,1686,14.3231,201.91,54.2553,8.45759,24.4412,False,False,False,False
s432,1687,4.72713,9.59596,44.3496,8.45759,24.4412,False,False,False,False
s432,1688,21.3758,16.6486,39.7549,8.45759,24.4412,False,False,False,False
s432,1689,26.1987,4.82294,37.0436,8.45759,24.4412,False,False,False,False
s432,1690,13.1361,13.0626,32.2621,8.45759,24.4412,False,False,False,False
s432,1691,14.3646,1.22852,28.6826,8.45759,24.4412,False,False,False,False
s432,1692,25.4789,11.1143,28.0419,8.45759,24.4412,False,False,False,False
s432,1693,7.33029,18.1486,23.8996,8.45759,24.4412,False,False,False,False
s432,1694,11.1405,3.81025,21.3478,8.45759,24.4412,False,False,False,False
s432,1695,26.5196,15.379,22.3821,8.45759,24.4412,False,False,False,False
s432,1696,12.4957,14.0239,20.4048,8.45759,24.4412,False,False,False,False
s432,1697,39.156,26.6602,24.1551,8.45759,24.4412,False,False,False,False
s432,1698,14.7003,24.4557,22.2641,8.45759,24.4412,False,False,False,False
s432,1699,11.99,2.71025,20.2093,8.45759,24.4412,False,False,False,False
s432,1700,18.6885,6.69847,19.9051,8.45759,24.4412,False,False,False,False
s432,1701,9.15162,9.53686,17.7544,8.45759,24.4412,False,False,False,False
s432,1702,23.3729,14.2213,18.8781,8.45759,24.4412,False,False,False,False
s432,1703,29.9722,6.5993,21.0969,8.45759,24.4412,False,False,False,False
s432,1704,25.0747,4.89745,21.8925,8.45759,24.4412,False,False,False,False
s432,1705,9.74363,15.3311,19.4627,8.45759,24.4412,False,False,False,False
s432,1706,19.6443,9.90068,19.499,8.45759,24.4412,False,False,False,False
s432,1707,27.8436,8.19928,21.1679,8.45759,24.4412,False,False,False,False
s432,1708,13.4356,14.4079,19.6215,8.45759,24.4412,False,False,False,False
s432,1709,18.0344,4.59876,19.3041,8.45759,24.4412,False,False,False,False
s432,1710,24.2145,6.18006,20.2862,8.45759,24.4412,False,False,False,False
s432,1711,17.3243,6.89013,19.6938,8.45759,24.4412,False,False,False,False
s432,1712,21.152,3.82763,19.9854,8.45759,24.4412,False,False,False,False
s432,1713,15.9692,5.18276,19.1822,8.45759,24.4412,False,False,False,False
s432,1714,11.2893,4.67988,17.6036,8.45759,24.4412,False,False,False,False
s432,1715,15.0238,3.73443,17.0876,8.45759,24.4412,False,False,False,False
s432,1716,5.43855,9.58522,14.7578,8.45759,24.4412,False,False,False,False
s432,1717,16.9399,11.5014,15.1942,8.45759,24.4412,False,False,False,False
s432,1718,22.3113,5.37136,16.6177,8.45759,24.4412,False,False,False,False
s432,1719,399.133,376.822,93.1207,8.45759,24.4412,True,False,False,False
s432,1720,10.8493,388.284,76.6665,8.45759,24.4412,False,False,False,False
s432,1721,9.77868,1.07066,63.2889,8.45759,24.4412,False,False,False,False
s432,1722,9.28218,0.4965,52.4876,8.45759,24.4412,False,False,False,False
s432,1723,27.0904,17.8082,47.4081,8.45759,24.4412,False,False,False,False
s432,1724,16.1163,10.9741,41.1498,8.45759,24.4412,False,False,False,False
s432,1725,12.2082,3.9081,35.3615,8.45759,24.4412,False,False,False,False
s432,1726,22.5628,10.3545,32.8017,8.45759,24.4412,False,False,False,False
s432,1727,21.2628,1.29997,30.4939,8.45759,24.4412,False,False,False,False
s432,1728,21.2703,0.00755968,28.6492,8.45759,24.4412,False,False,False,False
s432,1729,31.4571,10.1868,29.2108,8.45759,24.4412,False,False,False,False
s432,1730,13.9216,17.5355,26.153,8.45759,24.4412,False,False,False,False
s432,1731,19.4285,5.50694,24.8081,8.45759,24.4412,False,False,False,False
s432,1732,11.7829,7.64566,22.203,8.45759,24.4412,False,False,False,False
s432,1733,2.33404,9.44882,18.2292,8.45759,24.4412,False,False,False,False
s432,1734,17.315,14.981,18.0464,8.45759,24.4412,False,False,False,False
s432,1735,20.5615,3.24647,18.5494,8.45759,24.4412,False,False,False,False
s432,1736,3.23666,17.3248,15.4869,8.45759,24.4412,False,False,False,False
s432,1737,40.387,37.1504,20.4669,8.45759,24.4412,False,False,False,False
s432,1738,8.25455,32.1325,18.0244,8.45759,24.4412,False,False,False,False
s432,1739,10.7845,2.52994,16.5764,8.45759,24.4412,False,False,False,False
s432,1740,3.58755,7.19694,13.9787,8.45759,24.4412,False,False,False,False
s432,1741,16.3663,12.7787,14.4562,8.45759,24.4412,False,False,False,False
s432,1742,12.6813,3.685,14.1012,8.45759,24.4412,False,False,False,False
s432,1743,23.1967,10.5154,15.9203,8.45759,24.4412,False,False,False,False
s432,1744,23.5948,0.398132,17.4552,8.45759,24.4412,False,False,False,False
s432,1745,5.29074,18.3041,15.0223,8.45759,24.4412,False,False,False,False
s432,1746,21.4409,16.1501,16.306,8.45759,24.4412,False,False,False,False
s432,1747,2.36474,19.0761,13.5178,8.45759,24.4412,False,False,False,False
s432,1748,15.7125,13.3478,13.9567,8.45759,24.4412,False,False,False,False
s432,1749,39.8692,24.1567,19.1392,8.45759,24.4412,False,False,False,False
s432,1750,18.367,21.5022,18.9848,8.45759,24.4412,False,False,False,False
s432,1751,20.3713,2.0043,19.2621,8.45759,24.4412,False,False,False,False
s432,1752,18.2825,2.08883,19.0662,8.45759,24.4412,False,False,False,False
s432,1753,23.1918,4.90929,19.8913,8.45759,24.4412,False,False,False,False
s432,1754,18.0088,5.18303,19.5148,8.45759,24.4412,False,False,False,False
s432,1755,14.3581,3.6507,18.4834,8.45759,24.4412,False,False,False,False
s432,1756,8.2254,6.13266,16.4318,8.45759,24.4412,False,False,False,False
s432,1757,15.947,7.72159,16.3349,8.45759,24.4412,False,False,False,False
s432,1758,18.1161,2.16915,16.6911,8.45759,24.4412,False,False,False,False
s432,1759,10.1687,7.94749,15.3866,8.45759,24.4412,False,False,False,False
s432,1760,17.6684,7.49973,15.843,8.45759,24.4412,False,False,False,False
s432,1761,18.7248,1.05645,16.4194,8.45759,24.4412,False,False,False,False
s432,1762,14.1593,4.5655,15.9673,8.45759,24.4412,False,False,False,False
s432,1763,14.166,0.00664376,15.6071,8.45759,24.4412,False,False,False,False
s432,1764,22.1187,7.95276,16.9094,8.45759,24.4412,False,False,False,False
s432,1765,24.1247,2.00597,18.3525,8.45759,24.4412,False,False,False,False
s432,1766,11.9544,12.1703,17.0729,8.45759,24.4412,False,False,False,False
s432,1767,5.33883,6.61559,14.7261,8.45759,24.4412,False,False,False,False
s432,1768,24.2111,18.8722,16.6231,8.45759,24.4412,False,False,False,False
s432,1769,217.83,193.619,56.8644,8.45759,24.4412,True,False,False,False
s432,1770,10.696,207.134,47.6307,8.45759,24.4412,False,False,False,False
s432,1771,15.3122,4.61621,41.167,8.45759,24.4412,False,False,False,False
s432,1772,17.4262,2.114,36.4188,8.45759,24.4412,False,False,False,False
s432,1773,16.9794,0.446748,32.531,8.45759,24.4412,False,False,False,False
s432,1774,25.569,8.58958,31.1386,8.45759,24.4412,False,False,False,False
s432,1775,9.76606,15.803,26.8641,8.45759,24.4412,False,False,False,False
s432,1776,27.9156,18.1496,27.0744,8.45759,24.4412,False,False,False,False
s432,1777,6.34318,21.5724,22.9281,8.45759,24.4412,False,False,False,False
s432,1778,8.08671,1.74353,19.9599,8.45759,24.4412,False,False,False,False
s432,1779,8.79207,0.705363,17.7263,8.45759,24.4412,False,False,False,False
s432,1780,13.5087,4.71658,16.8828,8.45759,24.4412,False,False,False,False
s432,1781,11.2689,2.23977,15.76,8.45759,24.4412,False,False,False,False
s432,1782,5.30063,5.96825,13.6681,8.45759,24.4412,False,False,False,False
s432,1783,22.282,16.9814,15.3909,8.45759,24.4412,False,False,False,False
s432,1784,22.0035,0.278468,16.7134,8.45759,24.4412,False,False,False,False
s432,1785,25.2844,3.28088,18.4276,8.45759,24.4412,False,False,False,False
s432,1786,21.833,3.45137,19.1087,8.45759,24.4412,False,False,False,False
s432,1787,28.2133,6.38027,20.9296,8.45759,24.4412,False,False,False,False
s432,1788,16.8949,11.3184,20.1227,8.45759,24.4412,False,False,False,False
s432,1789,140.469,123.574,44.192,8.45759,24.4412,True,False,False,False
s432,1790,14.9727,125.497,38.3481,8.45759,24.4412,False,False,False,False
s432,1791,6.6458,8.32685,32.0076,8.45759,24.4412,False,False,False,False
s432,1792,16.8894,10.2436,28.984,8.45759,24.4412,False,False,False,False
s432,1793,22.0693,5.17992,27.6011,8.45759,24.4412,False,False,False,False
s432,1794,7.31941,14.7499,23.5447,8.45759,24.4412,False,False,False,False
s432,1795,13.1728,5.85342,21.4703,8.45759,24.4412,False,False,False,False
s432,1796,11.7313,1.44153,19.5225,8.45759,24.4412,False,False,False,False
s432,1797,21.8701,10.1388,19.9921,8.45759,24.4412,False,False,False,False
s432,1798,22.2569,0.386706,20.445,8.45759,24.4412,False,False,False,False
s432,1799,24.031,1.77412,21.1622,8.45759,24.4412,False,False,False,False
s432,1800,10.4697,13.5613,19.0237,8.45759,24.4412,False,False,False,False
s432,1801,10.8356,0.365919,17.3861,8.45759,24.4412,False,False,False,False
s432,1802,16.294,5.45838,17.1677,8.45759,24.4412,False,False,False,False
s432,1803,26.9214,10.6274,19.1184,8.45759,24.4412,False,False,False,False
s432,1804,17.6304,9.29096,18.8208,8.45759,24.4412,False,False,False,False
s432,1805,19.478,1.84761,18.9523,8.45759,24.4412,False,False,False,False
s432,1806,8.88628,10.5918,16.9391,8.45759,24.4412,False,False,False,False
s432,1807,20.9015,12.0153,17.7316,8.45759,24.4412,False,False,False,False
s432,1808,16.5754,4.32611,17.5003,8.45759,24.4412,False,False,False,False
s432,1809,39.4237,22.8483,21.885,8.45759,24.4412,False,False,False,False
s432,1810,13.1777,26.246,20.1436,8.45759,24.4412,False,False,False,False
s432,1811,13.6113,0.433539,18.8371,8.45759,24.4412,False,False,False,False
s432,1812,14.6974,1.08607,18.0092,8.45759,24.4412,False,False,False,False
s432,1813,20.3066,5.60926,18.4686,8.45759,24.4412,False,False,False,False
s432,1814,6.73211,13.5745,16.1213,8.45759,24.4412,False,False,False,False
s432,1815,13.0387,6.3066,15.5048,8.45759,24.4412,False,False,False,False
s432,1816,12.2502,0.788494,14.8539,8.45759,24.4412,False,False,False,False
s432,1817,145.153,132.903,40.9138,8.45759,24.4412,True,False,False,False
s432,1818,2.84298,142.31,33.2996,8.45759,24.4412,False,False,False,False
s432,1819,7.84,4.99702,28.2077,8.45759,24.4412,False,False,False,False
s432,1820,28.7522,20.9122,28.3166,8.45759,24.4412,False,False,False,False
s432,1821,13.5469,15.2053,25.3627,8.45759,24.4412,False,False,False,False
s432,1822,24.1301,10.5832,25.1162,8.45759,24.4412,False,False,False,False
s432,1823,11.7544,12.3758,22.4438,8.45759,24.4412,False,False,False,False
s432,1824,8.41519,3.33918,19.6381,8.45759,24.4412,False,False,False,False
s432,1825,37.5457,29.1305,23.2196,8.45759,24.4412,False,False,False,False
s432,1826,16.0618,21.4839,21.788,8.45759,24.4412,False,False,False,False
s432,1827,4.54219,11.5196,18.3389,8.45759,24.4412,False,False,False,False
s432,1828,9.76568,5.22349,16.6242,8.45759,24.4412,False,False,False,False
s432,1829,18.0668,8.30113,16.9128,8.45759,24.4412,False,False,False,False
s432,1830,12.1511,5.91572,15.9604,8.45759,24.4412,False,False,False,False
s432,1831,23.433,11.2819,17.4549,8.45759,24.4412,False,False,False,False
s432,1832,22.1275,1.30556,18.3894,8.45759,24.4412,False,False,False,False
s432,1833,11.1257,11.0018,16.9367,8.45759,24.4412,False,False,False,False
s432,1834,21.3856,10.2599,17.8265,8.45759,24.4412,False,False,False,False
s432,1835,14.9582,6.42736,17.2528,8.45759,24.4412,False,False,False,False
s432,1836,23.0781,8.11986,18.4179,8.45759,24.4412,False,False,False,False
s432,1837,15.8246,7.25345,17.8992,8.45759,24.4412,False,False,False,False
s432,1838,12.9355,2.88909,16.9065,8.45759,24.4412,False,False,False,False
s432,1839,140.007,127.072,41.5266,8.45759,24.4412,True,False,False,False
s432,1840,8.02169,131.986,34.8257,8.45759,24.4412,False,False,False,False
s432,1841,17.3093,9.2876,31.3224,8.45759,24.4412,False,False,False,False
s432,1842,400.09,382.78,105.076,8.45759,24.4412,True,False,False,False
s432,1843,22.2435,377.846,88.5094,8.45759,24.4412,False,False,False,False
s432,1844,11.6268,10.6167,73.1329,8.45759,24.4412,False,False,False,False
s432,1845,8.66075,2.96606,60.2385,8.45759,24.4412,False,False,False,False
s432,1846,14.6014,5.94067,51.111,8.45759,24.4412,False,False,False,False
s432,1847,10.7701,3.8313,43.0429,8.45759,24.4412,False,False,False,False
s432,1848,20.3087,9.53856,38.496,8.45759,24.4412,False,False,False,False
s432,1849,14.8672,5.44151,33.7703,8.45759,24.4412,False,False,False,False
s432,1850,216.414,201.547,70.2991,8.45759,24.4412,True,False,False,False
s432,1851,31.3584,185.056,62.5109,8.45759,24.4412,False,False,False,False
s432,1852,13.2418,18.1165,52.6571,8.45759,24.4412,False,False,False,False
s432,1853,17.7385,4.49672,45.6734,8.45759,24.4412,False,False,False,False
s432,1854,28.2445,10.506,42.1876,8.45759,24.4412,False,False,False,False
s432,1855,20.0194,8.22511,37.754,8.45759,24.4412,False,False,False,False
s432,1856,20.8998,0.880381,34.3831,8.45759,24.4412,False,False,False,False
s432,1857,39.1668,18.267,35.3399,8.45759,24.4412,False,False,False,False
s432,1858,23.3182,15.8486,32.9355,8.45759,24.4412,False,False,False,False
s432,1859,2.32244,20.9958,26.8129,8.45759,24.4412,False,False,False,False
s432,1860,10.4816,8.15911,23.5467,8.45759,24.4412,False,False,False,False
s432,1861,2.97859,7.50296,19.433,8.45759,24.4412,False,False,False,False
s432,1862,12.0951,9.11655,17.9655,8.45759,24.4412,False,False,False,False
s432,1863,20.1271,8.03199,18.3978,8.45759,24.4412,False,False,False,False
s432,1864,4.14311,15.984,15.5469,8.45759,24.4412,False,False,False,False
s432,1865,20.753,16.6099,16.5881,8.45759,24.4412,False,False,False,False
s432,1866,3.45978,17.2933,13.9624,8.45759,24.4412,False,False,False,False
s141,0,0.3948,,0.26712,0.0437963,0.426604,False,False,False,False
s141,1,0.2301,0.1647,0.259716,0.0437963,0.426604,False,False,False,False
s141,2,0.3263,0.0962,0.273033,0.0437963,0.426604,False,False,False,False
s141,3,0.1915,0.1348,0.256726,0.0437963,0.426604,False,False,False,False
s141,4,0.3744,0.1829,0.280261,0.0437963,0.426604,False,False,False,False
s141,5,0.3744,0,0.299089,0.0437963,0.426604,False,False,False,False
s141,6,0.2301,0.1443,0.285291,0.0437963,0.426604,False,False,False,False
s141,7,0.0577,0.1724,0.239773,0.0437963,0.426604,False,False,False,False
s141,8,0.0577,0,0.203358,0.0437963,0.426604,False,False,False,False
s141,9,0.0577,0,0.174227,0.0437963,0.426604,False,False,False,False
s141,10,0.1151,0.0574,0.162401,0.0437963,0.426604,False,False,False,False
s141,11,0.2773,0.1622,0.185381,0.0437963,0.426604,False,False,False,False
s141,12,0.1151,0.1622,0.171325,0.0437963,0.426604,False,False,False,False
s141,13,0.1355,0.0204,0.16416,0.0437963,0.426604,False,False,False,False
s141,14,0.1782,0.0427,0.166968,0.0437963,0.426604,False,False,False,False
s141,15,0.1782,0,0.169214,0.0437963,0.426604,False,False,False,False
s141,16,0.6265,0.4483,0.260671,0.0437963,0.426604,False,False,False,False
s141,17,0.6265,0,0.333837,0.0437963,0.426604,False,True,False,False
s141,18,0.3067,0.3198,0.32841,0.0437963,0.426604,False,False,False,False
s141,19,0.4712,0.1645,0.356968,0.0437963,0.426604,False,False,False,False
s141,20,,,0.356968,0.0437963,0.426604,False,False,False,False
s141,21,0.3067,,0.346914,0.0437963,0.426604,False,False,False,False
s141,22,0.3067,0,0.338871,0.0437963,0.426604,False,False,False,False
s141,23,0.1604,0.1463,0.303177,0.0437963,0.426604,False,False,False,False
s141,24,0.1161,0.0443,0.265762,0.0437963,0.426604,False,False,False,False
s141,25,0.6241,0.508,0.337429,0.0437963,0.426604,False,False,False,False
s141,26,0.6241,0,0.394763,0.0437963,0.426604,False,True,False,False
s141,27,0.7873,0.1632,0.473271,0.0437963,0.426604,False,True,False,False
s141,28,0.28,0.5073,0.434617,0.0437963,0.426604,False,False,False,False
s141,29,0.2041,0.0759,0.388513,0.0437963,0.426604,False,False,False,False
s141,30,0.1292,0.0749,0.336651,0.0437963,0.426604,False,False,False,False
s141,31,0.2041,0.0749,0.310141,0.0437963,0.426604,False,False,False,False
s141,32,0.0896,0.1145,0.266032,0.0437963,0.426604,False,False,False,False
s141,33,0.0896,0,0.230746,0.0437963,0.426604,False,False,False,False
s141,34,0.2772,0.1876,0.240037,0.0437963,0.426604,False,False,False,False
s141,35,0.1292,0.148,0.217869,0.0437963,0.426604,False,False,False,False
s141,36,0.7017,0.5725,0.314636,0.0437963,0.426604,False,False,False,False
s141,37,0.2834,0.4183,0.308388,0.0437963,0.426604,False,False,False,False
s141,38,0.6531,0.3697,0.377331,0.0437963,0.426604,False,True,False,False
s141,39,0.1184,0.5347,0.325545,0.0437963,0.426604,False,False,False,False
s141,40,0.5138,0.3954,0.363196,0.0437963,0.426604,False,False,False,False
s141,41,0.2041,0.3097,0.331377,0.0437963,0.426604,False,False,False,False
s141,42,0.2041,0,0.305921,0.0437963,0.426604,False,False,False,False
s141,43,0.4845,0.2804,0.341637,0.0437963,0.426604,False,False,False,False
s141,44,0.4927,0.0082,0.37185,0.0437963,0.426604,False,False,False,False
s141,45,0.4927,0,0.39602,0.0437963,0.426604,False,False,False,False
s141,46,0.4927,0,0.415356,0.0437963,0.426604,False,False,True,False
s141,47,0.4927,0,0.430825,0.0437963,0.426604,False,False,True,False
s141,48,0.1184,0.3743,0.36834,0.0437963,0.426604,False,False,False,False
s141,49,0.4845,0.3661,0.391572,0.0437963,0.426604,False,False,True,False
s141,50,0.171,0.3135,0.347457,0.0437963,0.426604,False,False,False,False
s141,51,0.1266,0.0444,0.303286,0.0437963,0.426604,False,False,False,False
s141,52,0.4927,0.3661,0.341169,0.0437963,0.426604,False,False,False,False
s141,53,0.171,0.3217,0.307135,0.0437963,0.426604,False,False,False,False
s141,54,0.1266,0.0444,0.271028,0.0437963,0.426604,False,False,False,False
s141,55,0.4927,0.3661,0.315362,0.0437963,0.426604,False,False,False,False
s141,56,0.4694,0.0233,0.34617,0.0437963,0.426604,False,False,False,False
s141,57,0.8565,0.3871,0.448236,0.0437963,0.426604,True,False,False,False
s141,58,0.3751,0.4814,0.433609,0.0437963,0.426604,False,False,False,False
s141,59,0.0896,0.2855,0.364807,0.0437963,0.426604,False,False,False,False
s141,60,0.4694,0.3798,0.385726,0.0437963,0.426604,False,False,False,False
s141,61,0.5206,0.0512,0.4127,0.0437963,0.426604,False,False,False,False
s141,62,0.4694,0.0512,0.42404,0.0437963,0.426604,False,False,False,False
s141,63,0.415,0.0544,0.422232,0.0437963,0.426604,False,False,False,False
s141,64,0.3901,0.0249,0.415806,0.0437963,0.426604,False,False,False,False
s141,65,0.7511,0.361,0.482865,0.0437963,0.426604,False,False,False,False
s141,66,0.7511,0,0.536512,0.0437963,0.426604,False,True,False,False
s141,67,0.7511,0,0.579429,0.0437963,0.426604,False,True,False,True
s141,68,0.415,0.3361,0.546544,0.0437963,0.426604,False,False,False,True
s141,69,0.5206,0.1056,0.541355,0.0437963,0.426604,False,False,True,True
s141,70,0.415,0.1056,0.516084,0.0437963,0.426604,False,False,False,True
s141,71,0.6112,0.1962,0.535107,0.0437963,0.426604,False,False,False,True
s141,72,0.6112,0,0.550326,0.0437963,0.426604,False,False,False,True
s141,73,0.5206,0.0906,0.544381,0.0437963,0.426604,False,False,True,True
s141,74,1.0232,0.5026,0.640144,0.0437963,0.426604,True,False,True,True
s141,75,0.6112,0.412,0.634356,0.0437963,0.426604,False,False,True,True
s141,76,0.4345,0.1767,0.594384,0.0437963,0.426604,False,False,True,True
s141,77,0.6112,0.1767,0.597748,0.0437963,0.426604,False,False,True,True
s141,78,0.4345,0.1767,0.565098,0.0437963,0.426604,False,False,True,True
s141,79,0.415,0.0195,0.535078,0.0437963,0.426604,False,False,False,True
s141,80,0.4345,0.0195,0.514963,0.0437963,0.426604,False,False,True,True
s141,81,0.415,0.0195,0.49497,0.0437963,0.426604,False,False,False,True
s141,82,0.1696,0.2454,0.429896,0.0437963,0.426604,False,False,False,False
s141,83,0.7511,0.5815,0.494137,0.0437963,0.426604,False,False,False,False
s141,84,0.415,0.3361,0.47831,0.0437963,0.426604,False,False,False,False
s141,85,1.0232,0.6082,0.587288,0.0437963,0.426604,True,True,False,False
s141,86,1.0232,0,0.67447,0.0437963,0.426604,True,True,False,False
s141,87,0.5975,0.4257,0.659076,0.0437963,0.426604,False,False,True,False
s141,88,0.4208,0.1767,0.611421,0.0437963,0.426604,False,False,False,False
s141,89,0.5324,0.1116,0.595617,0.0437963,0.426604,False,False,True,False
s141,90,0.4208,0.1116,0.560653,0.0437963,0.426604,False,False,False,True
s141,91,0.4845,0.0637,0.545423,0.0437963,0.426604,False,False,False,True
s141,92,0.415,0.0695,0.519338,0.0437963,0.426604,False,False,False,True
s141,93,0.1298,0.2852,0.441431,0.0437963,0.426604,False,False,False,False
s141,94,0.4287,0.2989,0.438884,0.0437963,0.426604,False,False,False,False
s141,95,1.7153,1.2866,0.694168,0.0437963,0.426604,True,False,False,False
s141,96,0.6112,1.1041,0.677574,0.0437963,0.426604,False,False,False,False
s141,97,0.4208,0.1904,0.626219,0.0437963,0.426604,False,False,False,False
s141,98,0.5975,0.1767,0.620475,0.0437963,0.426604,False,False,True,False
s141,99,0.5144,0.0831,0.59926,0.0437963,0.426604,False,False,True,False
s141,100,0.4208,0.0936,0.563568,0.0437963,0.426604,False,False,False,False
s141,101,0.4615,0.0407,0.543155,0.0437963,0.426604,False,False,False,True
s141,102,0.2373,0.2242,0.481984,0.0437963,0.426604,False,False,False,True
s141,103,0.4208,0.1835,0.469747,0.0437963,0.426604,False,False,False,True
s141,104,0.5324,0.1116,0.482278,0.0437963,0.426604,False,False,False,True
s141,105,0.4237,0.1087,0.470562,0.0437963,0.426604,False,False,False,True
s141,106,0.4018,0.0219,0.45681,0.0437963,0.426604,False,False,False,True
s141,107,0.4287,0.0269,0.451188,0.0437963,0.426604,False,False,False,True
s141,108,0.4018,0.0269,0.44131,0.0437963,0.426604,False,False,False,True
s141,109,0.4018,0,0.433408,0.0437963,0.426604,False,False,False,True
s141,110,0.4237,0.0219,0.431467,0.0437963,0.426604,False,False,False,True
s141,111,0.4678,0.0441,0.438733,0.0437963,0.426604,False,False,False,True
s141,112,0.972,0.5042,0.545387,0.0437963,0.426604,True,False,False,True
s141,113,1.1917,0.2197,0.674649,0.0437963,0.426604,True,True,False,True
s141,114,0.5144,0.6773,0.642599,0.0437963,0.426604,False,False,True,True
s141,115,0.26,0.2544,0.56608,0.0437963,0.426604,False,False,False,True
s141,116,0.0797,0.1803,0.468804,0.0437963,0.426604,False,False,False,False
s141,117,0.5144,0.4347,0.477923,0.0437963,0.426604,False,False,False,False
s141,118,0.4237,0.0907,0.467078,0.0437963,0.426604,False,False,False,False
s141,119,0.4018,0.0219,0.454023,0.0437963,0.426604,False,False,False,False
s141,120,0.5975,0.1957,0.482718,0.0437963,0.426604,False,False,False,False
s141,121,0.4018,0.1957,0.466534,0.0437963,0.426604,False,False,False,False
s141,122,0.3227,0.0791,0.437768,0.0437963,0.426604,False,False,False,False
s141,123,0.5134,0.1907,0.452894,0.0437963,0.426604,False,False,False,False
s141,124,0.9199,0.4065,0.546295,0.0437963,0.426604,True,False,False,True
s141,125,0.1297,0.7902,0.462976,0.0437963,0.426604,False,False,False,False
s141,126,0.5324,0.4027,0.476861,0.0437963,0.426604,False,False,False,False
s141,127,0.9199,0.3875,0.565469,0.0437963,0.426604,True,False,True,False
s141,128,0.5144,0.4055,0.555255,0.0437963,0.426604,False,False,True,False
s141,129,0.4569,0.0575,0.535584,0.0437963,0.426604,False,False,True,False
s141,130,0.5975,0.1406,0.547967,0.0437963,0.426604,False,False,True,False
s141,131,0.4018,0.1957,0.518734,0.0437963,0.426604,False,False,False,False
s141,132,0.1297,0.2721,0.440927,0.0437963,0.426604,False,False,False,False
s141,133,0.4287,0.299,0.438482,0.0437963,0.426604,False,False,False,False
s141,134,1.2959,0.8672,0.609965,0.0437963,0.426604,True,False,False,False
s141,135,0.3227,0.9732,0.552512,0.0437963,0.426604,False,False,False,False
s141,136,0.0797,0.243,0.45795,0.0437963,0.426604,False,False,False,False
s141,137,0.0797,0,0.3823,0.0437963,0.426604,False,False,False,False
s141,138,0.4018,0.3221,0.3862,0.0437963,0.426604,False,False,False,False
s141,139,0.26,0.1418,0.36096,0.0437963,0.426604,False,False,False,False
s141,140,0.1444,0.1156,0.317648,0.0437963,0.426604,False,False,False,False
s141,141,0.1444,0,0.282998,0.0437963,0.426604,False,False,False,False
s141,142,0.1297,0.0147,0.252339,0.0437963,0.426604,False,False,False,False
s141,143,0.3227,0.193,0.266411,0.0437963,0.426604,False,False,False,False
s141,144,0.1297,0.193,0.239069,0.0437963,0.426604,False,False,False,False
s141,145,0.1297,0,0.217195,0.0437963,0.426604,False,False,False,False
s141,146,0.3227,0.193,0.238296,0.0437963,0.426604,False,False,False,False
s141,147,1.2959,0.9732,0.449817,0.0437963,0.426604,True,False,False,False
s141,148,0.1444,1.1515,0.388733,0.0437963,0.426604,False,False,False,False
s141,149,0.4713,0.3269,0.405247,0.0437963,0.426604,False,False,False,False
s141,150,0.1237,0.3476,0.348937,0.0437963,0.426604,False,False,False,False
s141,151,1.7153,1.5916,0.62221,0.0437963,0.426604,True,False,False,False
s141,152,0.3227,1.3926,0.562308,0.0437963,0.426604,False,False,False,False
s141,153,1.2959,0.9732,0.709026,0.0437963,0.426604,True,True,False,False
s141,154,0.1297,1.1662,0.593161,0.0437963,0.426604,False,False,False,False
s141,155,0.1351,0.0054,0.501549,0.0437963,0.426604,False,False,False,False
s141,156,0.1032,0.0319,0.421879,0.0437963,0.426604,False,False,False,False
s141,157,2.8181,2.7149,0.901123,0.0437963,0.426604,True,False,False,False
s141,158,0.0904,2.7277,0.738979,0.0437963,0.426604,False,False,False,False
s141,159,0.4409,0.3505,0.679363,0.0437963,0.426604,False,False,False,False
s141,160,0.4409,0,0.63167,0.0437963,0.426604,False,False,False,False
s141,161,0.3041,0.1368,0.566156,0.0437963,0.426604,False,False,False,False
s141,162,0.4409,0.1368,0.541105,0.0437963,0.426604,False,False,False,False
s141,163,0.1032,0.3377,0.453524,0.0437963,0.426604,False,False,False,False
s141,164,0.76,0.6568,0.514819,0.0437963,0.426604,False,False,False,False
s141,165,0.3041,0.4559,0.472675,0.0437963,0.426604,False,False,False,False
s141,166,0.8241,0.52,0.54296,0.0437963,0.426604,True,True,False,False
s141,167,0.4409,0.3832,0.522548,0.0437963,0.426604,False,False,False,False
s141,168,0.8241,0.3832,0.582859,0.0437963,0.426604,True,True,True,False
s141,169,0.4409,0.3832,0.554467,0.0437963,0.426604,False,False,True,False
s141,170,0.3041,0.1368,0.504393,0.0437963,0.426604,False,False,False,False
s141,171,0.4409,0.1368,0.491695,0.0437963,0.426604,False,False,True,True
s141,172,0.3041,0.1368,0.454176,0.0437963,0.426604,False,False,False,True
s141,173,0.486,0.1819,0.460541,0.0437963,0.426604,False,False,False,True
s141,174,0.6016,0.1156,0.488753,0.0437963,0.426604,False,False,False,True
s141,175,0.486,0.1156,0.488202,0.0437963,0.426604,False,False,True,True
s141,176,0.486,0,0.487762,0.0437963,0.426604,False,False,True,True
s141,177,0.486,0,0.487409,0.0437963,0.426604,False,False,True,True
s141,178,0.6016,0.1156,0.510247,0.0437963,0.426604,False,False,True,True
s141,179,0.4628,0.1388,0.500758,0.0437963,0.426604,False,False,True,True
s141,180,0.3041,0.1587,0.461426,0.0437963,0.426604,False,False,False,True
s141,181,0.4628,0.1587,0.461701,0.0437963,0.426604,False,False,True,True
s141,182,0.3041,0.1587,0.430181,0.0437963,0.426604,False,False,False,True
s141,183,0.2699,0.0342,0.398125,0.0437963,0.426604,False,False,False,True
s141,184,0.6016,0.3317,0.43882,0.0437963,0.426604,False,False,False,True
s141,185,0.4237,0.1779,0.435796,0.0437963,0.426604,False,False,False,True
s141,186,0.3041,0.1196,0.409457,0.0437963,0.426604,False,False,False,True
s141,187,0.3041,0,0.388385,0.0437963,0.426604,False,False,False,True
s141,188,0.3041,0,0.371528,0.0437963,0.426604,False,False,False,True
s141,189,0.1767,0.1274,0.332563,0.0437963,0.426604,False,False,False,False
s141,190,0.1896,0.0129,0.30397,0.0437963,0.426604,False,False,False,False
s141,191,0.1896,0,0.281096,0.0437963,0.426604,False,False,False,False
s141,192,0.1841,0.0055,0.261697,0.0437963,0.426604,False,False,False,False
s141,193,0.1646,0.0195,0.242277,0.0437963,0.426604,False,False,False,False
s141,194,0.1841,0.0195,0.230642,0.0437963,0.426604,False,False,False,False
s141,195,0.4237,0.2396,0.269254,0.0437963,0.426604,False,False,False,False
s141,196,0.7099,0.2862,0.357383,0.0437963,0.426604,False,False,False,False
s141,197,0.4706,0.2393,0.380026,0.0437963,0.426604,False,False,False,False
s141,198,1.0531,0.5825,0.514641,0.0437963,0.426604,True,True,False,False
s141,199,0.4034,0.6497,0.492393,0.0437963,0.426604,False,False,False,False
s141,200,0.2479,0.1555,0.443494,0.0437963,0.426604,False,False,False,False
s141,201,0.1252,0.1227,0.379835,0.0437963,0.426604,False,False,False,False
s141,202,0.1278,0.0026,0.329428,0.0437963,0.426604,False,False,False,False
s141,203,0.5377,0.4099,0.371083,0.0437963,0.426604,False,False,False,False
s141,204,0.1014,0.4363,0.317146,0.0437963,0.426604,False,False,False,False
s141,205,0.1014,0,0.273997,0.0437963,0.426604,False,False,False,False
s141,206,0.5892,0.4878,0.337038,0.0437963,0.426604,False,False,False,False
s141,207,0.5293,0.0599,0.37549,0.0437963,0.426604,False,False,False,False
s141,208,0.4151,0.1142,0.383412,0.0437963,0.426604,False,False,False,False
s141,209,0.5377,0.1226,0.41427,0.0437963,0.426604,False,False,False,False
s141,210,0.668,0.1303,0.465016,0.0437963,0.426604,False,False,True,False
s141,211,0.1285,0.5395,0.397713,0.0437963,0.426604,False,False,False,False
s141,212,0.1528,0.0243,0.34873,0.0437963,0.426604,False,False,False,False
s141,213,0.3868,0.234,0.356344,0.0437963,0.426604,False,False,False,False
s141,214,0.4348,0.048,0.372035,0.0437963,0.426604,False,False,False,False
s141,215,0.5377,0.1029,0.405168,0.0437963,0.426604,False,False,False,False
s141,216,0.5377,0,0.431675,0.0437963,0.426604,False,False,False,False
s141,217,0.4151,0.1226,0.42836,0.0437963,0.426604,False,False,False,False
s141,218,0.4069,0.0082,0.424068,0.0437963,0.426604,False,False,False,False
s141,219,0.2627,0.1442,0.391794,0.0437963,0.426604,False,False,False,False
s141,220,0.2627,0,0.365975,0.0437963,0.426604,False,False,False,True
s141,221,0.5815,0.3188,0.40908,0.0437963,0.426604,False,False,False,True
s141,222,0.5377,0.0438,0.434804,0.0437963,0.426604,False,False,False,True
s141,223,0.4348,0.1029,0.434803,0.0437963,0.426604,False,False,False,True
s141,224,0.0848,0.35,0.364803,0.0437963,0.426604,False,False,False,False
s141,225,0.0848,0,0.308802,0.0437963,0.426604,False,False,False,False
s141,226,0.0848,0,0.264002,0.0437963,0.426604,False,False,False,False
s141,227,0.0848,0,0.228161,0.0437963,0.426604,False,False,False,False
s141,228,0.3868,0.302,0.259889,0.0437963,0.426604,False,False,False,False
s141,229,0.4348,0.048,0.294871,0.0437963,0.426604,False,False,False,False
s141,230,0.4348,0,0.322857,0.0437963,0.426604,False,False,False,False
s141,231,0.1789,0.2559,0.294066,0.0437963,0.426604,False,False,False,False
s141,232,0.554,0.3751,0.346052,0.0437963,0.426604,False,False,False,False
s141,233,0.6895,0.1355,0.414742,0.0437963,0.426604,False,False,True,False
s141,234,0.1939,0.4956,0.370574,0.0437963,0.426604,False,False,False,False
s141,235,0.0848,0.1091,0.313419,0.0437963,0.426604,False,False,False,False
s141,236,0.1528,0.068,0.281295,0.0437963,0.426604,False,False,False,False
s141,237,0.4348,0.282,0.311996,0.0437963,0.426604,False,False,False,False
s141,238,0.1528,0.282,0.280157,0.0437963,0.426604,False,False,False,False
s141,239,0.1972,0.0444,0.263565,0.0437963,0.426604,False,False,False,False
s141,240,0.2942,0.097,0.269692,0.0437963,0.426604,False,False,False,False
s141,241,0.4348,0.1406,0.302714,0.0437963,0.426604,False,False,False,False
s141,242,0.1105,0.3243,0.264271,0.0437963,0.426604,False,False,False,False
s141,243,0.554,0.4435,0.322217,0.0437963,0.426604,False,False,False,False
s141,244,0.1278,0.4262,0.283334,0.0437963,0.426604,False,False,False,False
s141,245,0.1939,0.0661,0.265447,0.0437963,0.426604,False,False,False,False
s141,246,0.1939,0,0.251137,0.0437963,0.426604,False,False,False,False
s141,247,0.1012,0.0927,0.22115,0.0437963,0.426604,False,False,False,False
s141,248,0.1012,0,0.19716,0.0437963,0.426604,False,False,False,False
s141,249,0.1021,0.0009,0.178148,0.0437963,0.426604,False,False,False,False
s141,250,0.0958,0.0063,0.161678,0.0437963,0.426604,False,False,False,False
s141,251,0.1021,0.0063,0.149763,0.0437963,0.426604,False,False,False,True
s141,252,0.1972,0.0951,0.15925,0.0437963,0.426604,False,False,False,True
s141,253,0.2973,0.1001,0.18686,0.0437963,0.426604,False,False,False,False
s141,254,0.0848,0.2125,0.166448,0.0437963,0.426604,False,False,False,False
s141,255,0.2973,0.2125,0.192618,0.0437963,0.426604,False,False,False,False
s141,256,0.2973,0,0.213555,0.0437963,0.426604,False,False,False,False
s141,257,0.4695,0.1722,0.264744,0.0437963,0.426604,False,False,False,False
s141,258,0.1232,0.3463,0.236435,0.0437963,0.426604,False,False,False,False
s141,259,0.1972,0.074,0.228588,0.0437963,0.426604,False,False,False,False
s141,260,0.1232,0.074,0.20751,0.0437963,0.426604,False,False,False,False
s141,261,0.4695,0.3463,0.259908,0.0437963,0.426604,False,False,False,False
s141,262,0.1939,0.2756,0.246707,0.0437963,0.426604,False,False,False,False
s141,263,0.4695,0.2756,0.291265,0.0437963,0.426604,False,False,False,False
s141,264,0.1939,0.2756,0.271792,0.0437963,0.426604,False,False,False,False
s141,265,0.4695,0.2756,0.311334,0.0437963,0.426604,False,False,False,False
s141,266,0.1972,0.2723,0.288507,0.0437963,0.426604,False,False,False,False
s141,267,0.1021,0.0951,0.251226,0.0437963,0.426604,False,False,False,False
s141,268,0.4695,0.3674,0.294881,0.0437963,0.426604,False,False,False,False
s141,269,0.4695,0,0.329804,0.0437963,0.426604,False,False,False,False
s141,270,0.2431,0.2264,0.312464,0.0437963,0.426604,False,False,False,False
s141,271,0.2973,0.0542,0.309431,0.0437963,0.426604,False,False,False,False
s141,272,0.0958,0.2015,0.266705,0.0437963,0.426604,False,False,False,False
s141,273,0.4695,0.3737,0.307264,0.0437963,0.426604,False,False,False,False
s141,274,0.2973,0.1722,0.305271,0.0437963,0.426604,False,False,False,False
s141,275,0.2973,0,0.303677,0.0437963,0.426604,False,False,False,False
s141,276,0.4695,0.1722,0.336841,0.0437963,0.426604,False,False,False,False
s141,277,0.0958,0.3737,0.288633,0.0437963,0.426604,False,False,False,False
s141,278,0.1021,0.0063,0.251327,0.0437963,0.426604,False,False,False,False
s141,279,0.4695,0.3674,0.294961,0.0437963,0.426604,False,False,False,False
s141,280,0.0645,0.405,0.248869,0.0437963,0.426604,False,False,False,False
s141,281,0.4695,0.405,0.292995,0.0437963,0.426604,False,False,False,False
s141,282,0.1939,0.2756,0.273176,0.0437963,0.426604,False,False,False,False
s141,283,0.1384,0.0555,0.246221,0.0437963,0.426604,False,False,False,False
s141,284,0.3822,0.2438,0.273417,0.0437963,0.426604,False,False,False,False
s141,285,0.1384,0.2438,0.246413,0.0437963,0.426604,False,False,False,False
s141,286,0.1384,0,0.224811,0.0437963,0.426604,False,False,False,False
s141,287,0.3822,0.2438,0.256289,0.0437963,0.426604,False,False,False,False
s141,288,0.3822,0,0.281471,0.0437963,0.426604,False,False,False,False
s141,289,0.2631,0.1191,0.277797,0.0437963,0.426604,False,False,False,False
s141,290,0.0958,0.1673,0.241397,0.0437963,0.426604,False,False,False,False
s141,291,0.2973,0.2015,0.252578,0.0437963,0.426604,False,False,False,False
s141,292,0.3822,0.0849,0.278502,0.0437963,0.426604,False,False,False,False
s141,293,0.1384,0.2438,0.250482,0.0437963,0.426604,False,False,False,False
s141,294,0.0645,0.0739,0.213285,0.0437963,0.426604,False,False,False,False
s141,295,0.3822,0.3177,0.247068,0.0437963,0.426604,False,False,False,False
s141,296,0.5065,0.1243,0.298955,0.0437963,0.426604,False,False,False,False
s141,297,0.1021,0.4044,0.259584,0.0437963,0.426604,False,False,False,False
s141,298,0.2631,0.161,0.260287,0.0437963,0.426604,False,False,False,False
s141,299,0.2631,0,0.26085,0.0437963,0.426604,False,False,False,False
s141,300,0.3246,0.0615,0.2736,0.0437963,0.426604,False,False,False,False
s141,301,0.0645,0.2601,0.23178,0.0437963,0.426604,False,False,False,False
s141,302,0.3647,0.3002,0.258364,0.0437963,0.426604,False,False,False,False
s141,303,0.2501,0.1146,0.256711,0.0437963,0.426604,False,False,False,False
s141,304,0.5065,0.2564,0.306669,0.0437963,0.426604,False,False,False,False
s141,305,0.0645,0.442,0.258235,0.0437963,0.426604,False,False,False,False
s141,306,0.3647,0.3002,0.279528,0.0437963,0.426604,False,False,False,False
s141,307,0.3822,0.0175,0.300062,0.0437963,0.426604,False,False,False,False
s141,308,0.3822,0,0.31649,0.0437963,0.426604,False,False,False,False
s141,309,0.0958,0.2864,0.272352,0.0437963,0.426604,False,False,False,False
s141,310,0.3822,0.2864,0.294322,0.0437963,0.426604,False,False,False,False
s141,311,0.3822,0,0.311897,0.0437963,0.426604,False,False,False,False
s141,312,0.2501,0.1321,0.299538,0.0437963,0.426604,False,False,False,False
s141,313,0.2501,0,0.28965,0.0437963,0.426604,False,False,False,False
s141,314,0.4493,0.1992,0.32158,0.0437963,0.426604,False,False,False,False
s141,315,0.4493,0,0.347124,0.0437963,0.426604,False,False,False,False
s141,316,0.2631,0.1862,0.330319,0.0437963,0.426604,False,False,False,False
s141,317,0.1209,0.1422,0.288435,0.0437963,0.426604,False,False,False,False
s141,318,0.5065,0.3856,0.332048,0.0437963,0.426604,False,False,False,False
s141,319,0.1548,0.3517,0.296599,0.0437963,0.426604,False,False,False,False
s141,320,0.4493,0.2945,0.327139,0.0437963,0.426604,False,False,False,False
s141,321,0.4493,0,0.351571,0.0437963,0.426604,False,False,False,False
s141,322,0.2501,0.1992,0.331277,0.0437963,0.426604,False,False,False,False
s141,323,0.2501,0,0.315042,0.0437963,0.426604,False,False,False,False
s141,324,0.5065,0.2564,0.353333,0.0437963,0.426604,False,False,False,False
s141,325,0.5195,0.013,0.386567,0.0437963,0.426604,False,False,False,False
s141,326,0.1939,0.3256,0.348033,0.0437963,0.426604,False,False,False,False
s141,327,0.2501,0.0562,0.328447,0.0437963,0.426604,False,False,False,False
s141,328,0.3178,0.0677,0.326317,0.0437963,0.426604,False,False,False,False
s141,329,0.6225,0.3047,0.385554,0.0437963,0.426604,False,False,False,False
s141,330,0.1487,0.4738,0.338183,0.0437963,0.426604,False,False,False,False
s141,331,0.0319,0.1168,0.276926,0.0437963,0.426604,False,False,False,False
s141,332,0.4493,0.4174,0.311401,0.0437963,0.426604,False,False,False,False
s141,333,0.4382,0.0111,0.336761,0.0437963,0.426604,False,False,False,False
s141,334,0.5065,0.0683,0.370709,0.0437963,0.426604,False,False,False,False
s141,335,0.3178,0.1887,0.360127,0.0437963,0.426604,False,False,False,False
s141,336,0.0645,0.2533,0.301002,0.0437963,0.426604,False,False,False,False
s141,337,0.1974,0.1329,0.280281,0.0437963,0.426604,False,False,False,False
s141,338,0.1974,0,0.263705,0.0437963,0.426604,False,False,False,False
s141,339,0.1974,0,0.250444,0.0437963,0.426604,False,False,False,False
s141,340,0.1548,0.0426,0.231315,0.0437963,0.426604,False,False,False,False
s141,341,0.1487,0.0061,0.214792,0.0437963,0.426604,False,False,False,False
s141,342,0.3963,0.2476,0.251094,0.0437963,0.426604,False,False,False,False
s141,343,0.1548,0.2415,0.231835,0.0437963,0.426604,False,False,False,False
s141,344,0.1487,0.0061,0.215208,0.0437963,0.426604,False,False,False,False
s141,345,0.5195,0.3708,0.276066,0.0437963,0.426604,False,False,False,False
s141,346,0.1974,0.3221,0.260333,0.0437963,0.426604,False,False,False,False
s141,347,0.2501,0.0527,0.258286,0.0437963,0.426604,False,False,False,False
s141,348,0.2631,0.013,0.259249,0.0437963,0.426604,False,False,False,False
s141,349,0.2157,0.0474,0.250539,0.0437963,0.426604,False,False,False,False
s141,350,0.1148,0.1009,0.223391,0.0437963,0.426604,False,False,False,False
s141,351,0.4493,0.3345,0.268573,0.0437963,0.426604,False,False,False,False
s141,352,0.0319,0.4174,0.221239,0.0437963,0.426604,False,False,False,False
s141,353,0.0319,0,0.183371,0.0437963,0.426604,False,False,False,False
s141,354,0.1318,0.0999,0.173057,0.0437963,0.426604,False,False,False,False
s141,355,0.3963,0.2645,0.217705,0.0437963,0.426604,False,False,False,False
s141,356,0.3963,0,0.253424,0.0437963,0.426604,False,False,False,False
s141,357,0.3963,0,0.281999,0.0437963,0.426604,False,False,False,False
s141,358,0.5065,0.1102,0.3269,0.0437963,0.426604,False,False,False,False
s141,359,0.1487,0.3578,0.29126,0.0437963,0.426604,False,False,False,False
s141,360,0.2631,0.1144,0.285628,0.0437963,0.426604,False,False,False,False
s141,361,0.2157,0.0474,0.271642,0.0437963,0.426604,False,False,False,False
s141,362,0.5065,0.2908,0.318614,0.0437963,0.426604,False,False,False,False
s141,363,0.1318,0.3747,0.281251,0.0437963,0.426604,False,False,False,False
s141,364,0.1318,0,0.251361,0.0437963,0.426604,False,False,False,False
s141,365,0.0539,0.0779,0.211869,0.0437963,0.426604,False,False,False,False
s141,366,0.0319,0.022,0.175875,0.0437963,0.426604,False,False,False,False
s141,367,0.1318,0.0999,0.16706,0.0437963,0.426604,False,False,False,False
s141,368,0.1318,0,0.160008,0.0437963,0.426604,False,False,False,False
s141,369,0.2157,0.0839,0.171146,0.0437963,0.426604,False,False,False,False
s141,370,0.1487,0.067,0.166657,0.0437963,0.426604,False,False,False,True
s141,371,0.2501,0.1014,0.183346,0.0437963,0.426604,False,False,False,False
s141,372,0.1034,0.1467,0.167357,0.0437963,0.426604,False,False,False,False
s141,373,0.1148,0.0114,0.156845,0.0437963,0.426604,False,False,False,False
s141,374,0.3963,0.2815,0.204736,0.0437963,0.426604,False,False,False,False
s141,375,0.1487,0.2476,0.193529,0.0437963,0.426604,False,False,False,False
s141,376,0.6225,0.4738,0.279323,0.0437963,0.426604,False,False,False,False
s141,377,0.2157,0.4068,0.266599,0.0437963,0.426604,False,False,False,False
s141,378,0.3178,0.1021,0.276839,0.0437963,0.426604,False,False,False,False
s141,379,0.1974,0.1204,0.260951,0.0437963,0.426604,False,False,False,False
s141,380,0.1974,0,0.248241,0.0437963,0.426604,False,False,False,False
s141,381,0.1034,0.094,0.219273,0.0437963,0.426604,False,False,False,False
s141,382,0.0594,0.044,0.187298,0.0437963,0.426604,False,False,False,False
s141,383,0.1318,0.0724,0.176199,0.0437963,0.426604,False,False,False,False
s141,384,0.2157,0.0839,0.184099,0.0437963,0.426604,False,False,False,False
s141,385,0.1034,0.1123,0.167959,0.0437963,0.426604,False,False,False,False
s141,386,0.6225,0.5191,0.258867,0.0437963,0.426604,False,False,False,False
s141,387,0.1075,0.515,0.228594,0.0437963,0.426604,False,False,False,False
s141,388,0.1318,0.0243,0.209235,0.0437963,0.426604,False,False,False,False
s141,389,0.1487,0.0169,0.197128,0.0437963,0.426604,False,False,False,False
s141,390,0.0922,0.0565,0.176142,0.0437963,0.426604,False,False,False,False
s141,391,0.0594,0.0328,0.152794,0.0437963,0.426604,False,False,False,False
s141,392,0.0995,0.0401,0.142135,0.0437963,0.426604,False,False,False,False
s141,393,0.6225,0.523,0.238208,0.0437963,0.426604,False,False,False,False
s141,394,0.2157,0.4068,0.233706,0.0437963,0.426604,False,False,False,False
s141,395,0.1034,0.1123,0.207645,0.0437963,0.426604,False,False,False,False
s141,396,0.2157,0.1123,0.209256,0.0437963,0.426604,False,False,False,False
s141,397,0.0594,0.1563,0.179285,0.0437963,0.426604,False,False,False,False
s141,398,0.1974,0.138,0.182908,0.0437963,0.426604,False,False,False,False
s141,399,0.0667,0.1307,0.159666,0.0437963,0.426604,False,False,False,False
s141,400,0.0667,0,0.141073,0.0437963,0.426604,False,False,False,False
s141,401,0.0594,0.0073,0.124738,0.0437963,0.426604,False,False,False,True
s141,402,0.2631,0.2037,0.152411,0.0437963,0.426604,False,False,False,False
s141,403,0.0594,0.2037,0.133809,0.0437963,0.426604,False,False,False,False
s141,404,0.3963,0.3369,0.186307,0.0437963,0.426604,False,False,False,False
s141,405,0.3963,0,0.228306,0.0437963,0.426604,False,False,False,False
s141,406,0.0594,0.3369,0.194524,0.0437963,0.426604,False,False,False,False
s141,407,0.5762,0.5168,0.27086,0.0437963,0.426604,False,False,False,False
s141,408,0.1974,0.3788,0.256168,0.0437963,0.426604,False,False,False,False
s141,409,0.3963,0.1989,0.284194,0.0437963,0.426604,False,False,False,False
s141,410,0.1318,0.2645,0.253715,0.0437963,0.426604,False,False,False,False
s141,411,0.5762,0.4444,0.318212,0.0437963,0.426604,False,False,False,False
s141,412,0.1974,0.3788,0.29405,0.0437963,0.426604,False,False,False,False
s141,413,0.0594,0.138,0.24712,0.0437963,0.426604,False,False,False,False
s141,414,0.5762,0.5168,0.312936,0.0437963,0.426604,False,False,False,False
s141,415,0.5461,0.0301,0.359569,0.0437963,0.426604,False,False,False,False
s141,416,0.3963,0.1498,0.366915,0.0437963,0.426604,False,False,False,False
s141,417,0.0922,0.3041,0.311972,0.0437963,0.426604,False,False,False,False
s141,418,0.5762,0.484,0.364818,0.0437963,0.426604,False,False,False,False
s141,419,0.2336,0.3426,0.338574,0.0437963,0.426604,False,False,False,False
s141,420,0.2666,0.033,0.324179,0.0437963,0.426604,False,False,False,False
s141,421,0.6225,0.3559,0.383843,0.0437963,0.426604,False,False,False,False
s141,422,0.2336,0.3889,0.353795,0.0437963,0.426604,False,False,False,False
s141,423,0.1974,0.0362,0.322516,0.0437963,0.426604,False,False,False,False
s141,424,0.3963,0.1989,0.337273,0.0437963,0.426604,False,False,False,False
s141,425,0.3336,0.0627,0.336538,0.0437963,0.426604,False,False,False,False
s141,426,0.5461,0.2125,0.37845,0.0437963,0.426604,False,False,False,False
s141,427,0.5762,0.0301,0.418,0.0437963,0.426604,False,False,False,False
s141,428,0.6121,0.0359,0.45682,0.0437963,0.426604,False,False,False,False
s141,429,0.5548,0.0573,0.476416,0.0437963,0.426604,False,False,True,False
s141,430,0.3336,0.2212,0.447853,0.0437963,0.426604,False,False,False,False
s141,431,0.6121,0.2785,0.480702,0.0437963,0.426604,False,False,True,True
s141,432,0.5762,0.0359,0.499802,0.0437963,0.426604,False,False,True,True
s141,433,0.6121,0.0359,0.522262,0.0437963,0.426604,False,False,True,True
s141,434,0.3336,0.2785,0.484529,0.0437963,0.426604,False,False,False,True
s141,435,0.3336,0,0.454343,0.0437963,0.426604,False,False,False,True
s141,436,0.0594,0.2742,0.375355,0.0437963,0.426604,False,False,False,False
s141,437,0.1305,0.0711,0.326384,0.0437963,0.426604,False,False,False,False
s141,438,0.1702,0.0397,0.295147,0.0437963,0.426604,False,False,False,False
s141,439,0.5548,0.3846,0.347078,0.0437963,0.426604,False,False,False,False
s141,440,0.5548,0,0.388622,0.0437963,0.426604,False,False,False,False
s141,441,0.1702,0.3846,0.344938,0.0437963,0.426604,False,False,False,False
s141,442,0.3844,0.2142,0.35283,0.0437963,0.426604,False,False,False,False
s141,443,0.1339,0.2505,0.309044,0.0437963,0.426604,False,False,False,False
s141,444,0.1339,0,0.274015,0.0437963,0.426604,False,False,False,False
s141,445,0.1305,0.0034,0.245312,0.0437963,0.426604,False,False,False,False
s141,446,0.1414,0.0109,0.22453,0.0437963,0.426604,False,False,False,False
s141,447,0.1339,0.0075,0.206404,0.0437963,0.426604,False,False,False,False
s141,448,0.1339,0,0.191903,0.0437963,0.426604,False,False,False,False
s141,449,0.6121,0.4782,0.275942,0.0437963,0.426604,False,False,False,False
s141,450,0.3278,0.2843,0.286314,0.0437963,0.426604,False,False,False,False
s141,451,0.1972,0.1306,0.268491,0.0437963,0.426604,False,False,False,False
s141,452,0.6545,0.4573,0.345693,0.0437963,0.426604,False,False,False,False
s141,453,0.6545,0,0.407454,0.0437963,0.426604,False,True,False,False
s141,454,0.3053,0.3492,0.387023,0.0437963,0.426604,False,False,False,False
s141,455,0.2324,0.0729,0.356099,0.0437963,0.426604,False,False,False,False
s141,456,0.2207,0.0117,0.329019,0.0437963,0.426604,False,False,False,False
s141,457,0.3053,0.0846,0.324275,0.0437963,0.426604,False,False,False,False
s141,458,0.1532,0.1521,0.29006,0.0437963,0.426604,False,False,False,False
s141,459,0.0928,0.0604,0.250608,0.0437963,0.426604,False,False,False,False
s141,460,0.4527,0.3599,0.291027,0.0437963,0.426604,False,False,False,False
s141,461,0.3835,0.0692,0.309521,0.0437963,0.426604,False,False,False,False
s141,462,0.0854,0.2981,0.264697,0.0437963,0.426604,False,False,False,False
s141,463,0.3835,0.2981,0.288458,0.0437963,0.426604,False,False,False,False
s141,464,0.1199,0.2636,0.254746,0.0437963,0.426604,False,False,False,False
s141,465,0.2879,0.168,0.261377,0.0437963,0.426604,False,False,False,False
s141,466,0.3053,0.0174,0.270161,0.0437963,0.426604,False,False,False,False
s141,467,0.2879,0.0174,0.273709,0.0437963,0.426604,False,False,False,False
s141,468,0.1339,0.154,0.245747,0.0437963,0.426604,False,False,False,False
s141,469,0.66,0.5261,0.328598,0.0437963,0.426604,False,False,False,False
s141,470,0.4527,0.2073,0.353418,0.0437963,0.426604,False,False,False,False
s141,471,0.2879,0.1648,0.340315,0.0437963,0.426604,False,False,False,False
s141,472,0.2084,0.0795,0.313932,0.0437963,0.426604,False,False,False,False
s141,473,0.1186,0.0898,0.274865,0.0437963,0.426604,False,False,False,False
s141,474,0.0928,0.0258,0.238452,0.0437963,0.426604,False,False,False,False
s141,475,0.1797,0.0869,0.226702,0.0437963,0.426604,False,False,False,False
s141,476,0.5671,0.3874,0.294781,0.0437963,0.426604,False,False,False,False
s141,477,0.2879,0.2792,0.293405,0.0437963,0.426604,False,False,False,False
s141,478,0.1262,0.1617,0.259964,0.0437963,0.426604,False,False,False,False
s141,479,0.1972,0.071,0.247411,0.0437963,0.426604,False,False,False,False
s141,480,0.0697,0.1275,0.211869,0.0437963,0.426604,False,False,False,False
s141,481,0.2879,0.2182,0.227075,0.0437963,0.426604,False,False,False,False
s141,482,0.2324,0.0555,0.22814,0.0437963,0.426604,False,False,False,False
s141,483,0.4527,0.2203,0.273052,0.0437963,0.426604,False,False,False,False
s141,484,0.66,0.2073,0.350442,0.0437963,0.426604,False,False,False,False
s141,485,0.1116,0.5484,0.302673,0.0437963,0.426604,False,False,False,False
s141,486,0.3835,0.2719,0.318839,0.0437963,0.426604,False,False,False,False
s141,487,0.4527,0.0692,0.345611,0.0437963,0.426604,False,False,False,False
s141,488,0.5671,0.1144,0.389909,0.0437963,0.426604,False,False,False,False
s141,489,0.1339,0.4332,0.338707,0.0437963,0.426604,False,False,False,False
s141,490,0.4923,0.3584,0.369426,0.0437963,0.426604,False,False,False,False
s141,491,0.4677,0.0246,0.38908,0.0437963,0.426604,False,False,True,False
s141,492,0.2207,0.247,0.355404,0.0437963,0.426604,False,False,False,False
s141,493,0.7513,0.5306,0.434584,0.0437963,0.426604,False,False,False,False
s141,494,0.0697,0.6816,0.361607,0.0437963,0.426604,False,False,False,False
s141,495,0.0928,0.0231,0.307845,0.0437963,0.426604,False,False,False,False
s141,496,0.3835,0.2907,0.322976,0.0437963,0.426604,False,False,False,False
s141,497,0.2324,0.1511,0.304861,0.0437963,0.426604,False,False,False,False
s141,498,0.1262,0.1062,0.269129,0.0437963,0.426604,False,False,False,False
s141,499,0.4541,0.3279,0.306123,0.0437963,0.426604,False,False,False,False
s141,500,0.1219,0.3322,0.269278,0.0437963,0.426604,False,False,False,False
s141,501,0.2324,0.1105,0.261903,0.0437963,0.426604,False,False,False,False
s141,502,0.4527,0.2203,0.300062,0.0437963,0.426604,False,False,False,False
s141,503,0.3844,0.0683,0.31693,0.0437963,0.426604,False,False,False,False
s141,504,0.1443,0.2401,0.282404,0.0437963,0.426604,False,False,False,False
s141,505,0.0928,0.0515,0.244483,0.0437963,0.426604,False,False,False,False
s141,506,0.1186,0.0258,0.219306,0.0437963,0.426604,False,False,False,False
s141,507,0.1043,0.0143,0.196305,0.0437963,0.426604,False,False,False,False
s141,508,0.3835,0.2792,0.233744,0.0437963,0.426604,False,False,False,False
s141,509,0.5608,0.1773,0.299155,0.0437963,0.426604,False,False,False,False
s141,510,0.1186,0.4422,0.263044,0.0437963,0.426604,False,False,False,False
s141,511,0.1386,0.02,0.238155,0.0437963,0.426604,False,False,False,False
s141,512,0.1797,0.0411,0.226464,0.0437963,0.426604,False,False,False,False
s141,513,0.1262,0.0535,0.206411,0.0437963,0.426604,False,False,False,False
s141,514,0.1846,0.0584,0.202049,0.0437963,0.426604,False,False,False,False
s141,515,0.2777,0.0931,0.217179,0.0437963,0.426604,False,False,False,False
s141,516,0.1186,0.1591,0.197463,0.0437963,0.426604,False,False,False,False
s141,517,0.2062,0.0876,0.199211,0.0437963,0.426604,False,False,False,False
s141,518,0.3053,0.0991,0.220429,0.0437963,0.426604,False,False,False,False
s141,519,0.4527,0.1474,0.266883,0.0437963,0.426604,False,False,False,False
s141,520,0.2324,0.2203,0.259986,0.0437963,0.426604,False,False,False,False
s141,521,0.1797,0.0527,0.243929,0.0437963,0.426604,False,False,False,False
s141,522,0.4527,0.273,0.285683,0.0437963,0.426604,False,False,False,False
s141,523,0.7513,0.2986,0.378807,0.0437963,0.426604,False,False,False,False
s141,524,0.148,0.6033,0.332645,0.0437963,0.426604,False,False,False,False
s141,525,0.2777,0.1297,0.321656,0.0437963,0.426604,False,False,False,False
s141,526,0.148,0.1297,0.286925,0.0437963,0.426604,False,False,False,False
s141,527,0.12,0.028,0.25354,0.0437963,0.426604,False,False,False,False
s141,528,0.148,0.028,0.232432,0.0437963,0.426604,False,False,False,False
s141,529,0.0928,0.0552,0.204506,0.0437963,0.426604,False,False,False,False
s141,530,0.1262,0.0334,0.188844,0.0437963,0.426604,False,False,False,False
s141,531,0.1905,0.0643,0.189176,0.0437963,0.426604,False,False,False,False
s141,532,0.0928,0.0977,0.1699,0.0437963,0.426604,False,False,False,False
s141,533,0.0854,0.0074,0.153,0.0437963,0.426604,False,False,False,True
s141,534,0.0928,0.0074,0.14096,0.0437963,0.426604,False,False,False,True
s141,535,0.0502,0.0426,0.122808,0.0437963,0.426604,False,False,False,True
s141,536,0.0928,0.0426,0.116807,0.0437963,0.426604,False,False,False,True
s141,537,0.1386,0.0458,0.121165,0.0437963,0.426604,False,False,False,True
s141,538,0.2324,0.0938,0.143412,0.0437963,0.426604,False,False,False,True
s141,539,0.9433,0.7109,0.30339,0.0437963,0.426604,True,False,False,False
s141,540,0.1199,0.8234,0.266692,0.0437963,0.426604,False,False,False,False
s141,541,0.1386,0.0187,0.241073,0.0437963,0.426604,False,False,False,False
s141,542,0.1043,0.0343,0.213719,0.0437963,0.426604,False,False,False,False
s141,543,0.2062,0.1019,0.212215,0.0437963,0.426604,False,False,False,False
s141,544,0.148,0.0582,0.199372,0.0437963,0.426604,False,False,False,False
s141,545,0.1099,0.0381,0.181478,0.0437963,0.426604,False,False,False,False
s141,546,0.2243,0.1144,0.190042,0.0437963,0.426604,False,False,False,False
s141,547,0.1099,0.1144,0.174014,0.0437963,0.426604,False,False,False,True
s141,548,0.2243,0.1144,0.184071,0.0437963,0.426604,False,False,False,True
s141,549,0.3197,0.0954,0.211197,0.0437963,0.426604,False,False,False,False
s141,550,0.148,0.1717,0.198557,0.0437963,0.426604,False,False,False,False
s141,551,0.2243,0.0763,0.203706,0.0437963,0.426604,False,False,False,False
s141,552,0.2243,0,0.207825,0.0437963,0.426604,False,False,False,False
s141,553,0.2243,0,0.21112,0.0437963,0.426604,False,False,False,False
s141,554,0.2145,0.0098,0.211796,0.0437963,0.426604,False,False,False,False
s141,555,0.0928,0.1217,0.187997,0.0437963,0.426604,False,False,False,False
s141,556,0.2243,0.1315,0.195257,0.0437963,0.426604,False,False,False,False
s141,557,0.1043,0.12,0.177066,0.0437963,0.426604,False,False,False,True
s141,558,0.2324,0.1281,0.188133,0.0437963,0.426604,False,False,False,True
s141,559,0.1443,0.0881,0.179366,0.0437963,0.426604,False,False,False,True
s141,560,0.12,0.0243,0.167493,0.0437963,0.426604,False,False,False,True
s141,561,0.1287,0.0087,0.159734,0.0437963,0.426604,False,False,False,True
s141,562,0.1287,0,0.153527,0.0437963,0.426604,False,False,False,True
s141,563,0.1905,0.0618,0.160922,0.0437963,0.426604,False,False,False,True
s141,564,0.0502,0.1403,0.138778,0.0437963,0.426604,False,False,False,True
s141,565,0.148,0.0978,0.140622,0.0437963,0.426604,False,False,False,True
s141,566,0.1099,0.0381,0.134478,0.0437963,0.426604,False,False,False,True
s141,567,0.2324,0.1225,0.154062,0.0437963,0.426604,False,False,False,True
s141,568,0.148,0.0844,0.15285,0.0437963,0.426604,False,False,False,True
s141,569,0.1099,0.0381,0.14426,0.0437963,0.426604,False,False,False,True
s141,570,0.9433,0.8334,0.304068,0.0437963,0.426604,True,False,False,False
s141,571,0.1099,0.8334,0.265234,0.0437963,0.426604,False,False,False,False
s141,572,0.2243,0.1144,0.257047,0.0437963,0.426604,False,False,False,False
s141,573,0.0854,0.1389,0.222718,0.0437963,0.426604,False,False,False,False
s141,574,0.1287,0.0433,0.203914,0.0437963,0.426604,False,False,False,False
s141,575,0.2062,0.0775,0.204371,0.0437963,0.426604,False,False,False,False
s141,576,0.1043,0.1019,0.184357,0.0437963,0.426604,False,False,False,False
s141,577,0.3197,0.2154,0.211426,0.0437963,0.426604,False,False,False,False
s141,578,0.1054,0.2143,0.190221,0.0437963,0.426604,False,False,False,False
s141,579,0.12,0.0146,0.176176,0.0437963,0.426604,False,False,False,False
s141,580,0.1386,0.0186,0.168661,0.0437963,0.426604,False,False,False,False
s141,581,0.1054,0.0332,0.156009,0.0437963,0.426604,False,False,False,False
s141,582,0.5671,0.4617,0.238227,0.0437963,0.426604,False,False,False,False
s141,583,0.1972,0.3699,0.230022,0.0437963,0.426604,False,False,False,False
s141,584,0.0574,0.1398,0.195497,0.0437963,0.426604,False,False,False,False
s141,585,0.2148,0.1574,0.199358,0.0437963,0.426604,False,False,False,False
s141,586,0.1054,0.1094,0.180566,0.0437963,0.426604,False,False,False,False
s141,587,0.3912,0.2858,0.222693,0.0437963,0.426604,False,False,False,False
s141,588,0.1099,0.2813,0.200134,0.0437963,0.426604,False,False,False,False
s141,589,0.1054,0.0045,0.181188,0.0437963,0.426604,False,False,False,False
s141,590,0.1054,0,0.16603,0.0437963,0.426604,False,False,False,False
s141,591,0.148,0.0426,0.162424,0.0437963,0.426604,False,False,False,False
s141,592,0.1054,0.0426,0.151019,0.0437963,0.426604,False,False,False,False
s141,593,0.2148,0.1094,0.163775,0.0437963,0.426604,False,False,False,False
s141,594,0.1099,0.1049,0.153,0.0437963,0.426604,False,False,False,False
s141,595,0.5671,0.4572,0.23582,0.0437963,0.426604,False,False,False,False
s141,596,0.12,0.4471,0.212656,0.0437963,0.426604,False,False,False,False
s141,597,0.1054,0.0146,0.191205,0.0437963,0.426604,False,False,False,False
s141,598,0.12,0.0146,0.176964,0.0437963,0.426604,False,False,False,False
s141,599,0.1797,0.0597,0.177511,0.0437963,0.426604,False,False,False,False
s141,600,0.1287,0.051,0.167749,0.0437963,0.426604,False,False,False,False
s141,601,0.2062,0.0775,0.175439,0.0437963,0.426604,False,False,False,False
s141,602,0.2084,0.0022,0.182031,0.0437963,0.426604,False,False,False,False
s141,603,0.255,0.0466,0.196625,0.0437963,0.426604,False,False,False,False
s141,604,0.255,0,0.2083,0.0437963,0.426604,False,False,False,False
s141,605,0.1972,0.0578,0.20608,0.0437963,0.426604,False,False,False,False
s141,606,0.255,0.0578,0.215864,0.0437963,0.426604,False,False,False,False
s141,607,0.2666,0.0116,0.226011,0.0437963,0.426604,False,False,False,False
s141,608,0.255,0.0116,0.231809,0.0437963,0.426604,False,False,False,False
s141,609,0.1532,0.1018,0.216087,0.0437963,0.426604,False,False,False,False
s141,610,0.2666,0.1134,0.22619,0.0437963,0.426604,False,False,False,False
s141,611,0.2148,0.0518,0.223912,0.0437963,0.426604,False,False,False,False
s141,612,0.1155,0.0993,0.202229,0.0437963,0.426604,False,False,False,False
s141,613,0.1155,0,0.184884,0.0437963,0.426604,False,False,False,False
s141,614,0.1155,0,0.171007,0.0437963,0.426604,False,False,False,False
s141,615,0.1155,0,0.159905,0.0437963,0.426604,False,False,False,False
s141,616,0.1155,0,0.151024,0.0437963,0.426604,False,False,False,False
s141,617,0.1155,0,0.14392,0.0437963,0.426604,False,False,False,False
s141,618,0.1155,0,0.138236,0.0437963,0.426604,False,False,False,True
s141,619,0.1662,0.0507,0.143828,0.0437963,0.426604,False,False,False,True
s141,620,0.3835,0.2173,0.191763,0.0437963,0.426604,False,False,False,False
s141,621,0.1155,0.268,0.17651,0.0437963,0.426604,False,False,False,False
s141,622,0.1649,0.0494,0.174188,0.0437963,0.426604,False,False,False,False
s141,623,0.255,0.0901,0.190351,0.0437963,0.426604,False,False,False,False
s141,624,0.1649,0.0901,0.18526,0.0437963,0.426604,False,False,False,False
s141,625,0.3835,0.2186,0.224908,0.0437963,0.426604,False,False,False,False
s141,626,0.2209,0.1626,0.224107,0.0437963,0.426604,False,False,False,False
s141,627,0.1771,0.0438,0.214705,0.0437963,0.426604,False,False,False,False
s141,628,0.2209,0.0438,0.215944,0.0437963,0.426604,False,False,False,False
s141,629,0.1662,0.0547,0.205995,0.0437963,0.426604,False,False,False,False
s141,630,0.2209,0.0547,0.208976,0.0437963,0.426604,False,False,False,False
s141,631,0.1155,0.1054,0.190281,0.0437963,0.426604,False,False,False,False
s141,632,0.2247,0.1092,0.197165,0.0437963,0.426604,False,False,False,False
s141,633,0.3835,0.1588,0.234432,0.0437963,0.426604,False,False,False,False
s141,634,0.0852,0.2983,0.204586,0.0437963,0.426604,False,False,False,False
s141,635,0.1649,0.0797,0.196648,0.0437963,0.426604,False,False,False,False
s141,636,0.2209,0.056,0.201499,0.0437963,0.426604,False,False,False,False
s141,637,0.2247,0.0038,0.206139,0.0437963,0.426604,False,False,False,False
s141,638,0.2209,0.0038,0.209091,0.0437963,0.426604,False,False,False,False
s141,639,0.1026,0.1183,0.187793,0.0437963,0.426604,False,False,False,False
s141,640,0.2666,0.164,0.203554,0.0437963,0.426604,False,False,False,False
s141,641,0.3646,0.098,0.235763,0.0437963,0.426604,False,False,False,False
s141,642,0.2158,0.1488,0.231771,0.0437963,0.426604,False,False,False,False
s141,643,0.1662,0.0496,0.218657,0.0437963,0.426604,False,False,False,False
s141,644,0.1771,0.0109,0.210345,0.0437963,0.426604,False,False,False,False
s141,645,0.3835,0.2064,0.244976,0.0437963,0.426604,False,False,False,False
s141,646,0.2247,0.1588,0.240921,0.0437963,0.426604,False,False,False,False
s141,647,0.1026,0.1221,0.213257,0.0437963,0.426604,False,False,False,False
s141,648,0.1026,0,0.191125,0.0437963,0.426604,False,False,False,False
s141,649,0.1771,0.0745,0.18832,0.0437963,0.426604,False,False,False,False
s141,650,0.3646,0.1875,0.223576,0.0437963,0.426604,False,False,False,False
s141,651,0.3646,0,0.251781,0.0437963,0.426604,False,False,False,False
s141,652,0.1649,0.1997,0.234405,0.0437963,0.426604,False,False,False,False
s141,653,0.2158,0.0509,0.230684,0.0437963,0.426604,False,False,False,False
s141,654,0.3085,0.0927,0.246247,0.0437963,0.426604,False,False,False,False
s141,655,0.1155,0.193,0.220098,0.0437963,0.426604,False,False,False,False
s141,656,0.2158,0.1003,0.219238,0.0437963,0.426604,False,False,False,False
s141,657,0.2545,0.0387,0.226291,0.0437963,0.426604,False,False,False,False
s141,658,0.2158,0.0387,0.224192,0.0437963,0.426604,False,False,False,False
s141,659,0.2545,0.0387,0.230254,0.0437963,0.426604,False,False,False,False
s141,660,0.3085,0.054,0.245903,0.0437963,0.426604,False,False,False,False
s141,661,0.3085,0,0.258423,0.0437963,0.426604,False,False,False,False
s141,662,0.2358,0.0727,0.253898,0.0437963,0.426604,False,False,False,False
s141,663,0.2209,0.0149,0.247298,0.0437963,0.426604,False,False,False,False
s141,664,0.2358,0.0149,0.244999,0.0437963,0.426604,False,False,False,False
s141,665,0.3646,0.1288,0.268919,0.0437963,0.426604,False,False,False,False
s141,666,0.3835,0.0189,0.291835,0.0437963,0.426604,False,False,False,False
s141,667,0.2158,0.1677,0.276628,0.0437963,0.426604,False,False,False,False
s141,668,0.1026,0.1132,0.241823,0.0437963,0.426604,False,False,False,False
s141,669,0.1771,0.0745,0.228878,0.0437963,0.426604,False,False,False,False
s141,670,0.3085,0.1314,0.244802,0.0437963,0.426604,False,False,False,False
s141,671,0.1054,0.2031,0.216922,0.0437963,0.426604,False,False,False,False
s141,672,0.1649,0.0595,0.206518,0.0437963,0.426604,False,False,False,False
s141,673,0.2358,0.0709,0.212374,0.0437963,0.426604,False,False,False,False
s141,674,0.1771,0.0587,0.205319,0.0437963,0.426604,False,False,False,False
s141,675,0.2247,0.0476,0.209195,0.0437963,0.426604,False,False,False,False
s141,676,0.3085,0.0838,0.229056,0.0437963,0.426604,False,False,False,False
s141,677,0.2158,0.0927,0.226405,0.0437963,0.426604,False,False,False,False
s141,678,0.2158,0,0.224284,0.0437963,0.426604,False,False,False,False
s141,679,0.2158,0,0.222587,0.0437963,0.426604,False,False,False,False
s141,680,0.2247,0.0089,0.22301,0.0437963,0.426604,False,False,False,False
s141,681,0.2358,0.0111,0.225568,0.0437963,0.426604,False,False,False,False
s141,682,0.2158,0.02,0.223614,0.0437963,0.426604,False,False,False,False
s141,683,0.1026,0.1132,0.199411,0.0437963,0.426604,False,False,False,False
s141,684,0.1054,0.0028,0.180609,0.0437963,0.426604,False,False,False,False
s141,685,0.166,0.0606,0.177687,0.0437963,0.426604,False,False,False,False
s141,686,0.2545,0.0885,0.19305,0.0437963,0.426604,False,False,False,False
s141,687,0.166,0.0885,0.18764,0.0437963,0.426604,False,False,False,False
s141,688,0.2545,0.0885,0.201012,0.0437963,0.426604,False,False,False,False
s141,689,0.3092,0.0547,0.22265,0.0437963,0.426604,False,False,False,False
s141,690,0.166,0.1432,0.21132,0.0437963,0.426604,False,False,False,False
s141,691,0.2158,0.0498,0.212216,0.0437963,0.426604,False,False,False,False
s141,692,0.166,0.0498,0.202973,0.0437963,0.426604,False,False,False,False
s141,693,0.1316,0.0344,0.188698,0.0437963,0.426604,False,False,False,False
s141,694,0.2247,0.0931,0.195898,0.0437963,0.426604,False,False,False,False
s141,695,0.1649,0.0598,0.189699,0.0437963,0.426604,False,False,False,False
s141,696,0.1771,0.0122,0.187179,0.0437963,0.426604,False,False,False,False
s141,697,0.4611,0.284,0.241963,0.0437963,0.426604,False,False,False,False
s141,698,0.1786,0.2825,0.229291,0.0437963,0.426604,False,False,False,False
s141,699,0.2141,0.0355,0.226252,0.0437963,0.426604,False,False,False,False
s141,700,0.2677,0.0536,0.234542,0.0437963,0.426604,False,False,False,False
s141,701,0.3092,0.0415,0.249474,0.0437963,0.426604,False,False,False,False
s141,702,0.2141,0.0951,0.242399,0.0437963,0.426604,False,False,False,False
s141,703,0.4257,0.2116,0.279059,0.0437963,0.426604,False,False,False,False
s141,704,0.1771,0.2486,0.258667,0.0437963,0.426604,False,False,False,False
s141,705,0.2141,0.037,0.249754,0.0437963,0.426604,False,False,False,False
s141,706,0.1026,0.1115,0.220323,0.0437963,0.426604,False,False,False,False
s141,707,0.3085,0.2059,0.237958,0.0437963,0.426604,False,False,False,False
s141,708,0.1026,0.2059,0.210887,0.0437963,0.426604,False,False,False,False
s141,709,0.2141,0.1115,0.211529,0.0437963,0.426604,False,False,False,False
s141,710,0.166,0.0481,0.202424,0.0437963,0.426604,False,False,False,False
s141,711,0.2141,0.0481,0.204759,0.0437963,0.426604,False,False,False,False
s141,712,0.1649,0.0492,0.196787,0.0437963,0.426604,False,False,False,False
s141,713,0.2141,0.0492,0.20025,0.0437963,0.426604,False,False,False,False
s141,714,0.2162,0.0021,0.20344,0.0437963,0.426604,False,False,False,False
s141,715,0.2162,0,0.205992,0.0437963,0.426604,False,False,False,True
s141,716,0.4895,0.2733,0.262693,0.0437963,0.426604,False,False,False,False
s141,717,0.3646,0.1249,0.283075,0.0437963,0.426604,False,False,False,False
s141,718,0.3085,0.0561,0.28816,0.0437963,0.426604,False,False,False,False
s141,719,0.2141,0.0944,0.273348,0.0437963,0.426604,False,False,False,False
s141,720,0.2677,0.0536,0.272218,0.0437963,0.426604,False,False,False,False
s141,721,0.0835,0.1842,0.234475,0.0437963,0.426604,False,False,False,False
s141,722,0.2252,0.1417,0.23262,0.0437963,0.426604,False,False,False,False
s141,723,0.2134,0.0118,0.228776,0.0437963,0.426604,False,False,False,False
s141,724,0.2134,0,0.225701,0.0437963,0.426604,False,False,False,False
s141,725,0.2162,0.0028,0.2238,0.0437963,0.426604,False,False,False,False
s141,726,0.2134,0.0028,0.22172,0.0437963,0.426604,False,False,False,False
s141,727,0.0683,0.1451,0.191036,0.0437963,0.426604,False,False,False,False
s141,728,0.4611,0.3928,0.245049,0.0437963,0.426604,False,False,False,False
s141,729,0.2411,0.22,0.244259,0.0437963,0.426604,False,False,False,False
s141,730,0.0683,0.1728,0.209067,0.0437963,0.426604,False,False,False,False
s141,731,0.2134,0.1451,0.209934,0.0437963,0.426604,False,False,False,False
s141,732,0.2134,0,0.210627,0.0437963,0.426604,False,False,False,False
s141,733,0.2134,0,0.211182,0.0437963,0.426604,False,False,False,False
s141,734,0.2241,0.0107,0.213765,0.0437963,0.426604,False,False,False,False
s141,735,0.1631,0.061,0.203632,0.0437963,0.426604,False,False,False,False
s141,736,0.1658,0.0027,0.196066,0.0437963,0.426604,False,False,False,False
s141,737,0.1658,0,0.190013,0.0437963,0.426604,False,False,False,True
s141,738,0.2845,0.1187,0.20891,0.0437963,0.426604,False,False,False,False
s141,739,0.1288,0.1557,0.192888,0.0437963,0.426604,False,False,False,False
s141,740,0.1658,0.037,0.18747,0.0437963,0.426604,False,False,False,False
s141,741,0.3236,0.1578,0.214696,0.0437963,0.426604,False,False,False,False
s141,742,0.2845,0.0391,0.228657,0.0437963,0.426604,False,False,False,False
s141,743,0.0947,0.1898,0.201866,0.0437963,0.426604,False,False,False,False
s141,744,0.2763,0.1816,0.216753,0.0437963,0.426604,False,False,False,False
s141,745,0.1658,0.1105,0.206562,0.0437963,0.426604,False,False,False,False
s141,746,0.2845,0.1187,0.22215,0.0437963,0.426604,False,False,False,False
s141,747,0.2763,0.0082,0.23298,0.0437963,0.426604,False,False,False,False
s141,748,0.2763,0,0.241644,0.0437963,0.426604,False,False,False,False
s141,749,0.3194,0.0431,0.257195,0.0437963,0.426604,False,False,False,False
s141,750,0.2845,0.0349,0.262656,0.0437963,0.426604,False,False,False,False
s141,751,0.1392,0.1453,0.237965,0.0437963,0.426604,False,False,False,False
s141,752,0.4587,0.3195,0.282112,0.0437963,0.426604,False,False,False,False
s141,753,0.3549,0.1038,0.296669,0.0437963,0.426604,False,False,False,False
s141,754,1.5773,1.2224,0.552796,0.0437963,0.426604,True,False,False,False
s141,755,0.2763,1.301,0.497496,0.0437963,0.426604,False,False,False,False
s141,756,0.2134,0.0629,0.440677,0.0437963,0.426604,False,False,False,False
s141,757,0.2134,0,0.395222,0.0437963,0.426604,False,False,False,False
s141,758,0.1288,0.0846,0.341937,0.0437963,0.426604,False,False,False,False
s141,759,0.1392,0.0104,0.30139,0.0437963,0.426604,False,False,False,False
s141,760,0.1527,0.0135,0.271652,0.0437963,0.426604,False,False,False,False
s141,761,0.1288,0.0239,0.243082,0.0437963,0.426604,False,False,False,False
s141,762,0.1527,0.0239,0.225005,0.0437963,0.426604,False,False,False,False
s141,763,1.2271,1.0744,0.425424,0.0437963,0.426604,True,False,False,False
s141,764,0.1527,1.0744,0.370879,0.0437963,0.426604,False,False,False,False
s141,765,0.2134,0.0607,0.339383,0.0437963,0.426604,False,False,False,False
s141,766,0.1527,0.0607,0.302047,0.0437963,0.426604,False,False,False,False
s141,767,0.1528,0.0001,0.272197,0.0437963,0.426604,False,False,False,False
s141,768,0.1527,0.0001,0.248298,0.0437963,0.426604,False,False,False,False
s141,769,1.5773,1.4246,0.514098,0.0437963,0.426604,True,False,False,False
s141,770,0.1658,1.4115,0.444439,0.0437963,0.426604,False,False,False,False
s141,771,0.387,0.2212,0.432951,0.0437963,0.426604,False,False,False,False
s141,772,0.5703,0.1833,0.460421,0.0437963,0.426604,False,False,False,False
s141,773,0.6141,0.0438,0.491157,0.0437963,0.426604,False,False,False,False
s141,774,0.5997,0.0144,0.512865,0.0437963,0.426604,False,False,False,False
s141,775,0.113,0.4867,0.432892,0.0437963,0.426604,False,False,False,False
s141,776,0.6141,0.5011,0.469134,0.0437963,0.426604,False,False,True,False
s141,777,0.5703,0.0438,0.489367,0.0437963,0.426604,False,False,True,False
s141,778,0.3745,0.1958,0.466394,0.0437963,0.426604,False,False,False,False
s141,779,0.5703,0.1958,0.487175,0.0437963,0.426604,False,False,False,False
s141,780,0.4229,0.1474,0.47432,0.0437963,0.426604,False,False,False,False
s141,781,0.5703,0.1474,0.493516,0.0437963,0.426604,False,False,False,False
s141,782,0.1528,0.4175,0.425373,0.0437963,0.426604,False,False,False,False
s141,783,0.5703,0.4175,0.454358,0.0437963,0.426604,False,False,False,False
s141,784,0.5997,0.0294,0.483427,0.0437963,0.426604,False,False,False,False
s141,785,0.113,0.4867,0.409341,0.0437963,0.426604,False,False,False,False
s141,786,0.113,0,0.350073,0.0437963,0.426604,False,False,False,False
s141,787,0.2602,0.1472,0.332098,0.0437963,0.426604,False,False,False,False
s141,788,0.3307,0.0705,0.331819,0.0437963,0.426604,False,False,False,False
s141,789,0.3307,0,0.331595,0.0437963,0.426604,False,False,False,False
s141,790,0.113,0.2177,0.287876,0.0437963,0.426604,False,False,False,False
s141,791,0.3661,0.2531,0.303521,0.0437963,0.426604,False,False,False,False
s141,792,0.3661,0,0.316037,0.0437963,0.426604,False,False,False,False
s141,793,0.3661,0,0.326049,0.0437963,0.426604,False,False,False,False
s141,794,0.6141,0.248,0.383659,0.0437963,0.426604,False,False,False,False
s141,795,0.3745,0.2396,0.381828,0.0437963,0.426604,False,False,False,False
s141,796,0.2602,0.1143,0.357502,0.0437963,0.426604,False,False,False,False
s141,797,0.5703,0.3101,0.400062,0.0437963,0.426604,False,False,False,False
s141,798,0.4411,0.1292,0.408269,0.0437963,0.426604,False,False,False,True
s141,799,0.4411,0,0.414835,0.0437963,0.426604,False,False,False,True
s141,800,0.1541,0.287,0.362688,0.0437963,0.426604,False,False,False,False
s141,801,0.2241,0.07,0.334971,0.0437963,0.426604,False,False,False,False
s141,802,0.4411,0.217,0.356197,0.0437963,0.426604,False,False,False,False
s141,803,0.3307,0.1104,0.351097,0.0437963,0.426604,False,False,False,False
s141,804,0.4832,0.1525,0.377518,0.0437963,0.426604,False,False,False,False
s141,805,0.2903,0.1929,0.360074,0.0437963,0.426604,False,False,False,False
s141,806,0.4832,0.1929,0.384699,0.0437963,0.426604,False,False,False,False
s141,807,0.1818,0.3014,0.34412,0.0437963,0.426604,False,False,False,False
s141,808,0.4411,0.2593,0.363516,0.0437963,0.426604,False,False,False,False
s141,809,0.1818,0.2593,0.327172,0.0437963,0.426604,False,False,False,False
s141,810,0.4832,0.3014,0.358378,0.0437963,0.426604,False,False,False,False
s141,811,0.4832,0,0.383342,0.0437963,0.426604,False,False,False,False
s141,812,0.6078,0.1246,0.428234,0.0437963,0.426604,False,False,True,False
s141,813,0.4508,0.157,0.432747,0.0437963,0.426604,False,False,True,False
s141,814,0.2942,0.1566,0.405038,0.0437963,0.426604,False,False,False,False
s141,815,0.2903,0.0039,0.38209,0.0437963,0.426604,False,False,False,False
s141,816,0.6078,0.3175,0.427232,0.0437963,0.426604,False,False,False,False
s141,817,0.5433,0.0645,0.450446,0.0437963,0.426604,False,False,False,True
s141,818,0.3885,0.1548,0.438057,0.0437963,0.426604,False,False,False,True
s141,819,0.2942,0.0943,0.409285,0.0437963,0.426604,False,False,False,True
s141,820,0.6078,0.3136,0.448988,0.0437963,0.426604,False,False,False,True
s141,821,0.33,0.2778,0.425191,0.0437963,0.426604,False,False,False,True
s141,822,0.4411,0.1111,0.428372,0.0437963,0.426604,False,False,False,True
s141,823,0.4832,0.0421,0.439338,0.0437963,0.426604,False,False,False,True
s141,824,0.0613,0.4219,0.36373,0.0437963,0.426604,False,False,False,False
s141,825,0.2105,0.1492,0.333084,0.0437963,0.426604,False,False,False,False
s141,826,0.1541,0.0564,0.297287,0.0437963,0.426604,False,False,False,False
s141,827,0.2677,0.1136,0.29137,0.0437963,0.426604,False,False,False,False
s141,828,0.4411,0.1734,0.321316,0.0437963,0.426604,False,False,False,False
s141,829,0.2942,0.1469,0.315893,0.0437963,0.426604,False,False,False,False
s141,830,0.5367,0.2425,0.360054,0.0437963,0.426604,False,False,False,False
s141,831,0.1541,0.3826,0.318863,0.0437963,0.426604,False,False,False,False
s141,832,0.2233,0.0692,0.299751,0.0437963,0.426604,False,False,False,False
s141,833,0.2233,0,0.284461,0.0437963,0.426604,False,False,False,False
s141,834,0.3862,0.1629,0.304808,0.0437963,0.426604,False,False,False,False
s141,835,0.3559,0.0303,0.315027,0.0437963,0.426604,False,False,False,False
s141,836,0.33,0.0259,0.318021,0.0437963,0.426604,False,False,False,False
s141,837,0.3378,0.0078,0.321977,0.0437963,0.426604,False,False,False,False
s141,838,0.33,0.0078,0.323582,0.0437963,0.426604,False,False,False,False
s141,839,0.3357,0.0057,0.326005,0.0437963,0.426604,False,False,False,False
s141,840,0.3378,0.0021,0.328364,0.0437963,0.426604,False,False,False,False
s141,841,0.3104,0.0274,0.324771,0.0437963,0.426604,False,False,False,True
s141,842,0.33,0.0196,0.325817,0.0437963,0.426604,False,False,False,True
s141,843,0.4508,0.1208,0.350814,0.0437963,0.426604,False,False,False,True
s141,844,0.33,0.1208,0.346651,0.0437963,0.426604,False,False,False,True
s141,845,0.1407,0.1893,0.305461,0.0437963,0.426604,False,False,False,False
s141,846,0.3514,0.2107,0.314649,0.0437963,0.426604,False,False,False,False
s141,847,0.2733,0.0781,0.306379,0.0437963,0.426604,False,False,False,False
s141,848,0.2048,0.0685,0.286063,0.0437963,0.426604,False,False,False,False
s141,849,0.1376,0.0672,0.25637,0.0437963,0.426604,False,False,False,False
s141,850,0.095,0.0426,0.224096,0.0437963,0.426604,False,False,False,False
s141,851,0.07,0.025,0.193277,0.0437963,0.426604,False,False,False,False
s141,852,0.2677,0.1977,0.208162,0.0437963,0.426604,False,False,False,False
s141,853,0.07,0.1977,0.180529,0.0437963,0.426604,False,False,False,False
s141,854,0.3378,0.2678,0.211983,0.0437963,0.426604,False,False,False,False
s141,855,0.2233,0.1145,0.214247,0.0437963,0.426604,False,False,False,False
s141,856,0.2498,0.0265,0.221357,0.0437963,0.426604,False,False,False,False
s141,857,0.11,0.1398,0.199086,0.0437963,0.426604,False,False,False,False
s141,858,0.8033,0.6933,0.319929,0.0437963,0.426604,False,False,False,False
s141,859,0.5433,0.26,0.364603,0.0437963,0.426604,False,False,False,False
s141,860,0.5724,0.0291,0.406162,0.0437963,0.426604,False,False,False,False
s141,861,0.6141,0.0417,0.44775,0.0437963,0.426604,False,False,True,False
s141,862,0.8033,0.1892,0.51886,0.0437963,0.426604,False,False,True,False
s141,863,0.1,0.7033,0.435088,0.0437963,0.426604,False,False,False,False
s141,864,0.3885,0.2885,0.42577,0.0437963,0.426604,False,False,False,False
s141,865,0.1407,0.2478,0.368756,0.0437963,0.426604,False,False,False,False
s141,866,0.6081,0.4674,0.416625,0.0437963,0.426604,False,False,False,False
s141,867,0.7449,0.1368,0.48228,0.0437963,0.426604,False,False,False,False
s141,868,0.2041,0.5408,0.426644,0.0437963,0.426604,False,False,False,False
s141,869,0.07,0.1341,0.355315,0.0437963,0.426604,False,False,False,False
s141,870,0.11,0.04,0.306252,0.0437963,0.426604,False,False,False,False
s141,871,0.2048,0.0948,0.285962,0.0437963,0.426604,False,False,False,False
s141,872,0.11,0.0948,0.250769,0.0437963,0.426604,False,False,False,False
s141,873,0.095,0.015,0.219616,0.0437963,0.426604,False,False,False,False
s141,874,0.2779,0.1829,0.231272,0.0437963,0.426604,False,False,False,False
s141,875,0.118,0.1599,0.208618,0.0437963,0.426604,False,False,False,False
s141,876,0.7449,0.6269,0.315874,0.0437963,0.426604,False,False,False,False
s141,877,0.0669,0.678,0.266079,0.0437963,0.426604,False,False,False,False
s141,878,0.0669,0,0.226244,0.0437963,0.426604,False,False,False,False
s141,879,0.7449,0.678,0.329975,0.0437963,0.426604,False,False,False,False
s141,880,0.2779,0.467,0.31956,0.0437963,0.426604,False,False,False,False
s141,881,0.3543,0.0764,0.326508,0.0437963,0.426604,False,False,False,False
s141,882,0.3543,0,0.332066,0.0437963,0.426604,False,False,False,False
s141,883,0.0669,0.2874,0.279033,0.0437963,0.426604,False,False,False,False
s141,884,0.1514,0.0845,0.253506,0.0437963,0.426604,False,False,False,False
s141,885,0.5405,0.3891,0.310905,0.0437963,0.426604,False,False,False,False
s141,886,0.1514,0.3891,0.279004,0.0437963,0.426604,False,False,False,False
s141,887,0.1151,0.0363,0.246223,0.0437963,0.426604,False,False,False,False
s141,888,0.1151,0,0.219999,0.0437963,0.426604,False,False,False,False
s141,889,0.1463,0.0312,0.205259,0.0437963,0.426604,False,False,False,False
s141,890,0.116,0.0303,0.187407,0.0437963,0.426604,False,False,False,False
s141,891,0.5503,0.4343,0.259986,0.0437963,0.426604,False,False,False,False
s141,892,0.4698,0.0805,0.301949,0.0437963,0.426604,False,False,False,False
s141,893,0.0802,0.3896,0.257599,0.0437963,0.426604,False,False,False,False
s141,894,0.0802,0,0.222119,0.0437963,0.426604,False,False,False,False
s141,895,0.3543,0.2741,0.248555,0.0437963,0.426604,False,False,False,False
s141,896,0.3514,0.0029,0.269124,0.0437963,0.426604,False,False,False,False
s141,897,0.118,0.2334,0.238899,0.0437963,0.426604,False,False,False,False
s141,898,0.116,0.002,0.214319,0.0437963,0.426604,False,False,False,False
s141,899,0.089,0.027,0.189256,0.0437963,0.426604,False,False,False,False
s141,900,0.0802,0.0088,0.167444,0.0437963,0.426604,False,False,False,False
s141,901,0.089,0.0088,0.151756,0.0437963,0.426604,False,False,False,False
s141,902,0.0727,0.0163,0.135944,0.0437963,0.426604,False,False,False,False
s141,903,0.5996,0.5269,0.228676,0.0437963,0.426604,False,False,False,False
s141,904,0.5405,0.0591,0.29104,0.0437963,0.426604,False,False,False,False
s141,905,0.1151,0.4254,0.255852,0.0437963,0.426604,False,False,False,False
s141,906,0.0802,0.0349,0.220722,0.0437963,0.426604,False,False,False,False
s141,907,0.1151,0.0349,0.199598,0.0437963,0.426604,False,False,False,False
s141,908,0.0727,0.0424,0.174218,0.0437963,0.426604,False,False,False,False
s141,909,0.0802,0.0075,0.155414,0.0437963,0.426604,False,False,False,False
s141,910,0.116,0.0358,0.147532,0.0437963,0.426604,False,False,False,False
s141,911,0.1099,0.0061,0.140005,0.0437963,0.426604,False,False,False,False
s141,912,0.5996,0.4897,0.231924,0.0437963,0.426604,False,False,False,False
s141,913,0.116,0.4836,0.208739,0.0437963,0.426604,False,False,False,False
s141,914,0.3968,0.2808,0.246351,0.0437963,0.426604,False,False,False,False
s141,915,0.0513,0.3455,0.207341,0.0437963,0.426604,False,False,False,False
s141,916,0.0513,0,0.176133,0.0437963,0.426604,False,False,False,False
s141,917,0.0513,0,0.151166,0.0437963,0.426604,False,False,False,False
s141,918,0.0513,0,0.131193,0.0437963,0.426604,False,False,False,False
s141,919,0.5405,0.4892,0.213054,0.0437963,0.426604,False,False,False,False
s141,920,,,0.213054,0.0437963,0.426604,False,False,False,False
s141,921,0.0891,,0.188264,0.0437963,0.426604,False,False,False,False
s141,922,0.4698,0.3807,0.244571,0.0437963,0.426604,False,False,False,False
s141,923,,,0.244571,0.0437963,0.426604,False,False,False,False
s141,924,0.5503,,0.305717,0.0437963,0.426604,False,False,False,False
s141,925,0.0968,0.4535,0.263933,0.0437963,0.426604,False,False,False,False
s141,926,0.5503,0.4535,0.321207,0.0437963,0.426604,False,False,False,False
s141,927,0.0802,0.4701,0.273005,0.0437963,0.426604,False,False,False,False
s141,928,,,0.273005,0.0437963,0.426604,False,False,False,False
s141,929,0.5996,,0.338324,0.0437963,0.426604,False,False,False,False
s141,930,0.5864,0.0132,0.387939,0.0437963,0.426604,False,False,False,False
s141,931,0.5864,0,0.427632,0.0437963,0.426604,False,False,False,False
s141,932,0.5864,0,0.459385,0.0437963,0.426604,False,False,True,False
s141,933,0.4698,0.1166,0.461468,0.0437963,0.426604,False,False,True,False
s141,934,0.0513,0.4185,0.379435,0.0437963,0.426604,False,False,False,False
s141,935,3.225,3.1737,0.948548,0.0437963,0.426604,True,False,True,False
s141,936,0.1245,3.1005,0.783738,0.0437963,0.426604,False,False,False,False
s141,937,0.3033,0.1788,0.68765,0.0437963,0.426604,False,False,False,False
s141,938,3.225,2.9217,1.19512,0.0437963,0.426604,True,False,False,False
s141,939,0.1292,3.0958,0.981936,0.0437963,0.426604,False,False,False,False
s141,940,0.0891,0.0401,0.803369,0.0437963,0.426604,False,False,False,False
s141,941,0.1245,0.0354,0.667595,0.0437963,0.426604,False,False,False,False
s141,942,0.1245,0,0.558976,0.0437963,0.426604,False,False,False,False
s141,943,3.225,3.1005,1.09218,0.0437963,0.426604,True,False,False,False
s141,944,0.1006,3.1244,0.893865,0.0437963,0.426604,False,False,False,False
s141,945,0.1245,0.0239,0.739992,0.0437963,0.426604,False,False,False,False
s141,946,3.225,3.1005,1.23699,0.0437963,0.426604,True,False,False,False
s141,947,0.4463,2.7787,1.07885,0.0437963,0.426604,False,False,False,False
s141,948,,,1.07885,0.0437963,0.426604,False,False,False,False
s141,949,3.225,,1.50808,0.0437963,0.426604,True,False,False,False
s141,950,3.225,0,1.85147,0.0437963,0.426604,True,True,True,False
s141,951,0.1271,3.0979,1.50659,0.0437963,0.426604,False,False,False,False
s141,952,0.2936,0.1665,1.26399,0.0437963,0.426604,False,False,False,False
s141,953,0.2048,0.0888,1.05216,0.0437963,0.426604,False,False,False,False
s141,954,0.2361,0.0313,0.888945,0.0437963,0.426604,False,False,False,False
s141,955,0.4463,0.2102,0.800416,0.0437963,0.426604,False,False,False,False
s141,956,0.3033,0.143,0.700993,0.0437963,0.426604,False,False,False,False
s141,957,0.1036,0.1997,0.581514,0.0437963,0.426604,False,False,False,False
s141,958,0.1271,0.0235,0.490631,0.0437963,0.426604,False,False,False,False
s141,959,0.4256,0.2985,0.477625,0.0437963,0.426604,False,False,False,False
s141,960,0.4463,0.0207,0.47136,0.0437963,0.426604,False,False,False,False
s141,961,0.3033,0.143,0.437748,0.0437963,0.426604,False,False,False,False
s141,962,0.4256,0.1223,0.435318,0.0437963,0.426604,False,False,False,False
s141,963,0.5996,0.174,0.468175,0.0437963,0.426604,False,False,False,False
s141,964,0.1271,0.4725,0.39996,0.0437963,0.426604,False,False,False,False
s141,965,0.1292,0.0021,0.345808,0.0437963,0.426604,False,False,False,False
s141,966,0.1245,0.0047,0.301546,0.0437963,0.426604,False,False,False,False
s141,967,0.2048,0.0803,0.282197,0.0437963,0.426604,False,False,False,False
s141,968,0.1556,0.0492,0.256878,0.0437963,0.426604,False,False,False,False
s141,969,0.2361,0.0805,0.252722,0.0437963,0.426604,False,False,False,False
s141,970,0.0727,0.1634,0.216718,0.0437963,0.426604,False,False,False,False
s141,971,0.4463,0.3736,0.262634,0.0437963,0.426604,False,False,False,False
s141,972,0.0727,0.3736,0.224647,0.0437963,0.426604,False,False,False,False
s141,973,0.0727,0,0.194258,0.0437963,0.426604,False,False,False,False
s141,974,0.4256,0.3529,0.240526,0.0437963,0.426604,False,False,False,False
s141,975,0.1271,0.2985,0.217841,0.0437963,0.426604,False,False,False,False
s141,976,0.0452,0.0819,0.183313,0.0437963,0.426604,False,False,False,False
s141,977,0.1099,0.0647,0.16863,0.0437963,0.426604,False,False,False,False
s141,978,0.2048,0.0949,0.175864,0.0437963,0.426604,False,False,False,False
s141,979,0.2048,0,0.181651,0.0437963,0.426604,False,False,False,False
s141,980,0.1556,0.0492,0.176441,0.0437963,0.426604,False,False,False,False
s141,981,0.1271,0.0285,0.166573,0.0437963,0.426604,False,False,False,False
s141,982,0.1556,0.0285,0.164378,0.0437963,0.426604,False,False,False,True
s141,983,0.0585,0.0971,0.143203,0.0437963,0.426604,False,False,False,True
s141,984,0.0585,0,0.126262,0.0437963,0.426604,False,False,False,True
s141,985,3.225,3.1665,0.74601,0.0437963,0.426604,True,False,False,False
s141,986,0.4256,2.7994,0.681928,0.0437963,0.426604,False,False,False,False
s141,987,0.2342,0.1914,0.592382,0.0437963,0.426604,False,False,False,False
s141,988,0.1796,0.0546,0.509826,0.0437963,0.426604,False,False,False,False
s141,989,0.2393,0.0597,0.455721,0.0437963,0.426604,False,False,False,False
s141,990,0.1556,0.0837,0.395696,0.0437963,0.426604,False,False,False,False
s141,991,0.4256,0.27,0.401677,0.0437963,0.426604,False,False,False,False
s141,992,0.0585,0.3671,0.333042,0.0437963,0.426604,False,False,False,False
s141,993,0.2048,0.1463,0.307393,0.0437963,0.426604,False,False,False,False
s141,994,0.4786,0.2738,0.341635,0.0437963,0.426604,False,False,False,False
s141,995,,,0.341635,0.0437963,0.426604,False,False,False,False
s141,996,0.5512,,0.383548,0.0437963,0.426604,False,False,False,False
s141,997,0.4256,0.1256,0.391958,0.0437963,0.426604,False,False,False,False
s141,998,0.0716,0.354,0.327887,0.0437963,0.426604,False,False,False,False
s141,999,0.633,0.5614,0.388909,0.0437963,0.426604,False,False,False,False
s141,1000,0.1556,0.4774,0.342247,0.0437963,0.426604,False,False,False,False
s141,1001,0.1036,0.052,0.294518,0.0437963,0.426604,False,False,False,False
s141,1002,0.4786,0.375,0.331334,0.0437963,0.426604,False,False,False,False
s141,1003,0.0881,0.3905,0.282687,0.0437963,0.426604,False,False,False,False
s141,1004,0.4786,0.3905,0.32187,0.0437963,0.426604,False,False,False,False
s141,1005,0.5864,0.1078,0.374776,0.0437963,0.426604,False,False,False,False
s141,1006,0.4256,0.1608,0.384941,0.0437963,0.426604,False,False,False,False
s141,1007,0.7449,0.3193,0.456933,0.0437963,0.426604,False,False,False,False
s141,1008,0.1509,0.594,0.395726,0.0437963,0.426604,False,False,False,False
s141,1009,0.6008,0.4499,0.436741,0.0437963,0.426604,False,False,False,False
s141,1010,0.4256,0.1752,0.434513,0.0437963,0.426604,False,False,False,False
s141,1011,0.6008,0.1752,0.46777,0.0437963,0.426604,False,False,False,False
s141,1012,0.5512,0.0496,0.484456,0.0437963,0.426604,False,False,False,False
s141,1013,1.013,0.4618,0.590165,0.0437963,0.426604,True,False,True,False
s141,1014,0.1451,0.8679,0.501152,0.0437963,0.426604,False,False,False,False
s141,1015,0.1556,0.0105,0.432042,0.0437963,0.426604,False,False,False,False
s141,1016,0.1451,0.0105,0.374653,0.0437963,0.426604,False,False,False,False
s141,1017,0.2393,0.0942,0.347583,0.0437963,0.426604,False,False,False,False
s141,1018,0.167,0.0723,0.311466,0.0437963,0.426604,False,False,False,False
s141,1019,0.0585,0.1085,0.260873,0.0437963,0.426604,False,False,False,False
s141,1020,0.1666,0.1081,0.242018,0.0437963,0.426604,False,False,False,False
s141,1021,0.4786,0.312,0.289335,0.0437963,0.426604,False,False,False,False
s141,1022,0.0881,0.3905,0.249088,0.0437963,0.426604,False,False,False,False
s141,1023,0.3166,0.2285,0.26259,0.0437963,0.426604,False,False,False,False
s141,1024,0.5611,0.2445,0.322292,0.0437963,0.426604,False,False,False,False
s141,1025,0.3426,0.2185,0.326354,0.0437963,0.426604,False,False,False,False
s141,1026,0.3981,0.0555,0.340703,0.0437963,0.426604,False,False,False,False
s141,1027,0.3411,0.057,0.340782,0.0437963,0.426604,False,False,False,False
s141,1028,0.0881,0.253,0.290246,0.0437963,0.426604,False,False,False,False
s141,1029,0.167,0.0789,0.265597,0.0437963,0.426604,False,False,False,False
s141,1030,0.0897,0.0773,0.230417,0.0437963,0.426604,False,False,False,False
s141,1031,0.2867,0.197,0.241674,0.0437963,0.426604,False,False,False,False
s141,1032,0.5508,0.2641,0.303499,0.0437963,0.426604,False,False,False,False
s141,1033,0.2867,0.2641,0.300139,0.0437963,0.426604,False,False,False,False
s141,1034,0.1451,0.1416,0.269131,0.0437963,0.426604,False,False,False,False
s141,1035,0.5508,0.4057,0.325465,0.0437963,0.426604,False,False,False,False
s141,1036,0.4557,0.0951,0.351512,0.0437963,0.426604,False,False,False,False
s141,1037,0.3426,0.1131,0.34973,0.0437963,0.426604,False,False,False,False
s141,1038,0.4557,0.1131,0.370924,0.0437963,0.426604,False,False,False,False
s141,1039,0.4256,0.0301,0.381859,0.0437963,0.426604,False,False,False,False
s141,1040,0.3927,0.0329,0.384027,0.0437963,0.426604,False,False,False,False
s141,1041,0.2048,0.1879,0.348182,0.0437963,0.426604,False,False,False,False
s141,1042,0.1451,0.0597,0.307565,0.0437963,0.426604,False,False,False,False
s141,1043,0.3411,0.196,0.314272,0.0437963,0.426604,False,False,False,False
s141,1044,0.0841,0.257,0.268238,0.0437963,0.426604,False,False,False,False
s141,1045,0.4235,0.3394,0.29929,0.0437963,0.426604,False,False,False,False
s141,1046,0.3411,0.0824,0.307652,0.0437963,0.426604,False,False,False,False
s141,1047,0.2867,0.0544,0.303462,0.0437963,0.426604,False,False,False,False
s141,1048,0.5611,0.2744,0.354989,0.0437963,0.426604,False,False,False,False
s141,1049,0.2867,0.2744,0.341332,0.0437963,0.426604,False,False,False,False
s141,1050,0.3981,0.1114,0.352685,0.0437963,0.426604,False,False,False,False
s141,1051,0.3208,0.0773,0.346308,0.0437963,0.426604,False,False,False,False
s141,1052,0.0897,0.2311,0.294987,0.0437963,0.426604,False,False,False,False
s141,1053,0.0846,0.0051,0.252909,0.0437963,0.426604,False,False,False,False
s141,1054,0.4391,0.3545,0.290147,0.0437963,0.426604,False,False,False,False
s141,1055,0.3411,0.098,0.300338,0.0437963,0.426604,False,False,False,False
s141,1056,0.1271,0.214,0.26569,0.0437963,0.426604,False,False,False,False
s141,1057,0.0897,0.0374,0.230492,0.0437963,0.426604,False,False,False,False
s141,1058,0.3927,0.303,0.262934,0.0437963,0.426604,False,False,False,False
s141,1059,0.0846,0.3081,0.227267,0.0437963,0.426604,False,False,False,False
s141,1060,0.3411,0.2565,0.250034,0.0437963,0.426604,False,False,False,False
s141,1061,0.3411,0,0.268247,0.0437963,0.426604,False,False,False,False
s141,1062,0.3208,0.0203,0.278758,0.0437963,0.426604,False,False,False,False
s141,1063,0.0897,0.2311,0.240946,0.0437963,0.426604,False,False,False,False
s141,1064,0.0846,0.0051,0.209677,0.0437963,0.426604,False,False,False,False
s141,1065,0.0846,0,0.184661,0.0437963,0.426604,False,False,False,False
s141,1066,0.0936,0.009,0.166449,0.0437963,0.426604,False,False,False,False
s141,1067,0.3166,0.223,0.196479,0.0437963,0.426604,False,False,False,False
s141,1068,0.1114,0.2052,0.179463,0.0437963,0.426604,False,False,False,False
s141,1069,0.0778,0.0336,0.159131,0.0437963,0.426604,False,False,False,False
s141,1070,0.0878,0.01,0.144865,0.0437963,0.426604,False,False,False,False
s141,1071,0.4926,0.4048,0.214412,0.0437963,0.426604,False,False,False,False
s141,1072,0.0897,0.4029,0.189469,0.0437963,0.426604,False,False,False,False
s141,1073,0.0897,0,0.169515,0.0437963,0.426604,False,False,False,False
s141,1074,0.1114,0.0217,0.157892,0.0437963,0.426604,False,False,False,False
s141,1075,0.2867,0.1753,0.183654,0.0437963,0.426604,False,False,False,False
s141,1076,0.459,0.1723,0.238723,0.0437963,0.426604,False,False,False,False
s141,1077,0.7444,0.2854,0.339859,0.0437963,0.426604,False,False,False,False
s141,1078,0.7444,0,0.420767,0.0437963,0.426604,False,True,False,False
s141,1079,0.2729,0.4715,0.391193,0.0437963,0.426604,False,False,False,False
s141,1080,0.1114,0.1615,0.335235,0.0437963,0.426604,False,False,False,False
s141,1081,0.1934,0.082,0.306868,0.0437963,0.426604,False,False,False,False
s141,1082,0.5508,0.3574,0.355654,0.0437963,0.426604,False,False,False,False
s141,1083,0.7444,0.1936,0.433403,0.0437963,0.426604,False,False,False,False
s141,1084,0.6089,0.1355,0.468503,0.0437963,0.426604,False,False,False,False
s141,1085,0.1624,0.4465,0.407282,0.0437963,0.426604,False,False,False,False
s141,1086,0.0897,0.0727,0.343766,0.0437963,0.426604,False,False,False,False
s141,1087,0.2867,0.197,0.332353,0.0437963,0.426604,False,False,False,False
s141,1088,0.1934,0.0933,0.304562,0.0437963,0.426604,False,False,False,False
s141,1089,0.2754,0.082,0.29873,0.0437963,0.426604,False,False,False,False
s141,1090,0.0897,0.1857,0.256924,0.0437963,0.426604,False,False,False,False
s141,1091,0.1812,0.0915,0.241779,0.0437963,0.426604,False,False,False,False
s141,1092,0.1812,0,0.229663,0.0437963,0.426604,False,False,False,False
s141,1093,0.1812,0,0.219971,0.0437963,0.426604,False,False,False,False
s141,1094,0.1812,0,0.212216,0.0437963,0.426604,False,False,False,False
s141,1095,0.1812,0,0.206013,0.0437963,0.426604,False,False,False,False
s141,1096,0.7444,0.5632,0.313691,0.0437963,0.426604,False,False,False,False
s141,1097,0.0778,0.6666,0.266512,0.0437963,0.426604,False,False,False,False
s141,1098,0.0936,0.0158,0.23193,0.0437963,0.426604,False,False,False,False
s141,1099,0.4391,0.3455,0.273364,0.0437963,0.426604,False,False,False,False
s141,1100,0.1755,0.2636,0.253791,0.0437963,0.426604,False,False,False,False
s141,1101,0.0936,0.0819,0.221753,0.0437963,0.426604,False,False,False,False
s141,1102,0.5508,0.4572,0.287562,0.0437963,0.426604,False,False,False,False
s141,1103,0.5508,0,0.34021,0.0437963,0.426604,False,False,False,False
s141,1104,0.5508,0,0.382328,0.0437963,0.426604,False,False,False,False
s141,1105,0.1046,0.4462,0.326782,0.0437963,0.426604,False,False,False,False
s141,1106,0.1755,0.0709,0.296526,0.0437963,0.426604,False,False,False,False
s141,1107,0.4235,0.248,0.321921,0.0437963,0.426604,False,False,False,False
s141,1108,0.2844,0.1391,0.314417,0.0437963,0.426604,False,False,False,False
s141,1109,0.6427,0.3583,0.380073,0.0437963,0.426604,False,False,False,False
s141,1110,0.4926,0.1501,0.402579,0.0437963,0.426604,False,False,False,False
s141,1111,0.1423,0.3503,0.350523,0.0437963,0.426604,False,False,False,False
s141,1112,0.2754,0.1331,0.335498,0.0437963,0.426604,False,False,False,False
s141,1113,0.6427,0.3673,0.396939,0.0437963,0.426604,False,False,False,False
s141,1114,0.2729,0.3698,0.372131,0.0437963,0.426604,False,False,False,False
s141,1115,0.0621,0.2108,0.310125,0.0437963,0.426604,False,False,False,False
s141,1116,0.6427,0.5806,0.37664,0.0437963,0.426604,False,False,False,False
s141,1117,0.4256,0.2171,0.386432,0.0437963,0.426604,False,False,False,False
s141,1118,0.2867,0.1389,0.366485,0.0437963,0.426604,False,False,False,False
s141,1119,0.7444,0.4577,0.442068,0.0437963,0.426604,False,False,False,False
s141,1120,0.2192,0.5252,0.397495,0.0437963,0.426604,False,False,False,False
s141,1121,0.3895,0.1703,0.395896,0.0437963,0.426604,False,False,False,False
s141,1122,0.4235,0.034,0.401417,0.0437963,0.426604,False,False,False,False
s141,1123,0.3033,0.1202,0.381793,0.0437963,0.426604,False,False,False,False
s141,1124,0.2818,0.0215,0.361795,0.0437963,0.426604,False,False,False,False
s141,1125,0.0846,0.1972,0.306356,0.0437963,0.426604,False,False,False,False
s141,1126,0.0778,0.0068,0.260645,0.0437963,0.426604,False,False,False,False
s141,1127,0.4235,0.3457,0.293216,0.0437963,0.426604,False,False,False,False
s141,1128,0.1674,0.2561,0.268053,0.0437963,0.426604,False,False,False,False
s141,1129,0.2844,0.117,0.271322,0.0437963,0.426604,False,False,False,False
s141,1130,0.0878,0.1966,0.234618,0.0437963,0.426604,False,False,False,False
s141,1131,0.1012,0.0134,0.207934,0.0437963,0.426604,False,False,False,False
s141,1132,0.2818,0.1806,0.222707,0.0437963,0.426604,False,False,False,False
s141,1133,0.1046,0.1772,0.199086,0.0437963,0.426604,False,False,False,False
s141,1134,0.7444,0.6398,0.308149,0.0437963,0.426604,False,False,False,False
s141,1135,0.0778,0.6666,0.262079,0.0437963,0.426604,False,False,False,False
s141,1136,0.2818,0.204,0.266023,0.0437963,0.426604,False,False,False,False
s141,1137,0.2844,0.0026,0.269699,0.0437963,0.426604,False,False,False,False
s141,1138,0.3411,0.0567,0.283979,0.0437963,0.426604,False,False,False,False
s141,1139,0.3411,0,0.295403,0.0437963,0.426604,False,False,False,False
s141,1140,,,0.295403,0.0437963,0.426604,False,False,False,False
s141,1141,0.4832,,0.332962,0.0437963,0.426604,False,False,False,False
s141,1142,0.108,0.3752,0.28797,0.0437963,0.426604,False,False,False,False
s141,1143,0.0936,0.0144,0.249096,0.0437963,0.426604,False,False,False,False
s141,1144,0.3553,0.2617,0.270337,0.0437963,0.426604,False,False,False,False
s141,1145,0.5548,0.1995,0.327229,0.0437963,0.426604,False,False,False,False
s141,1146,0.1423,0.4125,0.290244,0.0437963,0.426604,False,False,False,False
s141,1147,0.5548,0.4125,0.343155,0.0437963,0.426604,False,False,False,False
s141,1148,0.1012,0.4536,0.294764,0.0437963,0.426604,False,False,False,False
s141,1149,0.1012,0,0.256051,0.0437963,0.426604,False,False,False,False
s141,1150,0.0878,0.0134,0.222401,0.0437963,0.426604,False,False,False,False
s141,1151,0.3707,0.2829,0.252061,0.0437963,0.426604,False,False,False,False
s141,1152,0.2844,0.0863,0.258529,0.0437963,0.426604,False,False,False,False
s141,1153,0.108,0.1764,0.228423,0.0437963,0.426604,False,False,False,False
s141,1154,0.108,0,0.204338,0.0437963,0.426604,False,False,False,False
s141,1155,0.6169,0.5089,0.286851,0.0437963,0.426604,False,False,False,False
s141,1156,0.0936,0.5233,0.2482,0.0437963,0.426604,False,False,False,False
s141,1157,0.1061,0.0125,0.21978,0.0437963,0.426604,False,False,False,False
s141,1158,0.1238,0.0177,0.200584,0.0437963,0.426604,False,False,False,False
s141,1159,0.3707,0.2469,0.234607,0.0437963,0.426604,False,False,False,False
s141,1160,0.4832,0.1125,0.284326,0.0437963,0.426604,False,False,False,False
s141,1161,0.5548,0.0716,0.338421,0.0437963,0.426604,False,False,False,False
s141,1162,0.1557,0.3991,0.301877,0.0437963,0.426604,False,False,False,False
s141,1163,0.1061,0.0496,0.262721,0.0437963,0.426604,False,False,False,False
s141,1164,0.1061,0,0.231397,0.0437963,0.426604,False,False,False,False
s141,1165,0.1061,0,0.206338,0.0437963,0.426604,False,False,False,False
s141,1166,0.4448,0.3387,0.25403,0.0437963,0.426604,False,False,False,False
s141,1167,0.1061,0.3387,0.224444,0.0437963,0.426604,False,False,False,False
s141,1168,0.1238,0.0177,0.204315,0.0437963,0.426604,False,False,False,False
s141,1169,0.3707,0.2469,0.237592,0.0437963,0.426604,False,False,False,False
s141,1170,0.108,0.2627,0.211674,0.0437963,0.426604,False,False,False,False
s141,1171,0.4025,0.2945,0.249839,0.0437963,0.426604,False,False,False,False
s141,1172,0.4448,0.0423,0.288831,0.0437963,0.426604,False,False,False,False
s141,1173,0.3895,0.0553,0.308965,0.0437963,0.426604,False,False,False,False
s141,1174,0.2896,0.0999,0.305092,0.0437963,0.426604,False,False,False,False
s141,1175,0.1202,0.1694,0.268114,0.0437963,0.426604,False,False,False,False
s141,1176,0.3343,0.2141,0.281351,0.0437963,0.426604,False,False,False,False
s141,1177,0.1202,0.2141,0.249121,0.0437963,0.426604,False,False,False,False
s141,1178,0.2729,0.1527,0.253877,0.0437963,0.426604,False,False,False,False
s141,1179,0.2896,0.0167,0.261021,0.0437963,0.426604,False,False,False,False
s141,1180,0.3503,0.0607,0.278877,0.0437963,0.426604,False,False,False,False
s141,1181,0.2901,0.0602,0.281122,0.0437963,0.426604,False,False,False,False
s141,1182,0.2704,0.0197,0.278977,0.0437963,0.426604,False,False,False,False
s141,1183,0.1061,0.1643,0.244402,0.0437963,0.426604,False,False,False,False
s141,1184,0.4489,0.3428,0.285301,0.0437963,0.426604,False,False,False,False
s141,1185,0.6427,0.1938,0.356781,0.0437963,0.426604,False,False,False,False
s141,1186,0.1736,0.4691,0.320145,0.0437963,0.426604,False,False,False,False
s141,1187,0.4448,0.2712,0.345076,0.0437963,0.426604,False,False,False,False
s141,1188,0.4832,0.0384,0.372701,0.0437963,0.426604,False,False,True,False
s141,1189,0.4926,0.0094,0.396681,0.0437963,0.426604,False,False,True,False
s141,1190,0.3707,0.1219,0.391484,0.0437963,0.426604,False,False,False,False
s141,1191,0.4448,0.0741,0.402148,0.0437963,0.426604,False,False,True,False
s141,1192,0.0997,0.3451,0.341658,0.0437963,0.426604,False,False,False,False
s141,1193,0.0778,0.0219,0.288886,0.0437963,0.426604,False,False,False,False
s141,1194,0.2704,0.1926,0.285189,0.0437963,0.426604,False,False,False,False
s141,1195,0.3415,0.0711,0.296451,0.0437963,0.426604,False,False,False,False
s141,1196,0.6427,0.3012,0.365701,0.0437963,0.426604,False,False,False,False
s141,1197,0.1238,0.5189,0.317321,0.0437963,0.426604,False,False,False,False
s141,1198,0.0878,0.036,0.271417,0.0437963,0.426604,False,False,False,False
s141,1199,0.4025,0.3147,0.297633,0.0437963,0.426604,False,False,False,False
s141,1200,0.6116,0.2091,0.360427,0.0437963,0.426604,False,False,False,False
s141,1201,0.1061,0.5055,0.309561,0.0437963,0.426604,False,False,False,False
s141,1202,0.2704,0.1643,0.301729,0.0437963,0.426604,False,False,False,False
s141,1203,0.6116,0.3412,0.363703,0.0437963,0.426604,False,False,False,False
s141,1204,0.2476,0.364,0.340483,0.0437963,0.426604,False,False,False,False
s141,1205,0.2754,0.0278,0.327466,0.0437963,0.426604,False,False,False,False
s141,1206,0.2192,0.0562,0.305813,0.0437963,0.426604,False,False,False,False
s141,1207,0.6169,0.3977,0.36803,0.0437963,0.426604,False,False,False,False
s141,1208,0.0936,0.5233,0.313144,0.0437963,0.426604,False,False,False,False
s141,1209,0.1238,0.0302,0.275275,0.0437963,0.426604,False,False,False,False
s141,1210,0.3503,0.2265,0.29028,0.0437963,0.426604,False,False,False,False
s141,1211,0.3426,0.0077,0.300744,0.0437963,0.426604,False,False,False,False
s141,1212,0.1916,0.151,0.278915,0.0437963,0.426604,False,False,False,False
s141,1213,0.0929,0.0987,0.241712,0.0437963,0.426604,False,False,False,False
s141,1214,0.0929,0,0.21195,0.0437963,0.426604,False,False,False,False
s141,1215,0.1317,0.0388,0.1959,0.0437963,0.426604,False,False,False,False
s141,1216,0.0929,0.0388,0.1753,0.0437963,0.426604,False,False,False,False
s141,1217,0.7957,0.7028,0.29938,0.0437963,0.426604,False,False,False,False
s141,1218,0.0929,0.7028,0.258084,0.0437963,0.426604,False,False,False,False
s141,1219,0.4832,0.3903,0.303107,0.0437963,0.426604,False,False,False,False
s141,1220,0.4061,0.0771,0.323706,0.0437963,0.426604,False,False,False,False
s141,1221,0.0929,0.3132,0.277545,0.0437963,0.426604,False,False,False,False
s141,1222,0.1361,0.0432,0.249256,0.0437963,0.426604,False,False,False,False
s141,1223,0.1361,0,0.226625,0.0437963,0.426604,False,False,False,False
s141,1224,0.124,0.0121,0.2061,0.0437963,0.426604,False,False,False,False
s141,1225,0.0938,0.0302,0.18364,0.0437963,0.426604,False,False,False,False
s141,1226,0.0938,0,0.165672,0.0437963,0.426604,False,False,False,False
s141,1227,0.1361,0.0423,0.159757,0.0437963,0.426604,False,False,False,False
s141,1228,0.1087,0.0274,0.149546,0.0437963,0.426604,False,False,False,True
s141,1229,0.4061,0.2974,0.200857,0.0437963,0.426604,False,False,False,False
s141,1230,0.4595,0.0534,0.252585,0.0437963,0.426604,False,False,False,False
s141,1231,0.1202,0.3393,0.226108,0.0437963,0.426604,False,False,False,False
s141,1232,0.2475,0.1273,0.230387,0.0437963,0.426604,False,False,False,False
s141,1233,0.1176,0.1299,0.207829,0.0437963,0.426604,False,False,False,False
s141,1234,0.1916,0.074,0.204583,0.0437963,0.426604,False,False,False,False
s141,1235,0.1361,0.0555,0.190887,0.0437963,0.426604,False,False,False,False
s141,1236,0.1361,0,0.179929,0.0437963,0.426604,False,False,False,False
s141,1237,0.0929,0.0432,0.162524,0.0437963,0.426604,False,False,False,False
s141,1238,0.0938,0.0009,0.148779,0.0437963,0.426604,False,False,False,False
s141,1239,0.1087,0.0149,0.140763,0.0437963,0.426604,False,False,False,False
s141,1240,0.1916,0.0829,0.15093,0.0437963,0.426604,False,False,False,True
s141,1241,0.1202,0.0714,0.144784,0.0437963,0.426604,False,False,False,True
s141,1242,0.1176,0.0026,0.139347,0.0437963,0.426604,False,False,False,True
s141,1243,0.4172,0.2996,0.194918,0.0437963,0.426604,False,False,False,False
s141,1244,0.1304,0.2868,0.182014,0.0437963,0.426604,False,False,False,False
s141,1245,0.3503,0.2199,0.215672,0.0437963,0.426604,False,False,False,False
s141,1246,0.0674,0.2829,0.186017,0.0437963,0.426604,False,False,False,False
s141,1247,0.7515,0.6841,0.299114,0.0437963,0.426604,False,False,False,False
s141,1248,0.1334,0.6181,0.265971,0.0437963,0.426604,False,False,False,False
s141,1249,0.0938,0.0396,0.231537,0.0437963,0.426604,False,False,False,False
s141,1250,0.0674,0.0264,0.198709,0.0437963,0.426604,False,False,False,False
s141,1251,0.4172,0.3498,0.242408,0.0437963,0.426604,False,False,False,False
s141,1252,0.124,0.2932,0.218726,0.0437963,0.426604,False,False,False,False
s141,1253,0.0674,0.0566,0.188461,0.0437963,0.426604,False,False,False,False
s141,1254,0.0674,0,0.164249,0.0437963,0.426604,False,False,False,False
s141,1255,0.4172,0.3498,0.214839,0.0437963,0.426604,False,False,False,False
s141,1256,0.309,0.1082,0.233671,0.0437963,0.426604,False,False,False,False
s141,1257,0.6226,0.3136,0.311457,0.0437963,0.426604,False,False,False,False
s141,1258,0.0674,0.5552,0.262646,0.0437963,0.426604,False,False,False,False
s141,1259,0.423,0.3556,0.294716,0.0437963,0.426604,False,False,False,False
s141,1260,0.423,0,0.320373,0.0437963,0.426604,False,False,False,False
s141,1261,0.1655,0.2575,0.289399,0.0437963,0.426604,False,False,False,False
s141,1262,0.1361,0.0294,0.258739,0.0437963,0.426604,False,False,False,False
s141,1263,0.1655,0.0294,0.240091,0.0437963,0.426604,False,False,False,False
s141,1264,0.6965,0.531,0.331373,0.0437963,0.426604,False,False,False,False
s141,1265,0.1361,0.5604,0.292318,0.0437963,0.426604,False,False,False,False
s141,1266,0.0674,0.0687,0.247335,0.0437963,0.426604,False,False,False,False
s141,1267,0.6226,0.5552,0.322388,0.0437963,0.426604,False,False,False,False
s141,1268,0.4061,0.2165,0.33913,0.0437963,0.426604,False,False,False,False
s141,1269,0.6965,0.2904,0.410604,0.0437963,0.426604,False,True,False,False
s141,1270,0.0674,0.6291,0.341963,0.0437963,0.426604,False,False,False,False
s141,1271,0.1916,0.1242,0.311891,0.0437963,0.426604,False,False,False,False
s141,1272,1.154,0.9624,0.480313,0.0437963,0.426604,True,False,False,False
s141,1273,0.1587,0.9953,0.41599,0.0437963,0.426604,False,False,False,False
s141,1274,0.5062,0.3475,0.434032,0.0437963,0.426604,False,False,False,False
s141,1275,0.1587,0.3475,0.378966,0.0437963,0.426604,False,False,False,False
s141,1276,0.5062,0.3475,0.404412,0.0437963,0.426604,False,False,False,False
s141,1277,0.1587,0.3475,0.35527,0.0437963,0.426604,False,False,False,False
s141,1278,0.124,0.0347,0.309016,0.0437963,0.426604,False,False,False,False
s141,1279,0.6965,0.5725,0.386513,0.0437963,0.426604,False,False,False,False
s141,1280,0.2424,0.4541,0.35769,0.0437963,0.426604,False,False,False,False
s141,1281,0.2034,0.039,0.326832,0.0437963,0.426604,False,False,False,False
s141,1282,0.0938,0.1096,0.280226,0.0437963,0.426604,False,False,False,False
s141,1283,1.165,1.0712,0.457181,0.0437963,0.426604,True,False,False,False
s141,1284,0.2142,0.9508,0.408584,0.0437963,0.426604,False,False,False,False
s141,1285,1.154,0.9398,0.557668,0.0437963,0.426604,True,True,False,False
s141,1286,0.2188,0.9352,0.489894,0.0437963,0.426604,False,False,False,False
s141,1287,0.1587,0.0601,0.423655,0.0437963,0.426604,False,False,False,False
s141,1288,0.4515,0.2928,0.429224,0.0437963,0.426604,False,False,False,False
s141,1289,0.2034,0.2481,0.384059,0.0437963,0.426604,False,False,False,False
s141,1290,0.4515,0.2481,0.397547,0.0437963,0.426604,False,False,False,False
s141,1291,0.4515,0,0.408338,0.0437963,0.426604,False,False,False,False
s141,1292,0.2034,0.2481,0.36735,0.0437963,0.426604,False,False,False,False
s141,1293,0.2034,0,0.33456,0.0437963,0.426604,False,False,False,False
s141,1294,0.2424,0.039,0.316128,0.0437963,0.426604,False,False,False,False
s141,1295,0.1587,0.0837,0.284643,0.0437963,0.426604,False,False,False,False
s141,1296,0.5109,0.3522,0.329894,0.0437963,0.426604,False,False,False,False
s141,1297,0.2142,0.2967,0.306755,0.0437963,0.426604,False,False,False,False
s141,1298,0.5062,0.292,0.346644,0.0437963,0.426604,False,False,False,False
s141,1299,0.2424,0.2638,0.325795,0.0437963,0.426604,False,False,False,False
s141,1300,0.1655,0.0769,0.293736,0.0437963,0.426604,False,False,False,False
s141,1301,0.5062,0.3407,0.336229,0.0437963,0.426604,False,False,False,False
s141,1302,0.1655,0.3407,0.302083,0.0437963,0.426604,False,False,False,False
s141,1303,0.1304,0.0351,0.267747,0.0437963,0.426604,False,False,False,False
s141,1304,9998.88,9998.75,1999.99,0.0437963,0.426604,True,False,False,False
s141,1305,0.6226,9998.26,1600.12,0.0437963,0.426604,False,True,False,False
s141,1306,0.5062,0.1164,1280.19,0.0437963,0.426604,False,False,False,False
s141,1307,0.2034,0.3028,1024.2,0.0437963,0.426604,False,False,False,False
s141,1308,0.802,0.5986,819.517,0.0437963,0.426604,False,False,True,False
s141,1309,0.802,0,655.774,0.0437963,0.426604,False,True,True,False
s141,1310,0.802,0,524.78,0.0437963,0.426604,False,True,True,False
s141,1311,0.2606,0.5414,419.876,0.0437963,0.426604,False,False,False,False
s141,1312,0.802,0.5414,336.061,0.0437963,0.426604,False,True,True,False
s141,1313,0.802,0,269.009,0.0437963,0.426604,False,True,True,False
s141,1314,0.0522,0.7498,215.218,0.0437963,0.426604,False,False,False,False
s141,1315,0.5224,0.4702,172.279,0.0437963,0.426604,False,False,False,False
s141,1316,0.5224,0,137.928,0.0437963,0.426604,False,False,True,False
s141,1317,0.4172,0.1052,110.425,0.0437963,0.426604,False,False,False,False
s141,1318,0.5224,0.1052,88.4449,0.0437963,0.426604,False,False,False,False
s141,1319,0.2034,0.319,70.7966,0.0437963,0.426604,False,False,False,False
s141,1320,9998.89,9998.69,2056.42,0.0437963,0.426604,True,False,False,False
s141,1321,0.2606,9998.63,1645.19,0.0437963,0.426604,False,False,False,False
s141,1322,0.5224,0.2618,1316.25,0.0437963,0.426604,False,False,False,False
s141,1323,0.0522,0.4702,1053.01,0.0437963,0.426604,False,False,False,False
s141,1324,0.6965,0.6443,842.549,0.0437963,0.426604,False,False,False,False
s141,1325,0.1655,0.531,674.073,0.0437963,0.426604,False,False,False,False
s141,1326,0.2034,0.0379,539.299,0.0437963,0.426604,False,False,False,False
s141,1327,0.2606,0.0572,431.491,0.0437963,0.426604,False,False,False,False
s141,1328,0.1655,0.0951,345.226,0.0437963,0.426604,False,False,False,False
s141,1329,0.6226,0.4571,276.305,0.0437963,0.426604,False,False,False,False
s141,1330,0.0522,0.5704,221.055,0.0437963,0.426604,False,False,False,False
s141,1331,0.3443,0.2921,176.913,0.0437963,0.426604,False,False,False,False
s141,1332,0.3443,0,141.599,0.0437963,0.426604,False,False,False,False
s141,1333,0.1633,0.181,113.312,0.0437963,0.426604,False,False,False,False
s141,1334,0.0893,0.074,90.6673,0.0437963,0.426604,False,False,False,False
s141,1335,0.3443,0.255,72.6027,0.0437963,0.426604,False,False,False,False
s141,1336,0.3443,0,58.151,0.0437963,0.426604,False,False,False,False
s141,1337,0.5224,0.1781,46.6253,0.0437963,0.426604,False,False,False,False
s141,1338,0.1633,0.3591,37.3329,0.0437963,0.426604,False,False,False,False
s141,1339,0.3443,0.181,29.9352,0.0437963,0.426604,False,False,False,False
s141,1340,0.1633,0.181,23.9808,0.0437963,0.426604,False,False,False,False
s141,1341,0.1734,0.0101,19.2193,0.0437963,0.426604,False,False,False,False
s141,1342,0.2265,0.0531,15.4208,0.0437963,0.426604,False,False,False,False
s141,1343,0.5109,0.2844,12.4388,0.0437963,0.426604,False,False,False,False
s141,1344,0.0893,0.4216,9.96889,0.0437963,0.426604,False,False,False,False
s141,1345,0.3443,0.255,8.04397,0.0437963,0.426604,False,False,False,False
s141,1346,0.0893,0.255,6.45304,0.0437963,0.426604,False,False,False,False
s141,1347,0.3443,0.255,5.23129,0.0437963,0.426604,False,False,False,False
s141,1348,0.3443,0,4.25389,0.0437963,0.426604,False,False,False,False
s141,1349,0.1734,0.1709,3.43779,0.0437963,0.426604,False,False,False,False
s141,1350,0.1734,0,2.78491,0.0437963,0.426604,False,False,False,False
s141,1351,0.0893,0.0841,2.24579,0.0437963,0.426604,False,False,False,False
s141,1352,0.1472,0.0579,1.82607,0.0437963,0.426604,False,False,False,False
s141,1353,0.1633,0.0161,1.49352,0.0437963,0.426604,False,False,False,False
s141,1354,0.0955,0.0678,1.21391,0.0437963,0.426604,False,False,False,False
s141,1355,0.1472,0.0517,1.00057,0.0437963,0.426604,False,False,False,False
s141,1356,0.1633,0.0161,0.833118,0.0437963,0.426604,False,False,False,True
s141,1357,0.0893,0.074,0.684354,0.0437963,0.426604,False,False,False,True
s141,1358,0.0955,0.0062,0.566583,0.0437963,0.426604,False,False,False,True
s141,1359,0.0955,0,0.472367,0.0437963,0.426604,False,False,False,True
s141,1360,0.1734,0.0779,0.412573,0.0437963,0.426604,False,False,False,True
s141,1361,0.1734,0,0.364739,0.0437963,0.426604,False,False,False,True
s141,1362,0.3443,0.1709,0.360651,0.0437963,0.426604,False,False,False,False
s141,1363,0.1334,0.2109,0.315201,0.0437963,0.426604,False,False,False,False
s141,1364,0.6226,0.4892,0.376681,0.0437963,0.426604,False,False,False,False
s141,1365,0.1633,0.4593,0.334004,0.0437963,0.426604,False,False,False,False
s141,1366,0.0955,0.0678,0.286304,0.0437963,0.426604,False,False,False,False
s141,1367,0.0955,0,0.248143,0.0437963,0.426604,False,False,False,False
s141,1368,0.0955,0,0.217614,0.0437963,0.426604,False,False,False,False
s141,1369,0.2001,0.1046,0.214111,0.0437963,0.426604,False,False,False,False
s141,1370,0.1503,0.0498,0.201349,0.0437963,0.426604,False,False,False,False
s141,1371,0.1734,0.0231,0.195759,0.0437963,0.426604,False,False,False,False
s141,1372,0.1472,0.0262,0.186047,0.0437963,0.426604,False,False,False,True
s141,1373,0.2001,0.0529,0.188858,0.0437963,0.426604,False,False,False,True
s141,1374,0.0893,0.1108,0.168946,0.0437963,0.426604,False,False,False,True
s141,1375,0.2001,0.1108,0.175177,0.0437963,0.426604,False,False,False,True
s141,1376,0.1472,0.0529,0.169582,0.0437963,0.426604,False,False,False,True
s141,1377,0.3443,0.1971,0.204525,0.0437963,0.426604,False,False,False,False
s141,1378,0.1633,0.181,0.19628,0.0437963,0.426604,False,False,False,False
s141,1379,0.1633,0,0.189684,0.0437963,0.426604,False,False,False,False
s141,1380,0.1734,0.0101,0.186427,0.0437963,0.426604,False,False,False,False
s141,1381,0.1503,0.0231,0.179202,0.0437963,0.426604,False,False,False,False
s141,1382,0.1765,0.0262,0.178662,0.0437963,0.426604,False,False,False,False
s141,1383,0.2488,0.0723,0.192689,0.0437963,0.426604,False,False,False,False
s141,1384,0.2183,0.0305,0.197811,0.0437963,0.426604,False,False,False,False
s141,1385,0.1633,0.055,0.190909,0.0437963,0.426604,False,False,False,False
s141,1386,0.0955,0.0678,0.171827,0.0437963,0.426604,False,False,False,False
s141,1387,0.1258,0.0303,0.162622,0.0437963,0.426604,False,False,False,False
s141,1388,0.6996,0.5738,0.270017,0.0437963,0.426604,False,False,False,False
s141,1389,0.2153,0.4843,0.259074,0.0437963,0.426604,False,False,False,False
s141,1390,0.8985,0.6832,0.386959,0.0437963,0.426604,True,True,False,False
s141,1391,0.2153,0.6832,0.352627,0.0437963,0.426604,False,False,False,False
s141,1392,0.2153,0,0.325162,0.0437963,0.426604,False,False,False,False
s141,1393,0.1393,0.076,0.287989,0.0437963,0.426604,False,False,False,False
s141,1394,0.1258,0.0135,0.255552,0.0437963,0.426604,False,False,False,False
s141,1395,0.6031,0.4773,0.325061,0.0437963,0.426604,False,False,False,False
s141,1396,0.6157,0.0126,0.383189,0.0437963,0.426604,False,False,False,False
s141,1397,0.6996,0.0839,0.446471,0.0437963,0.426604,False,False,False,False
s141,1398,0.2488,0.4508,0.406937,0.0437963,0.426604,False,False,False,False
s141,1399,0.6996,0.4508,0.46547,0.0437963,0.426604,False,True,True,False
s141,1400,0.0929,0.6067,0.390956,0.0437963,0.426604,False,False,False,False
s141,1401,0.6996,0.6067,0.452685,0.0437963,0.426604,False,True,False,False
s141,1402,0.8985,0.1989,0.541848,0.0437963,0.426604,True,True,False,False
s141,1403,0.6996,0.1989,0.573398,0.0437963,0.426604,False,True,True,False
s141,1404,0.1258,0.5738,0.483878,0.0437963,0.426604,False,False,False,False
s141,1405,0.6031,0.4773,0.507723,0.0437963,0.426604,False,False,True,False
s141,1406,0.6157,0.0126,0.529318,0.0437963,0.426604,False,False,True,False
s141,1407,0.1258,0.4899,0.448615,0.0437963,0.426604,False,False,False,False
s141,1408,0.2153,0.0895,0.401952,0.0437963,0.426604,False,False,False,False
s141,1409,0.1258,0.0895,0.346721,0.0437963,0.426604,False,False,False,False
s141,1410,0.6157,0.4899,0.400517,0.0437963,0.426604,False,False,False,False
s141,1411,0.2153,0.4004,0.363474,0.0437963,0.426604,False,False,False,False
s141,1412,0.2816,0.0663,0.347099,0.0437963,0.426604,False,False,False,False
s141,1413,0.2816,0,0.333999,0.0437963,0.426604,False,False,False,False
s141,1414,0.1582,0.1234,0.298839,0.0437963,0.426604,False,False,False,False
s141,1415,0.3433,0.1851,0.307731,0.0437963,0.426604,False,False,False,False
s141,1416,0.2153,0.128,0.289245,0.0437963,0.426604,False,False,False,False
s141,1417,0.3433,0.128,0.300056,0.0437963,0.426604,False,False,False,False
s141,1418,0.1258,0.2175,0.265205,0.0437963,0.426604,False,False,False,False
s141,1419,0.2816,0.1558,0.268484,0.0437963,0.426604,False,False,False,False
s141,1420,0.1343,0.1473,0.241647,0.0437963,0.426604,False,False,False,False
s141,1421,0.5267,0.3924,0.298658,0.0437963,0.426604,False,False,False,False
s141,1422,0.1582,0.3685,0.270566,0.0437963,0.426604,False,False,False,False
s141,1423,0.3433,0.1851,0.285113,0.0437963,0.426604,False,False,False,False
s141,1424,0.1294,0.2139,0.25397,0.0437963,0.426604,False,False,False,False
s141,1425,0.1327,0.0033,0.229716,0.0437963,0.426604,False,False,False,False
s141,1426,0.1294,0.0033,0.209653,0.0437963,0.426604,False,False,False,False
s141,1427,0.5267,0.3973,0.273062,0.0437963,0.426604,False,False,False,False
s141,1428,0.2816,0.2451,0.27477,0.0437963,0.426604,False,False,False,False
s141,1429,0.6996,0.418,0.359736,0.0437963,0.426604,False,False,False,False
s141,1430,0.5267,0.1729,0.393129,0.0437963,0.426604,False,False,False,False
s141,1431,0.5267,0,0.419843,0.0437963,0.426604,False,False,True,False
s141,1432,0.1343,0.3924,0.362734,0.0437963,0.426604,False,False,False,False
s141,1433,0.3433,0.209,0.358848,0.0437963,0.426604,False,False,False,False
s141,1434,0.2153,0.128,0.330138,0.0437963,0.426604,False,False,False,False
s141,1435,0.6157,0.4004,0.38725,0.0437963,0.426604,False,False,False,False
s141,1436,0.2816,0.3341,0.36612,0.0437963,0.426604,False,False,False,False
s141,1437,0.5267,0.2451,0.398236,0.0437963,0.426604,False,False,False,False
s141,1438,0.6996,0.1729,0.458509,0.0437963,0.426604,False,False,False,False
s141,1439,0.1294,0.5702,0.392687,0.0437963,0.426604,False,False,False,False
s141,1440,0.2816,0.1522,0.37047,0.0437963,0.426604,False,False,False,False
s141,1441,0.2488,0.0328,0.346136,0.0437963,0.426604,False,False,False,False
s141,1442,0.1327,0.1161,0.303449,0.0437963,0.426604,False,False,False,False
s141,1443,0.2001,0.0674,0.282779,0.0437963,0.426604,False,False,False,False
s141,1444,0.1343,0.0658,0.253083,0.0437963,0.426604,False,False,False,False
s141,1445,0.392,0.2577,0.280867,0.0437963,0.426604,False,False,False,False
s141,1446,9997.91,9997.52,1999.81,0.0437963,0.426604,True,False,False,False
s141,1447,0.0824,9997.83,1599.86,0.0437963,0.426604,False,False,False,False
s141,1448,,,1599.86,0.0437963,0.426604,False,False,False,False
s141,1449,0.392,,1279.97,0.0437963,0.426604,False,False,False,False
s141,1450,,,1279.97,0.0437963,0.426604,False,False,False,False
s141,1451,0.1327,,1024,0.0437963,0.426604,False,False,False,False
s141,1452,0.392,0.2593,819.279,0.0437963,0.426604,False,False,False,False
s141,1453,0.1387,0.2533,655.451,0.0437963,0.426604,False,False,False,False
s141,1454,0.6591,0.5204,524.493,0.0437963,0.426604,False,False,False,False
s141,1455,0.392,0.2671,419.673,0.0437963,0.426604,False,False,False,False
s141,1456,9997.98,9997.59,2335.33,0.0437963,0.426604,True,True,False,False
s141,1457,0.6591,9997.32,1868.4,0.0437963,0.426604,False,True,False,False
s141,1458,0.4172,0.2419,1494.8,0.0437963,0.426604,False,False,False,False
s141,1459,,,1494.8,0.0437963,0.426604,False,False,False,False
s141,1460,,,1494.8,0.0437963,0.426604,False,False,False,False
s141,1461,,,1494.8,0.0437963,0.426604,False,False,False,False
s141,1462,0.0894,,1195.86,0.0437963,0.426604,False,False,False,False
s141,1463,0.0894,0,956.706,0.0437963,0.426604,False,False,False,False
s141,1464,0.6998,0.6104,765.505,0.0437963,0.426604,False,False,False,False
s141,1465,0.1186,0.5812,612.427,0.0437963,0.426604,False,False,False,False
s141,1466,0.4632,0.3446,490.035,0.0437963,0.426604,False,False,False,False
s141,1467,,,490.035,0.0437963,0.426604,False,False,False,False
s141,1468,0.6998,,392.168,0.0437963,0.426604,False,False,False,False
s141,1469,,,392.168,0.0437963,0.426604,False,False,False,False
s141,1470,0.0853,,313.751,0.0437963,0.426604,False,False,False,False
s141,1471,0.6998,0.6145,251.141,0.0437963,0.426604,False,False,False,False
s141,1472,0.0811,0.6187,200.929,0.0437963,0.426604,False,False,False,False
s141,1473,0.6685,0.5874,160.877,0.0437963,0.426604,False,True,False,False
s141,1474,0.0894,0.5791,128.719,0.0437963,0.426604,False,False,False,False
s141,1475,0.0894,0,102.993,0.0437963,0.426604,False,False,False,False
s141,1476,0.6998,0.6104,82.5346,0.0437963,0.426604,False,False,False,False
s141,1477,1.1579,0.4581,66.2593,0.0437963,0.426604,True,True,False,False
s141,1478,0.6998,0.4581,53.1474,0.0437963,0.426604,False,True,False,False
s141,1479,0.4202,0.2796,42.602,0.0437963,0.426604,False,False,False,False
s141,1480,0.0811,0.3391,34.0978,0.0437963,0.426604,False,False,False,False
s141,1481,0.1292,0.0481,27.3041,0.0437963,0.426604,False,False,False,False
s141,1482,0.1292,0,21.8691,0.0437963,0.426604,False,False,False,False
s141,1483,0.0811,0.0481,17.5115,0.0437963,0.426604,False,False,False,False
s141,1484,0.0811,0,14.0254,0.0437963,0.426604,False,False,False,False
s141,1485,0.4202,0.3391,11.3044,0.0437963,0.426604,False,False,False,False
s141,1486,0.2352,0.185,9.09054,0.0437963,0.426604,False,False,False,False
s141,1487,0.2456,0.0104,7.32155,0.0437963,0.426604,False,False,False,False
s141,1488,0.2456,0,5.90636,0.0437963,0.426604,False,False,False,False
s141,1489,1.2346,0.989,4.97201,0.0437963,0.426604,True,False,False,False
s141,1490,1.2035,0.0311,4.21831,0.0437963,0.426604,True,True,False,False
s141,1491,0.1857,1.0178,3.41179,0.0437963,0.426604,False,False,False,False
s141,1492,1.2346,1.0489,2.97635,0.0437963,0.426604,True,True,False,False
s141,1493,0.6685,0.5661,2.51478,0.0437963,0.426604,False,True,True,False
s141,1494,1.2035,0.535,2.25252,0.0437963,0.426604,True,True,True,False
s141,1495,0.1327,1.0708,1.82856,0.0437963,0.426604,False,False,False,False
s141,1496,0.1825,0.0498,1.49935,0.0437963,0.426604,False,False,False,False
s141,1497,1.1579,0.9754,1.43106,0.0437963,0.426604,True,False,False,False
s141,1498,0.0811,1.0768,1.16107,0.0437963,0.426604,False,False,False,False
s141,1499,0.1014,0.0203,0.949133,0.0437963,0.426604,False,False,False,False
s141,1500,0.2352,0.1338,0.806346,0.0437963,0.426604,False,False,False,False
s141,1501,0.3585,0.1233,0.716777,0.0437963,0.426604,False,False,False,False
s141,1502,0.4202,0.0617,0.657462,0.0437963,0.426604,False,False,False,False
s141,1503,0.2352,0.185,0.573009,0.0437963,0.426604,False,False,False,False
s141,1504,1.2035,0.9683,0.699107,0.0437963,0.426604,True,False,False,False
s141,1505,1.3101,0.1066,0.821306,0.0437963,0.426604,True,True,False,False
s141,1506,0.2352,1.0749,0.704085,0.0437963,0.426604,False,False,False,False
s141,1507,0.2045,0.0307,0.604168,0.0437963,0.426604,False,False,False,False
s141,1508,0.2045,0,0.524234,0.0437963,0.426604,False,False,False,False
s141,1509,0.1643,0.0402,0.452247,0.0437963,0.426604,False,False,False,False
s141,1510,1.3101,1.1458,0.623818,0.0437963,0.426604,True,False,False,False
s141,1511,0.1014,1.2087,0.519334,0.0437963,0.426604,False,False,False,False
s141,1512,0.5267,0.4253,0.520807,0.0437963,0.426604,False,False,False,False
s141,1513,0.1014,0.4253,0.436926,0.0437963,0.426604,False,False,False,False
s141,1514,1.3101,1.2087,0.611561,0.0437963,0.426604,True,False,False,False
s141,1515,1.3101,0,0.751269,0.0437963,0.426604,True,True,False,False
s141,1516,0.0763,1.2338,0.616275,0.0437963,0.426604,False,False,False,False
s141,1517,0.3124,0.2361,0.5555,0.0437963,0.426604,False,False,False,False
s141,1518,0.1098,0.2026,0.46636,0.0437963,0.426604,False,False,False,False
s141,1519,0.1393,0.0295,0.400948,0.0437963,0.426604,False,False,False,False
s141,1520,0.1098,0.0295,0.342718,0.0437963,0.426604,False,False,False,False
s141,1521,0.1014,0.0084,0.294455,0.0437963,0.426604,False,False,False,False
s141,1522,0.0811,0.0203,0.251784,0.0437963,0.426604,False,False,False,False
s141,1523,0.3585,0.2774,0.273127,0.0437963,0.426604,False,False,False,False
s141,1524,0.1098,0.2487,0.240462,0.0437963,0.426604,False,False,False,False
s141,1525,1.3101,1.2003,0.454389,0.0437963,0.426604,True,False,False,False
s141,1526,0.2045,1.1056,0.404411,0.0437963,0.426604,False,False,False,False
s141,1527,0.1014,0.1031,0.343809,0.0437963,0.426604,False,False,False,False
s141,1528,0.3124,0.211,0.337527,0.0437963,0.426604,False,False,False,False
s141,1529,0.1825,0.1299,0.306522,0.0437963,0.426604,False,False,False,False
s141,1530,0.1737,0.0088,0.279957,0.0437963,0.426604,False,False,False,False
s141,1531,1.3101,1.1364,0.485986,0.0437963,0.426604,True,False,False,False
s141,1532,0.2155,1.0946,0.431889,0.0437963,0.426604,False,False,False,False
s141,1533,1.4084,1.1929,0.627191,0.0437963,0.426604,True,True,False,False
s141,1534,0.4697,0.9387,0.595693,0.0437963,0.426604,False,False,False,False
s141,1535,1.3101,0.8404,0.738574,0.0437963,0.426604,True,True,True,False
s141,1536,0.2045,1.1056,0.631759,0.0437963,0.426604,False,False,False,False
s141,1537,1.3101,1.1056,0.767428,0.0437963,0.426604,True,True,True,False
s141,1538,0.1098,1.2003,0.635902,0.0437963,0.426604,False,False,False,False
s141,1539,0.3585,0.2487,0.580422,0.0437963,0.426604,False,False,False,False
s141,1540,0.1014,0.2571,0.484617,0.0437963,0.426604,False,False,False,False
s141,1541,1.3108,1.2094,0.649854,0.0437963,0.426604,True,False,False,False
s141,1542,0.6609,0.6499,0.652063,0.0437963,0.426604,False,True,False,False
s141,1543,0.6609,0,0.65383,0.0437963,0.426604,False,True,False,False
s141,1544,0.6609,0,0.655244,0.0437963,0.426604,False,True,True,False
s141,1545,0.6726,0.0117,0.658715,0.0437963,0.426604,False,True,True,False
s141,1546,0.6726,0,0.661492,0.0437963,0.426604,False,True,True,False
s141,1547,0.2155,0.4571,0.572294,0.0437963,0.426604,False,False,False,False
s141,1548,0.4137,0.1982,0.540575,0.0437963,0.426604,False,False,False,False
s141,1549,0.1857,0.228,0.4696,0.0437963,0.426604,False,False,False,False
s141,1550,0.1857,0,0.41282,0.0437963,0.426604,False,False,False,False
s141,1551,1.2035,1.0178,0.570956,0.0437963,0.426604,True,False,False,False
s141,1552,0.0894,1.1141,0.474645,0.0437963,0.426604,False,False,False,False
s141,1553,0.6609,0.5715,0.511896,0.0437963,0.426604,False,True,False,False
s141,1554,0.6685,0.0076,0.543217,0.0437963,0.426604,False,True,False,False
s141,1555,1.2346,0.5661,0.681493,0.0437963,0.426604,True,True,True,False
s141,1556,0.3124,0.9222,0.607675,0.0437963,0.426604,False,False,False,False
s141,1557,0.2352,0.0772,0.53318,0.0437963,0.426604,False,False,False,False
s141,1558,0.1825,0.0527,0.463044,0.0437963,0.426604,False,False,False,False
s141,1559,0.1825,0,0.406935,0.0437963,0.426604,False,False,False,False
s141,1560,0.4202,0.2377,0.409588,0.0437963,0.426604,False,False,False,False
s141,1561,0.4137,0.0065,0.41041,0.0437963,0.426604,False,False,False,False
s141,1562,0.3124,0.1013,0.390808,0.0437963,0.426604,False,False,False,False
s141,1563,0.1119,0.2005,0.335027,0.0437963,0.426604,False,False,False,False
s141,1564,0.1071,0.0048,0.289441,0.0437963,0.426604,False,False,False,False
s141,1565,0.1737,0.0666,0.266293,0.0437963,0.426604,False,False,False,False
s141,1566,0.1857,0.012,0.250174,0.0437963,0.426604,False,False,False,False
s141,1567,0.0791265,0.106573,0.215965,0.0437963,0.426604,False,False,False,False
s141,1568,0.199288,0.120162,0.21263,0.0437963,0.426604,False,False,False,False
s141,1569,0.0917214,0.107567,0.188448,0.0437963,0.426604,False,False,False,False
s141,1570,0.607367,0.515645,0.272232,0.0437963,0.426604,False,False,False,False
s141,1571,0.0775141,0.529853,0.233288,0.0437963,0.426604,False,False,False,False
s141,1572,0.128377,0.0508632,0.212306,0.0437963,0.426604,False,False,False,False
s141,1573,0.500635,0.372257,0.269972,0.0437963,0.426604,False,False,False,False
s141,1574,0.0300686,0.470566,0.221991,0.0437963,0.426604,False,False,False,False
s141,1575,0.598711,0.568643,0.297335,0.0437963,0.426604,False,False,False,False
s141,1576,0.45285,0.145862,0.328438,0.0437963,0.426604,False,False,False,False
s141,1577,0.143034,0.309816,0.291357,0.0437963,0.426604,False,False,False,False
s141,1578,0.0956016,0.0474325,0.252206,0.0437963,0.426604,False,False,False,False
s141,1579,0.530759,0.435157,0.307917,0.0437963,0.426604,False,False,False,False
s141,1580,0.0558174,0.474941,0.257497,0.0437963,0.426604,False,False,False,False
s141,1581,0.564533,0.508716,0.318904,0.0437963,0.426604,False,False,False,False
s141,1582,0.21594,0.348594,0.298311,0.0437963,0.426604,False,False,False,False
s141,1583,0.105678,0.110261,0.259785,0.0437963,0.426604,False,False,False,False
s141,1584,0.0922328,0.0134455,0.226274,0.0437963,0.426604,False,False,False,False
s141,1585,0.305244,0.213011,0.242068,0.0437963,0.426604,False,False,False,False
s141,1586,0.215184,0.0900607,0.236691,0.0437963,0.426604,False,False,False,False
s141,1587,0.698974,0.483791,0.329148,0.0437963,0.426604,False,False,False,False
s141,1588,0.0940987,0.604876,0.282138,0.0437963,0.426604,False,False,False,False
s141,1589,0.0466773,0.0474213,0.235046,0.0437963,0.426604,False,False,False,False
s141,1590,0.334301,0.287623,0.254897,0.0437963,0.426604,False,False,False,False
s141,1591,0.427385,0.0930847,0.289395,0.0437963,0.426604,False,False,False,False
s141,1592,0.0680903,0.359295,0.245134,0.0437963,0.426604,False,False,False,False
s141,1593,0.0879131,0.0198228,0.21369,0.0437963,0.426604,False,False,False,False
s141,1594,0.463807,0.375894,0.263713,0.0437963,0.426604,False,False,False,False
s141,1595,0.316271,0.147536,0.274225,0.0437963,0.426604,False,False,False,False
s141,1596,0.109903,0.206368,0.24136,0.0437963,0.426604,False,False,False,False
s141,1597,0.595902,0.485999,0.312269,0.0437963,0.426604,False,False,False,False
s141,1598,0.744861,0.14896,0.398787,0.0437963,0.426604,False,False,False,False
s141,1599,0.445042,0.299819,0.408038,0.0437963,0.426604,False,False,False,False
s141,1600,0.180462,0.26458,0.362523,0.0437963,0.426604,False,False,False,False
s141,1601,0.140327,0.0401352,0.318084,0.0437963,0.426604,False,False,False,False
s141,1602,0.115314,0.0250131,0.27753,0.0437963,0.426604,False,False,False,False
s141,1603,0.0815792,0.0337347,0.23834,0.0437963,0.426604,False,False,False,False
s141,1604,0.432723,0.351144,0.277216,0.0437963,0.426604,False,False,False,False
s141,1605,0.0944143,0.338309,0.240656,0.0437963,0.426604,False,False,False,False
s141,1606,0.18653,0.0921152,0.229831,0.0437963,0.426604,False,False,False,False
s141,1607,0.0746632,0.111866,0.198797,0.0437963,0.426604,False,False,False,False
s141,1608,0.199551,0.124888,0.198948,0.0437963,0.426604,False,False,False,False
s141,1609,0.693873,0.494322,0.297933,0.0437963,0.426604,False,False,False,False
s141,1610,0.102197,0.591676,0.258786,0.0437963,0.426604,False,False,False,False
s141,1611,0.515841,0.413644,0.310197,0.0437963,0.426604,False,False,False,False
s141,1612,0.423106,0.0927343,0.332779,0.0437963,0.426604,False,False,False,False
s141,1613,0.464137,0.0410307,0.35905,0.0437963,0.426604,False,False,False,False
s141,1614,0.418227,0.0459101,0.370886,0.0437963,0.426604,False,False,False,False
s141,1615,0.167717,0.25051,0.330252,0.0437963,0.426604,False,False,False,False
s141,1616,0.490606,0.322889,0.362323,0.0437963,0.426604,False,False,False,False
s141,1617,0.579717,0.089111,0.405802,0.0437963,0.426604,False,False,False,False
s141,1618,0.482282,0.0974353,0.421098,0.0437963,0.426604,False,False,False,False
s141,1619,0.106723,0.375559,0.358223,0.0437963,0.426604,False,False,False,False
s141,1620,0.0694934,0.0372297,0.300477,0.0437963,0.426604,False,False,False,False
s141,1621,0.0712624,0.00176902,0.254634,0.0437963,0.426604,False,False,False,False
s141,1622,0.520742,0.449479,0.307856,0.0437963,0.426604,False,False,False,False
s141,1623,0.449009,0.0717329,0.336086,0.0437963,0.426604,False,False,False,False
s141,1624,3.22141,2.7724,0.91315,0.0437963,0.426604,True,False,False,False
s141,1625,0.213972,3.00744,0.773315,0.0437963,0.426604,False,False,False,False
s141,1626,0.291875,0.0779025,0.677027,0.0437963,0.426604,False,False,False,False
s141,1627,0.0920399,0.199835,0.560029,0.0437963,0.426604,False,False,False,False
s141,1628,0.38079,0.28875,0.524182,0.0437963,0.426604,False,False,False,False
s141,1629,0.10849,0.2723,0.441043,0.0437963,0.426604,False,False,False,False
s141,1630,0.108579,8.88949e-05,0.37455,0.0437963,0.426604,False,False,False,False
s141,1631,0.313249,0.20467,0.36229,0.0437963,0.426604,False,False,False,False
s141,1632,0.306568,0.00668131,0.351146,0.0437963,0.426604,False,False,False,False
s141,1633,0.325223,0.0186553,0.345961,0.0437963,0.426604,False,False,False,False
s141,1634,0.0665325,0.258691,0.290075,0.0437963,0.426604,False,False,False,False
s141,1635,0.108418,0.041885,0.253744,0.0437963,0.426604,False,False,False,False
s141,1636,0.609916,0.501499,0.324978,0.0437963,0.426604,False,False,False,False
s141,1637,0.151537,0.458379,0.29029,0.0437963,0.426604,False,False,False,False
s141,1638,0.454911,0.303374,0.323214,0.0437963,0.426604,False,False,False,False
s141,1639,0.281189,0.173722,0.314809,0.0437963,0.426604,False,False,False,False
s141,1640,0.121415,0.159773,0.27613,0.0437963,0.426604,False,False,False,False
s141,1641,0.151019,0.029604,0.251108,0.0437963,0.426604,False,False,False,False
s141,1642,0.375844,0.224825,0.276055,0.0437963,0.426604,False,False,False,False
s141,1643,0.203239,0.172605,0.261492,0.0437963,0.426604,False,False,False,False
s141,1644,0.164043,0.0391957,0.242002,0.0437963,0.426604,False,False,False,False
s141,1645,0.398696,0.234653,0.273341,0.0437963,0.426604,False,False,False,False
s141,1646,0.110796,0.287899,0.240832,0.0437963,0.426604,False,False,False,False
s141,1647,0.327814,0.217018,0.258228,0.0437963,0.426604,False,False,False,False
s141,1648,0.230506,0.0973081,0.252684,0.0437963,0.426604,False,False,False,False
s141,1649,0.100492,0.130015,0.222246,0.0437963,0.426604,False,False,False,False
s141,1650,0.166498,0.0660069,0.211096,0.0437963,0.426604,False,False,False,False
s141,1651,0.298809,0.132311,0.228639,0.0437963,0.426604,False,False,False,False
s141,1652,0.447476,0.148667,0.272406,0.0437963,0.426604,False,False,False,False
s141,1653,0.08081,0.366666,0.234087,0.0437963,0.426604,False,False,False,False
s141,1654,0.256388,0.175578,0.238547,0.0437963,0.426604,False,False,False,False
s141,1655,0.645793,0.389405,0.319996,0.0437963,0.426604,False,False,False,False
s141,1656,0.476528,0.169265,0.351303,0.0437963,0.426604,False,False,False,False
s141,1657,0.745811,0.269283,0.430204,0.0437963,0.426604,False,True,False,False
s141,1658,0.160276,0.585536,0.376219,0.0437963,0.426604,False,False,False,False
s141,1659,0.321579,0.161303,0.365291,0.0437963,0.426604,False,False,False,False
s141,1660,0.319549,0.00203047,0.356142,0.0437963,0.426604,False,False,False,False
s141,1661,0.125659,0.19389,0.310046,0.0437963,0.426604,False,False,False,False
s141,1662,0.268132,0.142473,0.301663,0.0437963,0.426604,False,False,False,False
s141,1663,0.341617,0.0734846,0.309654,0.0437963,0.426604,False,False,False,False
s141,1664,0.38169,0.040073,0.324061,0.0437963,0.426604,False,False,False,False
s141,1665,0.446525,0.0648345,0.348554,0.0437963,0.426604,False,False,False,False
s141,1666,0.16397,0.282554,0.311637,0.0437963,0.426604,False,False,False,False
s141,1667,-1.16869,1.33266,0.0155716,0.0437963,0.426604,True,False,False,False
s141,1668,4.81898,5.98767,0.976253,0.0437963,0.426604,True,False,False,False
s141,1669,-12.4686,17.2876,-1.71272,0.0437963,0.426604,True,True,False,False
s141,1670,25.948,38.4166,3.81943,0.0437963,0.426604,True,True,False,False
s141,1671,-7.31289,33.2609,1.59296,0.0437963,0.426604,True,True,False,False
s141,1672,3.79477,11.1077,2.03332,0.0437963,0.426604,True,True,False,False
s141,1673,-7.91486,11.7096,0.0436873,0.0437963,0.426604,True,True,False,False
s141,1674,-12.3033,4.38842,-2.42571,0.0437963,0.426604,True,True,False,False
s141,1675,7.95035,20.2536,-0.350495,0.0437963,0.426604,True,False,False,False
s141,1676,-19.1583,27.1087,-4.11206,0.0437963,0.426604,True,True,False,False
s141,1677,12.7915,31.9498,-0.731342,0.0437963,0.426604,True,True,False,False
s141,1678,7.59136,5.20016,0.933199,0.0437963,0.426604,True,True,False,False
s141,1679,17.4784,9.88701,4.24223,0.0437963,0.426604,True,True,True,False
s141,1680,2.86855,14.6098,3.96749,0.0437963,0.426604,True,True,True,False
s141,1681,12.1303,9.2618,5.60006,0.0437963,0.426604,True,True,True,False
s141,1682,2.10168,10.0287,4.90039,0.0437963,0.426604,True,True,True,False
s141,1683,7.42513,5.32345,5.40533,0.0437963,0.426604,True,True,True,False
s141,1684,-8.71778,16.1429,2.58071,0.0437963,0.426604,True,False,False,False
s141,1685,10.6181,19.3359,4.18819,0.0437963,0.426604,True,True,True,False
s141,1686,10.269,0.349151,5.40434,0.0437963,0.426604,True,True,True,False
s141,1687,12.6362,2.36724,6.85071,0.0437963,0.426604,True,True,True,False
s141,1688,-19.1691,31.8052,1.64676,0.0437963,0.426604,True,False,False,False
s141,1689,16.4909,35.6599,4.61558,0.0437963,0.426604,True,True,True,False
s141,1690,-5.14061,21.6315,2.66435,0.0437963,0.426604,True,True,False,False
s141,1691,-12.38,7.23938,-0.344521,0.0437963,0.426604,True,True,False,False
s141,1692,19.2056,31.5855,3.56549,0.0437963,0.426604,True,False,False,False
s141,1693,1.64021,17.5653,3.18044,0.0437963,0.426604,True,True,False,False
s141,1694,-1.33015,2.97037,2.27832,0.0437963,0.426604,True,False,False,False
s141,1695,14.6224,15.9526,4.74714,0.0437963,0.426604,True,True,False,False
s141,1696,-1.6168,16.2392,3.47435,0.0437963,0.426604,True,True,False,False
s141,1697,3.26749,4.88429,3.43298,0.0437963,0.426604,True,True,False,False
s141,1698,11.0863,7.81879,4.96364,0.0437963,0.426604,True,True,False,False
s141,1699,20.2955,9.20925,8.03002,0.0437963,0.426604,True,True,True,False
s141,1700,-2.48843,22.784,5.92633,0.0437963,0.426604,True,False,False,False
s141,1701,-14.614,12.1256,1.81826,0.0437963,0.426604,True,True,False,False
s141,1702,19.8469,34.4609,5.424,0.0437963,0.426604,True,False,False,False
s141,1703,0.319563,19.5274,4.40311,0.0437963,0.426604,False,False,False,False
s141,1704,-14.9676,15.2871,0.528977,0.0437963,0.426604,True,False,False,False
s141,1705,6.47481,21.4424,1.71814,0.0437963,0.426604,True,False,False,False
s141,1706,3.07453,3.40028,1.98942,0.0437963,0.426604,True,True,False,False
s141,1707,3.63415,0.559621,2.31837,0.0437963,0.426604,True,True,False,False
s141,1708,-2.89393,6.52808,1.27591,0.0437963,0.426604,True,False,False,False
s141,1709,1.39266,4.28659,1.29926,0.0437963,0.426604,True,True,True,False
s141,1710,7.40659,6.01393,2.52073,0.0437963,0.426604,True,True,True,False
s141,1711,-5.93048,13.3371,0.830486,0.0437963,0.426604,True,False,False,False
s141,1712,-12.2561,6.32561,-1.78683,0.0437963,0.426604,True,True,False,False
s141,1713,-18.6036,6.34752,-5.15018,0.0437963,0.426604,True,True,False,False
s141,1714,-11.3192,7.28444,-6.38398,0.0437963,0.426604,True,True,True,False
s141,1715,-6.98764,4.33153,-6.50471,0.0437963,0.426604,True,True,True,False
s141,1716,24.8332,31.8208,-0.237137,0.0437963,0.426604,True,False,False,False
s141,1717,-6.33939,31.1726,-1.45759,0.0437963,0.426604,True,True,True,False
s141,1718,20.7137,27.053,2.97666,0.0437963,0.426604,True,True,False,False
s141,1719,6.31803,14.3956,3.64493,0.0437963,0.426604,True,True,False,False
s141,1720,7.79324,1.47521,4.4746,0.0437963,0.426604,True,True,True,False
s141,1721,-2.25121,10.0444,3.12943,0.0437963,0.426604,True,False,False,False
s141,1722,9.10244,11.3536,4.32404,0.0437963,0.426604,True,True,True,False
s141,1723,12.709,3.60659,6.00103,0.0437963,0.426604,True,True,True,False
s141,1724,-18.0229,30.7319,1.19625,0.0437963,0.426604,True,False,False,False
s141,1725,1.33245,19.3554,1.22349,0.0437963,0.426604,True,True,False,False
s141,1726,-6.07943,7.41188,-0.237097,0.0437963,0.426604,True,True,False,False
s141,1727,12.9206,19,2.39443,0.0437963,0.426604,True,True,False,False
s141,1728,-7.1213,20.0419,0.491287,0.0437963,0.426604,True,True,False,False
s141,1729,10.9838,18.1051,2.58978,0.0437963,0.426604,True,True,False,False
s141,1730,19.8833,8.89959,6.04849,0.0437963,0.426604,True,True,False,False
s141,1731,0.645573,19.2378,4.96791,0.0437963,0.426604,False,True,True,False
s141,1732,3.98082,3.33524,4.77049,0.0437963,0.426604,True,True,True,False
s141,1733,18.0552,14.0744,7.42744,0.0437963,0.426604,True,True,True,False
s141,1734,-4.98608,23.0413,4.94473,0.0437963,0.426604,True,False,False,False
s141,1735,9996.55,10001.5,2003.27,0.0437963,0.426604,True,True,True,False
s141,1736,19.1821,9977.37,1606.45,0.0437963,0.426604,True,True,True,False
s141,1737,-4.32816,23.5103,1284.29,0.0437963,0.426604,True,False,False,False
s141,1738,11.0387,15.3669,1029.64,0.0437963,0.426604,True,True,False,False
s141,1739,5.49446,5.54425,824.813,0.0437963,0.426604,True,True,True,False
s141,1740,10.4633,4.96883,661.943,0.0437963,0.426604,True,True,True,False
s141,1741,-0.854584,11.3179,529.384,0.0437963,0.426604,True,False,False,False
s141,1742,-14.9361,14.0815,420.52,0.0437963,0.426604,True,True,False,False
s141,1743,5.7312,20.6673,337.562,0.0437963,0.426604,True,False,False,False
s141,1744,2.38868,3.34252,270.527,0.0437963,0.426604,True,True,False,False
s141,1745,0.529595,1.85909,216.528,0.0437963,0.426604,False,False,False,False
s141,1746,1.98344,1.45385,173.619,0.0437963,0.426604,True,True,True,False
s141,1747,-21.2283,23.2117,134.649,0.0437963,0.426604,True,False,False,False
s141,1748,0.455914,21.6842,107.811,0.0437963,0.426604,False,False,True,False
s141,1749,-4.62618,5.08209,85.3234,0.0437963,0.426604,True,True,False,False
s141,1750,11.0857,15.7119,70.4759,0.0437963,0.426604,True,False,False,False
s141,1751,-4.51448,15.6002,55.4778,0.0437963,0.426604,True,True,False,False
s141,1752,-23.0093,18.4948,39.7804,0.0437963,0.426604,True,True,False,False
s141,1753,-20.9909,2.01835,27.6261,0.0437963,0.426604,True,True,True,False
s141,1754,6.9623,27.9532,23.4934,0.0437963,0.426604,True,False,False,False
s141,1755,-12.1796,19.1419,16.3588,0.0437963,0.426604,True,True,True,False
s141,1756,4.66544,16.8451,14.0201,0.0437963,0.426604,True,True,False,False
s141,1757,-10.5601,15.2255,9.10406,0.0437963,0.426604,True,True,False,False
s141,1758,-10.473,0.0870452,5.18865,0.0437963,0.426604,True,True,False,False
s141,1759,-16.2117,5.73864,0.908588,0.0437963,0.426604,True,True,True,False
s141,1760,6.54756,22.7592,2.03638,0.0437963,0.426604,True,False,False,False
s141,1761,8.48497,1.93742,3.3261,0.0437963,0.426604,True,True,False,False
s141,1762,3.63844,4.84653,3.38857,0.0437963,0.426604,True,True,False,False
s141,1763,-13.228,16.8664,0.0652625,0.0437963,0.426604,True,False,False,False
s141,1764,22.8663,36.0943,4.62548,0.0437963,0.426604,True,True,True,False
s141,1765,-0.325113,23.1914,3.63536,0.0437963,0.426604,False,True,False,False
s141,1766,-9.56269,9.23758,0.995748,0.0437963,0.426604,True,True,False,False
s141,1767,0.415848,9.97854,0.879768,0.0437963,0.426604,False,False,False,False
s141,1768,0.566161,0.150314,0.817047,0.0437963,0.426604,False,False,False,False
s141,1769,0.322484,0.243677,0.718134,0.0437963,0.426604,False,False,False,False
s141,1770,0.63124,0.308755,0.700755,0.0437963,0.426604,False,False,False,False
s141,1771,0.420149,0.21109,0.644634,0.0437963,0.426604,False,False,False,False
s141,1772,0.643596,0.223447,0.644427,0.0437963,0.426604,False,True,False,False
s141,1773,0.106634,0.536962,0.536868,0.0437963,0.426604,False,False,False,False
s141,1774,0.196107,0.0894731,0.468716,0.0437963,0.426604,False,False,False,False
s141,1775,0.0652901,0.130817,0.388031,0.0437963,0.426604,False,False,False,False
s141,1776,0.370926,0.305636,0.38461,0.0437963,0.426604,False,False,False,False
s141,1777,0.164945,0.205981,0.340677,0.0437963,0.426604,False,False,False,False
s141,1778,0.213931,0.048986,0.315327,0.0437963,0.426604,False,False,False,False
s141,1779,0.235133,0.0212018,0.299288,0.0437963,0.426604,False,False,False,False
s141,1780,0.390529,0.155397,0.317537,0.0437963,0.426604,False,False,False,False
s141,1781,0.0882784,0.302251,0.271685,0.0437963,0.426604,False,False,False,False
s141,1782,0.697666,0.609387,0.356881,0.0437963,0.426604,False,False,False,False
s141,1783,0.377516,0.32015,0.361008,0.0437963,0.426604,False,False,False,False
s141,1784,0.270603,0.106913,0.342927,0.0437963,0.426604,False,False,False,False
s141,1785,0.109196,0.161407,0.296181,0.0437963,0.426604,False,False,False,False
s141,1786,0.216854,0.107659,0.280315,0.0437963,0.426604,False,False,False,False
s141,1787,0.541507,0.324652,0.332554,0.0437963,0.426604,False,False,False,False
s141,1788,0.450138,0.0913687,0.356071,0.0437963,0.426604,False,False,False,False
s141,1789,0.38124,0.0688982,0.361104,0.0437963,0.426604,False,False,False,False
s141,1790,0.195847,0.185393,0.328053,0.0437963,0.426604,False,False,False,False
s141,1791,0.0787534,0.117094,0.278193,0.0437963,0.426604,False,False,False,False
s141,1792,0.584498,0.505745,0.339454,0.0437963,0.426604,False,False,False,False
s141,1793,0.114829,0.46967,0.294529,0.0437963,0.426604,False,False,False,False
s141,1794,0.162846,0.0480166,0.268192,0.0437963,0.426604,False,False,False,False
s141,1795,0.123891,0.0389546,0.239332,0.0437963,0.426604,False,False,False,False
s141,1796,0.686548,0.562657,0.328775,0.0437963,0.426604,False,False,False,False
s141,1797,0.062814,0.623734,0.275583,0.0437963,0.426604,False,False,False,False
s141,1798,3.22736,3.16455,0.865939,0.0437963,0.426604,True,True,False,False
s141,1799,0.145244,3.08212,0.7218,0.0437963,0.426604,False,False,False,False
s141,1800,0.126015,0.0192287,0.602643,0.0437963,0.426604,False,False,False,False
s141,1801,0.213753,0.0877376,0.524865,0.0437963,0.426604,False,False,False,False
s141,1802,0.139737,0.0740161,0.447839,0.0437963,0.426604,False,False,False,False
s141,1803,0.0950751,0.0446616,0.377286,0.0437963,0.426604,False,False,False,False
s141,1804,0.239878,0.144803,0.349805,0.0437963,0.426604,False,False,False,False
s141,1805,0.110303,0.129576,0.301904,0.0437963,0.426604,False,False,False,False
s141,1806,0.427505,0.317203,0.327024,0.0437963,0.426604,False,False,False,False
s141,1807,0.470438,0.0429331,0.355707,0.0437963,0.426604,False,False,False,False
s141,1808,0.56333,0.0928919,0.397232,0.0437963,0.426604,False,False,False,False
s141,1809,0.614334,0.0510034,0.440652,0.0437963,0.426604,False,False,True,False
s141,1810,0.104623,0.50971,0.373446,0.0437963,0.426604,False,False,False,False
s141,1811,0.286976,0.182352,0.356152,0.0437963,0.426604,False,False,False,False
s141,1812,0.275096,0.0118801,0.339941,0.0437963,0.426604,False,False,False,False
s141,1813,0.802652,0.527557,0.432483,0.0437963,0.426604,False,False,False,False
s141,1814,0.208583,0.59407,0.387703,0.0437963,0.426604,False,False,False,False
s141,1815,0.370641,0.162059,0.384291,0.0437963,0.426604,False,False,False,False
s141,1816,0.254318,0.116323,0.358296,0.0437963,0.426604,False,False,False,False
s141,1817,0.127889,0.126429,0.312215,0.0437963,0.426604,False,False,False,False
s141,1818,1.20219,1.0743,0.490209,0.0437963,0.426604,True,False,False,False
s141,1819,0.208837,0.99335,0.433935,0.0437963,0.426604,False,False,False,False
s141,1820,0.310944,0.102107,0.409337,0.0437963,0.426604,False,False,False,False
s141,1821,0.265925,0.0450187,0.380654,0.0437963,0.426604,False,False,False,False
s141,1822,0.07943,0.186495,0.320409,0.0437963,0.426604,False,False,False,False
s141,1823,0.160645,0.0812151,0.288457,0.0437963,0.426604,False,False,False,False
s141,1824,0.425604,0.264959,0.315886,0.0437963,0.426604,False,False,False,False
s141,1825,0.143295,0.282309,0.281368,0.0437963,0.426604,False,False,False,False
s141,1826,0.13517,0.00812545,0.252128,0.0437963,0.426604,False,False,False,False
s141,1827,0.103783,0.0313864,0.222459,0.0437963,0.426604,False,False,False,False
s141,1828,0.619055,0.515272,0.301778,0.0437963,0.426604,False,False,False,False
s141,1829,0.132349,0.486706,0.267892,0.0437963,0.426604,False,False,False,False
s141,1830,0.107435,0.024914,0.235801,0.0437963,0.426604,False,False,False,False
s141,1831,0.585595,0.47816,0.30576,0.0437963,0.426604,False,False,False,False
s141,1832,0.670173,0.0845776,0.378642,0.0437963,0.426604,False,False,False,False
s141,1833,0.270911,0.399261,0.357096,0.0437963,0.426604,False,False,False,False
s141,1834,0.589995,0.319084,0.403676,0.0437963,0.426604,False,False,False,False
s141,1835,0.101363,0.488633,0.343213,0.0437963,0.426604,False,False,False,False
s141,1836,0.195534,0.0941714,0.313677,0.0437963,0.426604,False,False,False,False
s141,1837,0.438624,0.24309,0.338667,0.0437963,0.426604,False,False,False,False
s141,1838,0.067529,0.371095,0.284439,0.0437963,0.426604,False,False,False,False
s141,1839,0.369435,0.301906,0.301438,0.0437963,0.426604,False,False,False,False
s141,1840,0.504968,0.135533,0.342144,0.0437963,0.426604,False,False,False,False
s141,1841,0.147923,0.357045,0.3033,0.0437963,0.426604,False,False,False,False
s141,1842,0.134316,0.0136077,0.269503,0.0437963,0.426604,False,False,False,False
s141,1843,0.17673,0.0424139,0.250948,0.0437963,0.426604,False,False,False,False
s141,1844,0.248478,0.071749,0.250454,0.0437963,0.426604,False,False,False,False
s141,1845,0.30252,0.0540418,0.260868,0.0437963,0.426604,False,False,False,False
s141,1846,0.0393626,0.263158,0.216567,0.0437963,0.426604,False,False,False,False
s141,1847,0.428083,0.38872,0.25887,0.0437963,0.426604,False,False,False,False
s141,1848,0.250476,0.177607,0.257191,0.0437963,0.426604,False,False,False,False
s141,1849,0.102416,0.14806,0.226236,0.0437963,0.426604,False,False,False,False
s141,1850,0.514162,0.411746,0.283821,0.0437963,0.426604,False,False,False,False
s141,1851,0.140548,0.373614,0.255166,0.0437963,0.426604,False,False,False,False
s141,1852,0.138013,0.00253469,0.231736,0.0437963,0.426604,False,False,False,False
s141,1853,0.106876,0.0311369,0.206764,0.0437963,0.426604,False,False,False,False
s141,1854,0.203722,0.0968463,0.206155,0.0437963,0.426604,False,False,False,False
s141,1855,0.472249,0.268527,0.259374,0.0437963,0.426604,False,False,False,False
s141,1856,0.169012,0.303237,0.241302,0.0437963,0.426604,False,False,False,False
s141,1857,0.613841,0.444829,0.31581,0.0437963,0.426604,False,False,False,False
s141,1858,0.0808219,0.533019,0.268812,0.0437963,0.426604,False,False,False,False
s141,1859,0.206413,0.125591,0.256332,0.0437963,0.426604,False,False,False,False
s141,1860,0.267141,0.0607275,0.258494,0.0437963,0.426604,False,False,False,False
s141,1861,0.192445,0.0746956,0.245284,0.0437963,0.426604,False,False,False,False
s141,1862,0.257926,0.0654812,0.247813,0.0437963,0.426604,False,False,False,False
s141,1863,0.217853,0.0400735,0.241821,0.0437963,0.426604,False,False,False,False
s141,1864,0.179942,0.0379113,0.229445,0.0437963,0.426604,False,False,False,False
s141,1865,0.154331,0.0256109,0.214422,0.0437963,0.426604,False,False,False,False
s141,1866,0.180853,0.0265228,0.207708,0.0437963,0.426604,False,False,False,False
s276,0,0.131,,0.08812,0.0179477,0.136852,False,False,False,False
s276,1,0.0767,0.0543,0.085836,0.0179477,0.136852,False,False,False,False
s276,2,0.1117,0.035,0.0910088,0.0179477,0.136852,False,False,False,False
s276,3,0.0581,0.0536,0.084427,0.0179477,0.136852,False,False,False,False
s276,4,0.1092,0.0511,0.0893816,0.0179477,0.136852,False,False,False,False
s276,5,0.1092,0,0.0933453,0.0179477,0.136852,False,False,False,False
s276,6,0.0767,0.0325,0.0900162,0.0179477,0.136852,False,False,False,False
s276,7,0.0216,0.0551,0.076333,0.0179477,0.136852,False,False,False,False
s276,8,0.0216,0,0.0653864,0.0179477,0.136852,False,False,False,False
s276,9,0.0216,0,0.0566291,0.0179477,0.136852,False,False,False,False
s276,10,0.0372,0.0156,0.0527433,0.0179477,0.136852,False,False,False,False
s276,11,0.0856,0.0484,0.0593146,0.0179477,0.136852,False,False,False,False
s276,12,0.0372,0.0484,0.0548917,0.0179477,0.136852,False,False,False,False
s276,13,0.0482,0.011,0.0535534,0.0179477,0.136852,False,False,False,False
s276,14,0.061,0.0128,0.0550427,0.0179477,0.136852,False,False,False,False
s276,15,0.061,0,0.0562342,0.0179477,0.136852,False,False,False,False
s276,16,0.1896,0.1286,0.0829073,0.0179477,0.136852,False,False,False,False
s276,17,0.1896,0,0.104246,0.0179477,0.136852,False,False,False,False
s276,18,0.0892,0.1004,0.101237,0.0179477,0.136852,False,False,False,False
s276,19,0.1648,0.0756,0.113949,0.0179477,0.136852,False,False,False,False
s276,20,,,0.113949,0.0179477,0.136852,False,False,False,False
s276,21,0.0892,,0.108999,0.0179477,0.136852,False,False,False,False
s276,22,0.0892,0,0.10504,0.0179477,0.136852,False,False,False,False
s276,23,0.0568,0.0324,0.0953917,0.0179477,0.136852,False,False,False,False
s276,24,0.0356,0.0212,0.0834333,0.0179477,0.136852,False,False,False,False
s276,25,0.1912,0.1556,0.104987,0.0179477,0.136852,False,False,False,False
s276,26,0.1912,0,0.122229,0.0179477,0.136852,False,False,False,False
s276,27,0.2666,0.0754,0.151103,0.0179477,0.136852,True,False,False,False
s276,28,0.0796,0.187,0.136803,0.0179477,0.136852,False,False,False,False
s276,29,0.0672,0.0124,0.122882,0.0179477,0.136852,False,False,False,False
s276,30,0.0434,0.0238,0.106986,0.0179477,0.136852,False,False,False,False
s276,31,0.0672,0.0238,0.0990286,0.0179477,0.136852,False,False,False,False
s276,32,0.0298,0.0374,0.0851829,0.0179477,0.136852,False,False,False,False
s276,33,0.0298,0,0.0741063,0.0179477,0.136852,False,False,False,False
s276,34,0.0793,0.0495,0.0751451,0.0179477,0.136852,False,False,False,False
s276,35,0.0434,0.0359,0.068796,0.0179477,0.136852,False,False,False,False
s276,36,0.2123,0.1689,0.0974968,0.0179477,0.136852,False,False,False,False
s276,37,0.0764,0.1359,0.0932775,0.0179477,0.136852,False,False,False,False
s276,38,0.2386,0.1622,0.122342,0.0179477,0.136852,False,True,False,False
s276,39,0.0333,0.2053,0.104534,0.0179477,0.136852,False,False,False,False
s276,40,0.1752,0.1419,0.118667,0.0179477,0.136852,False,False,False,False
s276,41,0.0672,0.108,0.108373,0.0179477,0.136852,False,False,False,False
s276,42,0.0672,0,0.100139,0.0179477,0.136852,False,False,False,False
s276,43,0.1512,0.084,0.110351,0.0179477,0.136852,False,False,False,False
s276,44,0.1873,0.0361,0.125741,0.0179477,0.136852,False,False,False,False
s276,45,0.1873,0,0.138053,0.0179477,0.136852,False,False,False,False
s276,46,0.1873,0,0.147902,0.0179477,0.136852,False,False,True,False
s276,47,0.1873,0,0.155782,0.0179477,0.136852,False,False,True,False
s276,48,0.0333,0.154,0.131285,0.0179477,0.136852,False,False,False,False
s276,49,0.1512,0.1179,0.135268,0.0179477,0.136852,False,False,True,False
s276,50,0.0527,0.0985,0.118755,0.0179477,0.136852,False,False,False,False
s276,51,0.0396,0.0131,0.102924,0.0179477,0.136852,False,False,False,False
s276,52,0.1873,0.1477,0.119799,0.0179477,0.136852,False,False,False,False
s276,53,0.0527,0.1346,0.106379,0.0179477,0.136852,False,False,False,False
s276,54,0.0396,0.0131,0.0930233,0.0179477,0.136852,False,False,False,False
s276,55,0.1873,0.1477,0.111879,0.0179477,0.136852,False,False,False,False
s276,56,0.1527,0.0346,0.120043,0.0179477,0.136852,False,False,False,False
s276,57,0.2608,0.1081,0.148194,0.0179477,0.136852,True,False,False,False
s276,58,0.1406,0.1202,0.146675,0.0179477,0.136852,False,False,True,False
s276,59,0.0298,0.1108,0.1233,0.0179477,0.136852,False,False,False,False
s276,60,0.1527,0.1229,0.12918,0.0179477,0.136852,False,False,True,False
s276,61,0.199,0.0463,0.143144,0.0179477,0.136852,False,False,True,False
s276,62,0.1527,0.0463,0.145055,0.0179477,0.136852,False,False,True,False
s276,63,0.1616,0.0089,0.148364,0.0179477,0.136852,False,False,True,False
s276,64,0.1416,0.02,0.147011,0.0179477,0.136852,False,False,True,False
s276,65,0.2414,0.0998,0.165889,0.0179477,0.136852,False,False,True,False
s276,66,0.2414,0,0.180991,0.0179477,0.136852,False,True,True,False
s276,67,0.2414,0,0.193073,0.0179477,0.136852,False,True,True,True
s276,68,0.1616,0.0798,0.186778,0.0179477,0.136852,False,False,True,True
s276,69,0.199,0.0374,0.189223,0.0179477,0.136852,False,True,True,True
s276,70,0.1616,0.0374,0.183698,0.0179477,0.136852,False,False,True,True
s276,71,0.1968,0.0352,0.186319,0.0179477,0.136852,False,True,True,True
s276,72,0.1968,0,0.188415,0.0179477,0.136852,False,True,True,True
s276,73,0.199,0.0022,0.190532,0.0179477,0.136852,False,True,True,True
s276,74,0.3087,0.1097,0.214166,0.0179477,0.136852,True,True,True,True
s276,75,0.1968,0.1119,0.210692,0.0179477,0.136852,False,True,True,True
s276,76,0.1291,0.0677,0.194374,0.0179477,0.136852,False,False,False,True
s276,77,0.1968,0.0677,0.194859,0.0179477,0.136852,False,True,True,True
s276,78,0.1291,0.0677,0.181707,0.0179477,0.136852,False,False,False,True
s276,79,0.1616,0.0325,0.177686,0.0179477,0.136852,False,False,False,True
s276,80,0.1291,0.0325,0.167969,0.0179477,0.136852,False,False,False,True
s276,81,0.1616,0.0325,0.166695,0.0179477,0.136852,False,False,False,True
s276,82,0.0553,0.1063,0.144416,0.0179477,0.136852,False,False,False,False
s276,83,0.2414,0.1861,0.163813,0.0179477,0.136852,False,False,False,False
s276,84,0.1616,0.0798,0.16337,0.0179477,0.136852,False,False,False,False
s276,85,0.3087,0.1471,0.192436,0.0179477,0.136852,True,True,True,False
s276,86,0.3087,0,0.215689,0.0179477,0.136852,True,True,True,False
s276,87,0.2134,0.0953,0.215231,0.0179477,0.136852,False,True,True,False
s276,88,0.1302,0.0832,0.198225,0.0179477,0.136852,False,False,False,False
s276,89,0.1717,0.0415,0.19292,0.0179477,0.136852,False,False,True,False
s276,90,0.1302,0.0415,0.180376,0.0179477,0.136852,False,False,False,True
s276,91,0.1512,0.021,0.174541,0.0179477,0.136852,False,False,False,True
s276,92,0.1616,0.0104,0.171953,0.0179477,0.136852,False,False,False,True
s276,93,0.0473,0.1143,0.147022,0.0179477,0.136852,False,False,False,False
s276,94,0.158,0.1107,0.149218,0.0179477,0.136852,False,False,False,False
s276,95,0.5235,0.3655,0.224074,0.0179477,0.136852,True,False,True,False
s276,96,0.1968,0.3267,0.218619,0.0179477,0.136852,False,True,True,False
s276,97,0.1302,0.0666,0.200935,0.0179477,0.136852,False,False,False,False
s276,98,0.2134,0.0832,0.203428,0.0179477,0.136852,False,True,True,False
s276,99,0.1837,0.0297,0.199483,0.0179477,0.136852,False,False,True,False
s276,100,0.1302,0.0535,0.185626,0.0179477,0.136852,False,False,False,False
s276,101,0.1588,0.0286,0.180261,0.0179477,0.136852,False,False,False,True
s276,102,0.0738,0.085,0.158969,0.0179477,0.136852,False,False,False,False
s276,103,0.1302,0.0564,0.153215,0.0179477,0.136852,False,False,False,False
s276,104,0.1717,0.0415,0.156912,0.0179477,0.136852,False,False,False,False
s276,105,0.1094,0.0623,0.14741,0.0179477,0.136852,False,False,False,False
s276,106,0.1579,0.0485,0.149508,0.0179477,0.136852,False,False,False,False
s276,107,0.158,0.0001,0.151206,0.0179477,0.136852,False,False,False,False
s276,108,0.1579,0.0001,0.152545,0.0179477,0.136852,False,False,True,False
s276,109,0.1579,0,0.153616,0.0179477,0.136852,False,False,True,False
s276,110,0.1094,0.0485,0.144773,0.0179477,0.136852,False,False,False,True
s276,111,0.1624,0.053,0.148298,0.0179477,0.136852,False,False,True,True
s276,112,0.3053,0.1429,0.179699,0.0179477,0.136852,True,False,True,True
s276,113,0.3719,0.0666,0.218139,0.0179477,0.136852,True,True,True,True
s276,114,0.1837,0.1882,0.211251,0.0179477,0.136852,False,False,True,True
s276,115,0.081,0.1027,0.185201,0.0179477,0.136852,False,False,False,True
s276,116,0.0256,0.0554,0.153281,0.0179477,0.136852,False,False,False,False
s276,117,0.1837,0.1581,0.159365,0.0179477,0.136852,False,False,False,False
s276,118,0.1094,0.0743,0.149372,0.0179477,0.136852,False,False,False,False
s276,119,0.1579,0.0485,0.151077,0.0179477,0.136852,False,False,False,False
s276,120,0.2134,0.0555,0.163542,0.0179477,0.136852,False,False,False,False
s276,121,0.1579,0.0555,0.162413,0.0179477,0.136852,False,False,True,False
s276,122,0.0977,0.0602,0.149471,0.0179477,0.136852,False,False,False,False
s276,123,0.1889,0.0912,0.157357,0.0179477,0.136852,False,False,True,False
s276,124,0.2685,0.0796,0.179585,0.0179477,0.136852,True,False,True,True
s276,125,0.0405,0.228,0.151768,0.0179477,0.136852,False,False,False,False
s276,126,0.1717,0.1312,0.155755,0.0179477,0.136852,False,False,False,False
s276,127,0.2685,0.0968,0.178304,0.0179477,0.136852,True,False,True,False
s276,128,0.1837,0.0848,0.179383,0.0179477,0.136852,False,False,True,False
s276,129,0.1523,0.0314,0.173966,0.0179477,0.136852,False,False,True,False
s276,130,0.2134,0.0611,0.181853,0.0179477,0.136852,False,False,True,False
s276,131,0.1579,0.0555,0.177062,0.0179477,0.136852,False,False,True,False
s276,132,0.0405,0.1174,0.14975,0.0179477,0.136852,False,False,False,False
s276,133,0.158,0.1175,0.1514,0.0179477,0.136852,False,False,True,False
s276,134,0.4234,0.2654,0.2058,0.0179477,0.136852,True,False,True,False
s276,135,0.0977,0.3257,0.18418,0.0179477,0.136852,False,False,False,False
s276,136,0.0256,0.0721,0.152464,0.0179477,0.136852,False,False,False,False
s276,137,0.0256,0,0.127091,0.0179477,0.136852,False,False,False,False
s276,138,0.1579,0.1323,0.133253,0.0179477,0.136852,False,False,False,False
s276,139,0.081,0.0769,0.122802,0.0179477,0.136852,False,False,False,False
s276,140,0.0402,0.0408,0.106282,0.0179477,0.136852,False,False,False,False
s276,141,0.0402,0,0.0930655,0.0179477,0.136852,False,False,False,False
s276,142,0.0405,0.0003,0.0825524,0.0179477,0.136852,False,False,False,False
s276,143,0.0977,0.0572,0.0855819,0.0179477,0.136852,False,False,False,False
s276,144,0.0405,0.0572,0.0765655,0.0179477,0.136852,False,False,False,False
s276,145,0.0405,0,0.0693524,0.0179477,0.136852,False,False,False,False
s276,146,0.0977,0.0572,0.0750219,0.0179477,0.136852,False,False,False,False
s276,147,0.4234,0.3257,0.144698,0.0179477,0.136852,True,False,False,False
s276,148,0.0402,0.3832,0.123798,0.0179477,0.136852,False,False,False,False
s276,149,0.1549,0.1147,0.130018,0.0179477,0.136852,False,False,False,False
s276,150,0.0448,0.1101,0.112975,0.0179477,0.136852,False,False,False,False
s276,151,0.5235,0.4787,0.19508,0.0179477,0.136852,True,False,False,False
s276,152,0.0977,0.4258,0.175604,0.0179477,0.136852,False,False,False,False
s276,153,0.4234,0.3257,0.225163,0.0179477,0.136852,True,True,False,False
s276,154,0.0405,0.3829,0.18823,0.0179477,0.136852,False,False,False,False
s276,155,0.0413,0.0008,0.158844,0.0179477,0.136852,False,False,False,False
s276,156,0.0412,0.0001,0.135315,0.0179477,0.136852,False,False,False,False
s276,157,0.9016,0.8604,0.288572,0.0179477,0.136852,True,False,False,False
s276,158,0.0285,0.8731,0.236558,0.0179477,0.136852,False,False,False,False
s276,159,0.153,0.1245,0.219846,0.0179477,0.136852,False,False,False,False
s276,160,0.153,0,0.206477,0.0179477,0.136852,False,False,False,False
s276,161,0.099,0.054,0.184982,0.0179477,0.136852,False,False,False,False
s276,162,0.153,0.054,0.178585,0.0179477,0.136852,False,False,False,False
s276,163,0.0412,0.1118,0.151108,0.0179477,0.136852,False,False,False,False
s276,164,0.2206,0.1794,0.165007,0.0179477,0.136852,False,False,False,False
s276,165,0.099,0.1216,0.151805,0.0179477,0.136852,False,False,False,False
s276,166,0.2628,0.1638,0.174004,0.0179477,0.136852,True,True,False,False
s276,167,0.153,0.1098,0.169803,0.0179477,0.136852,False,False,False,False
s276,168,0.2628,0.1098,0.188403,0.0179477,0.136852,True,True,True,False
s276,169,0.153,0.1098,0.181322,0.0179477,0.136852,False,False,True,False
s276,170,0.099,0.054,0.164858,0.0179477,0.136852,False,False,False,False
s276,171,0.153,0.054,0.162486,0.0179477,0.136852,False,False,True,True
s276,172,0.099,0.054,0.149789,0.0179477,0.136852,False,False,False,True
s276,173,0.1789,0.0799,0.155611,0.0179477,0.136852,False,False,False,True
s276,174,0.1944,0.0155,0.163369,0.0179477,0.136852,False,False,False,True
s276,175,0.1789,0.0155,0.166475,0.0179477,0.136852,False,False,True,True
s276,176,0.1789,0,0.16896,0.0179477,0.136852,False,False,True,True
s276,177,0.1789,0,0.170948,0.0179477,0.136852,False,False,True,True
s276,178,0.1944,0.0155,0.175638,0.0179477,0.136852,False,False,True,True
s276,179,0.1754,0.019,0.175591,0.0179477,0.136852,False,False,True,True
s276,180,0.099,0.0764,0.160273,0.0179477,0.136852,False,False,False,True
s276,181,0.1754,0.0764,0.163298,0.0179477,0.136852,False,False,True,True
s276,182,0.099,0.0764,0.150438,0.0179477,0.136852,False,False,False,True
s276,183,0.0763,0.0227,0.135611,0.0179477,0.136852,False,False,False,False
s276,184,0.1944,0.1181,0.147369,0.0179477,0.136852,False,False,False,False
s276,185,0.1094,0.085,0.139775,0.0179477,0.136852,False,False,False,False
s276,186,0.099,0.0104,0.13162,0.0179477,0.136852,False,False,False,False
s276,187,0.099,0,0.125096,0.0179477,0.136852,False,False,False,False
s276,188,0.099,0,0.119877,0.0179477,0.136852,False,False,False,False
s276,189,0.0574,0.0416,0.107381,0.0179477,0.136852,False,False,False,False
s276,190,0.0605,0.0031,0.0980051,0.0179477,0.136852,False,False,False,False
s276,191,0.0605,0,0.0905041,0.0179477,0.136852,False,False,False,False
s276,192,0.0536,0.0069,0.0831233,0.0179477,0.136852,False,False,False,False
s276,193,0.0519,0.0017,0.0768786,0.0179477,0.136852,False,False,False,False
s276,194,0.0536,0.0017,0.0722229,0.0179477,0.136852,False,False,False,False
s276,195,0.1094,0.0558,0.0796583,0.0179477,0.136852,False,False,False,False
s276,196,0.2501,0.1407,0.113747,0.0179477,0.136852,False,False,False,False
s276,197,0.137,0.1131,0.118397,0.0179477,0.136852,False,False,False,False
s276,198,0.3248,0.1878,0.159678,0.0179477,0.136852,True,True,False,False
s276,199,0.1322,0.1926,0.154182,0.0179477,0.136852,False,False,False,False
s276,200,0.0729,0.0593,0.137926,0.0179477,0.136852,False,False,False,False
s276,201,0.0409,0.032,0.118521,0.0179477,0.136852,False,False,False,False
s276,202,0.0475,0.0066,0.104317,0.0179477,0.136852,False,False,False,False
s276,203,0.1775,0.13,0.118953,0.0179477,0.136852,False,False,False,False
s276,204,0.0325,0.145,0.101663,0.0179477,0.136852,False,False,False,False
s276,205,0.0325,0,0.0878301,0.0179477,0.136852,False,False,False,False
s276,206,0.1772,0.1447,0.105704,0.0179477,0.136852,False,False,False,False
s276,207,0.1884,0.0112,0.122243,0.0179477,0.136852,False,False,False,False
s276,208,0.1164,0.072,0.121075,0.0179477,0.136852,False,False,False,False
s276,209,0.1775,0.0611,0.13236,0.0179477,0.136852,False,False,False,False
s276,210,0.2271,0.0496,0.151308,0.0179477,0.136852,False,False,True,False
s276,211,0.037,0.1901,0.128446,0.0179477,0.136852,False,False,False,False
s276,212,0.0532,0.0162,0.113397,0.0179477,0.136852,False,False,False,False
s276,213,0.1088,0.0556,0.112478,0.0179477,0.136852,False,False,False,False
s276,214,0.1338,0.025,0.116742,0.0179477,0.136852,False,False,False,False
s276,215,0.1775,0.0437,0.128894,0.0179477,0.136852,False,False,False,False
s276,216,0.1775,0,0.138615,0.0179477,0.136852,False,False,False,False
s276,217,0.1164,0.0611,0.134172,0.0179477,0.136852,False,False,False,False
s276,218,0.1272,0.0108,0.132778,0.0179477,0.136852,False,False,False,False
s276,219,0.0774,0.0498,0.121702,0.0179477,0.136852,False,False,False,False
s276,220,0.0774,0,0.112842,0.0179477,0.136852,False,False,False,False
s276,221,0.1779,0.1005,0.125853,0.0179477,0.136852,False,False,False,False
s276,222,0.1775,0.0004,0.136183,0.0179477,0.136852,False,False,False,False
s276,223,0.1338,0.0437,0.135706,0.0179477,0.136852,False,False,False,False
s276,224,0.0281,0.1057,0.114185,0.0179477,0.136852,False,False,False,False
s276,225,0.0281,0,0.0969679,0.0179477,0.136852,False,False,False,False
s276,226,0.0281,0,0.0831943,0.0179477,0.136852,False,False,False,False
s276,227,0.0281,0,0.0721755,0.0179477,0.136852,False,False,False,False
s276,228,0.1088,0.0807,0.0795004,0.0179477,0.136852,False,False,False,False
s276,229,0.1338,0.025,0.0903603,0.0179477,0.136852,False,False,False,False
s276,230,0.1338,0,0.0990482,0.0179477,0.136852,False,False,False,False
s276,231,0.0568,0.077,0.0905986,0.0179477,0.136852,False,False,False,False
s276,232,0.2063,0.1495,0.113739,0.0179477,0.136852,False,False,False,False
s276,233,0.2104,0.0041,0.133071,0.0179477,0.136852,False,True,False,False
s276,234,0.0586,0.1518,0.118177,0.0179477,0.136852,False,False,False,False
s276,235,0.0281,0.0305,0.100162,0.0179477,0.136852,False,False,False,False
s276,236,0.0532,0.0251,0.0907692,0.0179477,0.136852,False,False,False,False
s276,237,0.1338,0.0806,0.0993754,0.0179477,0.136852,False,False,False,False
s276,238,0.0532,0.0806,0.0901403,0.0179477,0.136852,False,False,False,False
s276,239,0.0594,0.0062,0.0839922,0.0179477,0.136852,False,False,False,False
s276,240,0.0946,0.0352,0.0861138,0.0179477,0.136852,False,False,False,False
s276,241,0.1338,0.0392,0.095651,0.0179477,0.136852,False,False,False,False
s276,242,0.0314,0.1024,0.0828008,0.0179477,0.136852,False,False,False,False
s276,243,0.2063,0.1749,0.107501,0.0179477,0.136852,False,False,False,False
s276,244,0.0475,0.1588,0.0955005,0.0179477,0.136852,False,False,False,False
s276,245,0.0586,0.0111,0.0881204,0.0179477,0.136852,False,False,False,False
s276,246,0.0586,0,0.0822163,0.0179477,0.136852,False,False,False,False
s276,247,0.0375,0.0211,0.0732731,0.0179477,0.136852,False,False,False,False
s276,248,0.0375,0,0.0661185,0.0179477,0.136852,False,False,False,False
s276,249,0.0394,0.0019,0.0607748,0.0179477,0.136852,False,False,False,False
s276,250,0.0333,0.0061,0.0552798,0.0179477,0.136852,False,False,False,False
s276,251,0.0394,0.0061,0.0521038,0.0179477,0.136852,False,False,False,True
s276,252,0.0594,0.02,0.0535631,0.0179477,0.136852,False,False,False,True
s276,253,0.1157,0.0563,0.0659905,0.0179477,0.136852,False,False,False,False
s276,254,0.0281,0.0876,0.0584124,0.0179477,0.136852,False,False,False,False
s276,255,0.1157,0.0876,0.0698699,0.0179477,0.136852,False,False,False,False
s276,256,0.1157,0,0.0790359,0.0179477,0.136852,False,False,False,False
s276,257,0.1406,0.0249,0.0913487,0.0179477,0.136852,False,False,False,False
s276,258,0.0373,0.1033,0.080539,0.0179477,0.136852,False,False,False,False
s276,259,0.0594,0.0221,0.0763112,0.0179477,0.136852,False,False,False,False
s276,260,0.0373,0.0221,0.068509,0.0179477,0.136852,False,False,False,False
s276,261,0.1406,0.1033,0.0829272,0.0179477,0.136852,False,False,False,False
s276,262,0.0586,0.082,0.0780617,0.0179477,0.136852,False,False,False,False
s276,263,0.1406,0.082,0.0905694,0.0179477,0.136852,False,False,False,False
s276,264,0.0586,0.082,0.0841755,0.0179477,0.136852,False,False,False,False
s276,265,0.1406,0.082,0.0954604,0.0179477,0.136852,False,False,False,False
s276,266,0.0594,0.0812,0.0882483,0.0179477,0.136852,False,False,False,False
s276,267,0.0394,0.02,0.0784787,0.0179477,0.136852,False,False,False,False
s276,268,0.1406,0.1012,0.0909029,0.0179477,0.136852,False,False,False,False
s276,269,0.1406,0,0.100842,0.0179477,0.136852,False,False,False,False
s276,270,0.0825,0.0581,0.0971739,0.0179477,0.136852,False,False,False,False
s276,271,0.1157,0.0332,0.100879,0.0179477,0.136852,False,False,False,False
s276,272,0.0333,0.0824,0.0873633,0.0179477,0.136852,False,False,False,False
s276,273,0.1406,0.1073,0.0980106,0.0179477,0.136852,False,False,False,False
s276,274,0.1157,0.0249,0.101548,0.0179477,0.136852,False,False,False,False
s276,275,0.1157,0,0.104379,0.0179477,0.136852,False,False,False,False
s276,276,0.1406,0.0249,0.111623,0.0179477,0.136852,False,False,False,False
s276,277,0.0333,0.1073,0.0959584,0.0179477,0.136852,False,False,False,False
s276,278,0.0394,0.0061,0.0846467,0.0179477,0.136852,False,False,False,False
s276,279,0.1406,0.1012,0.0958374,0.0179477,0.136852,False,False,False,False
s276,280,0.0217,0.1189,0.0810099,0.0179477,0.136852,False,False,False,False
s276,281,0.1406,0.1189,0.0929279,0.0179477,0.136852,False,False,False,False
s276,282,0.0586,0.082,0.0860623,0.0179477,0.136852,False,False,False,False
s276,283,0.0409,0.0177,0.0770299,0.0179477,0.136852,False,False,False,False
s276,284,0.1529,0.112,0.0922039,0.0179477,0.136852,False,False,False,False
s276,285,0.0409,0.112,0.0819431,0.0179477,0.136852,False,False,False,False
s276,286,0.0409,0,0.0737345,0.0179477,0.136852,False,False,False,False
s276,287,0.1529,0.112,0.0895676,0.0179477,0.136852,False,False,False,False
s276,288,0.1529,0,0.102234,0.0179477,0.136852,False,False,False,False
s276,289,0.0814,0.0715,0.0980673,0.0179477,0.136852,False,False,False,False
s276,290,0.0333,0.0481,0.0851138,0.0179477,0.136852,False,False,False,False
s276,291,0.1157,0.0824,0.091231,0.0179477,0.136852,False,False,False,False
s276,292,0.1529,0.0372,0.103565,0.0179477,0.136852,False,False,False,False
s276,293,0.0409,0.112,0.0910319,0.0179477,0.136852,False,False,False,False
s276,294,0.0217,0.0192,0.0771655,0.0179477,0.136852,False,False,False,False
s276,295,0.1529,0.1312,0.0923124,0.0179477,0.136852,False,False,False,False
s276,296,0.1716,0.0187,0.10817,0.0179477,0.136852,False,False,False,False
s276,297,0.0394,0.1322,0.0944159,0.0179477,0.136852,False,False,False,False
s276,298,0.0814,0.042,0.0918127,0.0179477,0.136852,False,False,False,False
s276,299,0.0814,0,0.0897302,0.0179477,0.136852,False,False,False,False
s276,300,0.1125,0.0311,0.0942842,0.0179477,0.136852,False,False,False,False
s276,301,0.0217,0.0908,0.0797673,0.0179477,0.136852,False,False,False,False
s276,302,0.1097,0.088,0.0857539,0.0179477,0.136852,False,False,False,False
s276,303,0.0882,0.0215,0.0862431,0.0179477,0.136852,False,False,False,False
s276,304,0.1716,0.0834,0.103314,0.0179477,0.136852,False,False,False,False
s276,305,0.0217,0.1499,0.0869916,0.0179477,0.136852,False,False,False,False
s276,306,0.1097,0.088,0.0915333,0.0179477,0.136852,False,False,False,False
s276,307,0.1529,0.0432,0.103807,0.0179477,0.136852,False,False,False,False
s276,308,0.1529,0,0.113625,0.0179477,0.136852,False,False,False,False
s276,309,0.0333,0.1196,0.0975602,0.0179477,0.136852,False,False,False,False
s276,310,0.1529,0.1196,0.108628,0.0179477,0.136852,False,False,False,False
s276,311,0.1529,0,0.117483,0.0179477,0.136852,False,False,True,False
s276,312,0.0882,0.0647,0.111626,0.0179477,0.136852,False,False,False,False
s276,313,0.0882,0,0.106941,0.0179477,0.136852,False,False,False,False
s276,314,0.1364,0.0482,0.112833,0.0179477,0.136852,False,False,False,False
s276,315,0.1364,0,0.117546,0.0179477,0.136852,False,False,False,False
s276,316,0.0814,0.055,0.110317,0.0179477,0.136852,False,False,False,False
s276,317,0.0413,0.0401,0.0965135,0.0179477,0.136852,False,False,False,False
s276,318,0.1716,0.1303,0.111531,0.0179477,0.136852,False,False,False,False
s276,319,0.0423,0.1293,0.0976847,0.0179477,0.136852,False,False,False,False
s276,320,0.1364,0.0941,0.105428,0.0179477,0.136852,False,False,False,False
s276,321,0.1364,0,0.111622,0.0179477,0.136852,False,False,False,False
s276,322,0.0882,0.0482,0.106938,0.0179477,0.136852,False,False,False,False
s276,323,0.0882,0,0.10319,0.0179477,0.136852,False,False,False,False
s276,324,0.1716,0.0834,0.116872,0.0179477,0.136852,False,False,False,False
s276,325,0.1744,0.0028,0.128378,0.0179477,0.136852,False,False,False,False
s276,326,0.0586,0.1158,0.114422,0.0179477,0.136852,False,False,False,False
s276,327,0.0882,0.0296,0.109178,0.0179477,0.136852,False,False,False,False
s276,328,0.1024,0.0142,0.107822,0.0179477,0.136852,False,False,False,False
s276,329,0.1787,0.0763,0.121998,0.0179477,0.136852,False,False,False,False
s276,330,0.0546,0.1241,0.108518,0.0179477,0.136852,False,False,False,False
s276,331,0.0111,0.0435,0.0890346,0.0179477,0.136852,False,False,False,False
s276,332,0.1364,0.1253,0.0985077,0.0179477,0.136852,False,False,False,False
s276,333,0.1444,0.008,0.107686,0.0179477,0.136852,False,False,False,False
s276,334,0.1716,0.0272,0.120469,0.0179477,0.136852,False,False,False,False
s276,335,0.1024,0.0692,0.116855,0.0179477,0.136852,False,False,False,False
s276,336,0.0217,0.0807,0.0978241,0.0179477,0.136852,False,False,False,False
s276,337,0.0646,0.0429,0.0911793,0.0179477,0.136852,False,False,False,False
s276,338,0.0646,0,0.0858634,0.0179477,0.136852,False,False,False,False
s276,339,0.0646,0,0.0816107,0.0179477,0.136852,False,False,False,False
s276,340,0.0423,0.0223,0.0737486,0.0179477,0.136852,False,False,False,False
s276,341,0.0546,0.0123,0.0699189,0.0179477,0.136852,False,False,False,False
s276,342,0.1205,0.0659,0.0800351,0.0179477,0.136852,False,False,False,False
s276,343,0.0423,0.0782,0.0724881,0.0179477,0.136852,False,False,False,False
s276,344,0.0546,0.0123,0.0689105,0.0179477,0.136852,False,False,False,False
s276,345,0.1744,0.1198,0.0900084,0.0179477,0.136852,False,False,False,False
s276,346,0.0646,0.1098,0.0849267,0.0179477,0.136852,False,False,False,False
s276,347,0.0882,0.0236,0.0855814,0.0179477,0.136852,False,False,False,False
s276,348,0.0814,0.0068,0.0847451,0.0179477,0.136852,False,False,False,False
s276,349,0.0681,0.0133,0.0814161,0.0179477,0.136852,False,False,False,False
s276,350,0.0405,0.0276,0.0732329,0.0179477,0.136852,False,False,False,False
s276,351,0.1364,0.0959,0.0858663,0.0179477,0.136852,False,False,False,False
s276,352,0.0111,0.1253,0.070913,0.0179477,0.136852,False,False,False,False
s276,353,0.0111,0,0.0589504,0.0179477,0.136852,False,False,False,False
s276,354,0.0493,0.0382,0.0570203,0.0179477,0.136852,False,False,False,False
s276,355,0.1205,0.0712,0.0697163,0.0179477,0.136852,False,False,False,False
s276,356,0.1205,0,0.079873,0.0179477,0.136852,False,False,False,False
s276,357,0.1205,0,0.0879984,0.0179477,0.136852,False,False,False,False
s276,358,0.1716,0.0511,0.104719,0.0179477,0.136852,False,False,False,False
s276,359,0.0546,0.117,0.094695,0.0179477,0.136852,False,False,False,False
s276,360,0.0814,0.0268,0.092036,0.0179477,0.136852,False,False,False,False
s276,361,0.0681,0.0133,0.0872488,0.0179477,0.136852,False,False,False,False
s276,362,0.1716,0.1035,0.104119,0.0179477,0.136852,False,False,False,False
s276,363,0.0493,0.1223,0.0931552,0.0179477,0.136852,False,False,False,False
s276,364,0.0493,0,0.0843842,0.0179477,0.136852,False,False,False,False
s276,365,0.0197,0.0296,0.0714473,0.0179477,0.136852,False,False,False,False
s276,366,0.0111,0.0086,0.0593779,0.0179477,0.136852,False,False,False,False
s276,367,0.0493,0.0382,0.0573623,0.0179477,0.136852,False,False,False,False
s276,368,0.0493,0,0.0557498,0.0179477,0.136852,False,False,False,False
s276,369,0.0681,0.0188,0.0582199,0.0179477,0.136852,False,False,False,False
s276,370,0.0546,0.0135,0.0574959,0.0179477,0.136852,False,False,False,True
s276,371,0.0882,0.0336,0.0636367,0.0179477,0.136852,False,False,False,False
s276,372,0.0405,0.0477,0.0590094,0.0179477,0.136852,False,False,False,False
s276,373,0.0405,0,0.0553075,0.0179477,0.136852,False,False,False,False
s276,374,0.1205,0.08,0.068346,0.0179477,0.136852,False,False,False,False
s276,375,0.0546,0.0659,0.0655968,0.0179477,0.136852,False,False,False,False
s276,376,0.1787,0.1241,0.0882174,0.0179477,0.136852,False,False,False,False
s276,377,0.0681,0.1106,0.084194,0.0179477,0.136852,False,False,False,False
s276,378,0.1024,0.0343,0.0878352,0.0179477,0.136852,False,False,False,False
s276,379,0.0646,0.0378,0.0831881,0.0179477,0.136852,False,False,False,False
s276,380,0.0646,0,0.0794705,0.0179477,0.136852,False,False,False,False
s276,381,0.0405,0.0241,0.0716764,0.0179477,0.136852,False,False,False,False
s276,382,0.0218,0.0187,0.0617011,0.0179477,0.136852,False,False,False,False
s276,383,0.0493,0.0275,0.0592209,0.0179477,0.136852,False,False,False,False
s276,384,0.0681,0.0188,0.0609967,0.0179477,0.136852,False,False,False,False
s276,385,0.0405,0.0276,0.0568974,0.0179477,0.136852,False,False,False,False
s276,386,0.1787,0.1382,0.0812579,0.0179477,0.136852,False,False,False,False
s276,387,0.0358,0.1429,0.0721663,0.0179477,0.136852,False,False,False,False
s276,388,0.0493,0.0135,0.0675931,0.0179477,0.136852,False,False,False,False
s276,389,0.0546,0.0053,0.0649944,0.0179477,0.136852,False,False,False,False
s276,390,0.0341,0.0205,0.0588156,0.0179477,0.136852,False,False,False,False
s276,391,0.0218,0.0123,0.0514124,0.0179477,0.136852,False,False,False,False
s276,392,0.032,0.0102,0.04753,0.0179477,0.136852,False,False,False,False
s276,393,0.1787,0.1467,0.073764,0.0179477,0.136852,False,False,False,False
s276,394,0.0681,0.1106,0.0726312,0.0179477,0.136852,False,False,False,False
s276,395,0.0405,0.0276,0.0662049,0.0179477,0.136852,False,False,False,False
s276,396,0.0681,0.0276,0.0665839,0.0179477,0.136852,False,False,False,False
s276,397,0.0218,0.0463,0.0576272,0.0179477,0.136852,False,False,False,False
s276,398,0.0646,0.0428,0.0590217,0.0179477,0.136852,False,False,False,False
s276,399,0.0229,0.0417,0.0517974,0.0179477,0.136852,False,False,False,False
s276,400,0.0229,0,0.0460179,0.0179477,0.136852,False,False,False,False
s276,401,0.0218,0.0011,0.0411743,0.0179477,0.136852,False,False,False,True
s276,402,0.0814,0.0596,0.0492195,0.0179477,0.136852,False,False,False,False
s276,403,0.0218,0.0596,0.0437356,0.0179477,0.136852,False,False,False,False
s276,404,0.1205,0.0987,0.0590885,0.0179477,0.136852,False,False,False,False
s276,405,0.1205,0,0.0713708,0.0179477,0.136852,False,False,False,False
s276,406,0.0218,0.0987,0.0614566,0.0179477,0.136852,False,False,False,False
s276,407,0.2044,0.1826,0.0900453,0.0179477,0.136852,False,False,False,False
s276,408,0.0646,0.1398,0.0849562,0.0179477,0.136852,False,False,False,False
s276,409,0.1205,0.0559,0.092065,0.0179477,0.136852,False,False,False,False
s276,410,0.0493,0.0712,0.083512,0.0179477,0.136852,False,False,False,False
s276,411,0.2044,0.1551,0.10769,0.0179477,0.136852,False,False,False,False
s276,412,0.0646,0.1398,0.0990717,0.0179477,0.136852,False,False,False,False
s276,413,0.0218,0.0428,0.0836173,0.0179477,0.136852,False,False,False,False
s276,414,0.2044,0.1826,0.107774,0.0179477,0.136852,False,False,False,False
s276,415,0.1705,0.0339,0.120319,0.0179477,0.136852,False,False,False,False
s276,416,0.1205,0.05,0.120355,0.0179477,0.136852,False,False,False,False
s276,417,0.0341,0.0864,0.103104,0.0179477,0.136852,False,False,False,False
s276,418,0.2044,0.1703,0.123363,0.0179477,0.136852,False,False,False,False
s276,419,0.0811,0.1233,0.114911,0.0179477,0.136852,False,False,False,False
s276,420,0.08,0.0011,0.107929,0.0179477,0.136852,False,False,False,False
s276,421,0.1787,0.0987,0.122083,0.0179477,0.136852,False,False,False,False
s276,422,0.0811,0.0976,0.113886,0.0179477,0.136852,False,False,False,False
s276,423,0.0646,0.0165,0.104029,0.0179477,0.136852,False,False,False,False
s276,424,0.1205,0.0559,0.107323,0.0179477,0.136852,False,False,False,False
s276,425,0.1162,0.0043,0.109099,0.0179477,0.136852,False,False,False,False
s276,426,0.1705,0.0543,0.121379,0.0179477,0.136852,False,False,False,False
s276,427,0.2044,0.0339,0.137983,0.0179477,0.136852,False,False,False,False
s276,428,0.2339,0.0295,0.157166,0.0179477,0.136852,False,True,False,False
s276,429,0.1778,0.0561,0.161293,0.0179477,0.136852,False,False,True,False
s276,430,0.1162,0.0616,0.152275,0.0179477,0.136852,False,False,False,False
s276,431,0.2339,0.1177,0.1686,0.0179477,0.136852,False,False,True,True
s276,432,0.2044,0.0295,0.17576,0.0179477,0.136852,False,True,True,True
s276,433,0.2339,0.0295,0.187388,0.0179477,0.136852,False,True,True,True
s276,434,0.1162,0.1177,0.17315,0.0179477,0.136852,False,False,False,True
s276,435,0.1162,0,0.16176,0.0179477,0.136852,False,False,False,True
s276,436,0.0218,0.0944,0.133768,0.0179477,0.136852,False,False,False,False
s276,437,0.0561,0.0343,0.118235,0.0179477,0.136852,False,False,False,False
s276,438,0.0499,0.0062,0.104568,0.0179477,0.136852,False,False,False,False
s276,439,0.1778,0.1279,0.119214,0.0179477,0.136852,False,False,False,False
s276,440,0.1778,0,0.130931,0.0179477,0.136852,False,False,False,False
s276,441,0.0499,0.1279,0.114725,0.0179477,0.136852,False,False,False,False
s276,442,0.1264,0.0765,0.11706,0.0179477,0.136852,False,False,False,False
s276,443,0.0412,0.0852,0.101888,0.0179477,0.136852,False,False,False,False
s276,444,0.0412,0,0.0897504,0.0179477,0.136852,False,False,False,False
s276,445,0.0561,0.0149,0.0830203,0.0179477,0.136852,False,False,False,False
s276,446,0.049,0.0071,0.0762163,0.0179477,0.136852,False,False,False,False
s276,447,0.0412,0.0078,0.069213,0.0179477,0.136852,False,False,False,False
s276,448,0.0412,0,0.0636104,0.0179477,0.136852,False,False,False,False
s276,449,0.2339,0.1927,0.0976683,0.0179477,0.136852,False,False,False,False
s276,450,0.1251,0.1088,0.103155,0.0179477,0.136852,False,False,False,False
s276,451,0.0784,0.0467,0.0982037,0.0179477,0.136852,False,False,False,False
s276,452,0.2699,0.1915,0.132543,0.0179477,0.136852,True,False,False,False
s276,453,0.2699,0,0.160014,0.0179477,0.136852,True,True,False,False
s276,454,0.0982,0.1717,0.147652,0.0179477,0.136852,False,False,False,False
s276,455,0.0708,0.0274,0.132281,0.0179477,0.136852,False,False,False,False
s276,456,0.0635,0.0073,0.118525,0.0179477,0.136852,False,False,False,False
s276,457,0.0982,0.0347,0.11446,0.0179477,0.136852,False,False,False,False
s276,458,0.0467,0.0515,0.100908,0.0179477,0.136852,False,False,False,False
s276,459,0.0315,0.0152,0.0870264,0.0179477,0.136852,False,False,False,False
s276,460,0.137,0.1055,0.0970211,0.0179477,0.136852,False,False,False,False
s276,461,0.1216,0.0154,0.101937,0.0179477,0.136852,False,False,False,False
s276,462,0.0278,0.0938,0.0871095,0.0179477,0.136852,False,False,False,False
s276,463,0.1216,0.0938,0.0940076,0.0179477,0.136852,False,False,False,False
s276,464,0.0445,0.0771,0.0841061,0.0179477,0.136852,False,False,False,False
s276,465,0.0979,0.0534,0.0868649,0.0179477,0.136852,False,False,False,False
s276,466,0.0982,0.0003,0.0891319,0.0179477,0.136852,False,False,False,False
s276,467,0.0979,0.0003,0.0908855,0.0179477,0.136852,False,False,False,False
s276,468,0.0453,0.0526,0.0817684,0.0179477,0.136852,False,False,False,False
s276,469,0.2034,0.1581,0.106095,0.0179477,0.136852,False,False,False,False
s276,470,0.137,0.0664,0.112276,0.0179477,0.136852,False,False,False,False
s276,471,0.0979,0.0391,0.109401,0.0179477,0.136852,False,False,False,False
s276,472,0.0771,0.0208,0.102941,0.0179477,0.136852,False,False,False,False
s276,473,0.0412,0.0359,0.0905924,0.0179477,0.136852,False,False,False,False
s276,474,0.0315,0.0097,0.0787739,0.0179477,0.136852,False,False,False,False
s276,475,0.0592,0.0277,0.0748591,0.0179477,0.136852,False,False,False,False
s276,476,0.1832,0.124,0.0965273,0.0179477,0.136852,False,False,False,False
s276,477,0.0979,0.0853,0.0968018,0.0179477,0.136852,False,False,False,False
s276,478,0.0405,0.0574,0.0855415,0.0179477,0.136852,False,False,False,False
s276,479,0.0784,0.0379,0.0841132,0.0179477,0.136852,False,False,False,False
s276,480,0.0282,0.0502,0.0729305,0.0179477,0.136852,False,False,False,False
s276,481,0.0979,0.0697,0.0779244,0.0179477,0.136852,False,False,False,False
s276,482,0.0708,0.0271,0.0764995,0.0179477,0.136852,False,False,False,False
s276,483,0.137,0.0662,0.0885996,0.0179477,0.136852,False,False,False,False
s276,484,0.2034,0.0664,0.11156,0.0179477,0.136852,False,False,False,False
s276,485,0.0372,0.1662,0.0966878,0.0179477,0.136852,False,False,False,False
s276,486,0.1216,0.0844,0.10167,0.0179477,0.136852,False,False,False,False
s276,487,0.137,0.0154,0.108736,0.0179477,0.136852,False,False,False,False
s276,488,0.1832,0.0462,0.123629,0.0179477,0.136852,False,False,False,False
s276,489,0.0412,0.142,0.107143,0.0179477,0.136852,False,False,False,False
s276,490,0.1589,0.1177,0.117495,0.0179477,0.136852,False,False,False,False
s276,491,0.1557,0.0032,0.125136,0.0179477,0.136852,False,False,True,False
s276,492,0.0635,0.0922,0.112808,0.0179477,0.136852,False,False,False,False
s276,493,0.2272,0.1637,0.135687,0.0179477,0.136852,False,False,False,False
s276,494,0.0282,0.199,0.114189,0.0179477,0.136852,False,False,False,False
s276,495,0.0315,0.0033,0.0976515,0.0179477,0.136852,False,False,False,False
s276,496,0.1216,0.0901,0.102441,0.0179477,0.136852,False,False,False,False
s276,497,0.0708,0.0508,0.096113,0.0179477,0.136852,False,False,False,False
s276,498,0.0405,0.0303,0.0849904,0.0179477,0.136852,False,False,False,False
s276,499,0.1388,0.0983,0.0957523,0.0179477,0.136852,False,False,False,False
s276,500,0.0469,0.0919,0.0859819,0.0179477,0.136852,False,False,False,False
s276,501,0.0708,0.0239,0.0829455,0.0179477,0.136852,False,False,False,False
s276,502,0.137,0.0662,0.0937564,0.0179477,0.136852,False,False,False,False
s276,503,0.1264,0.0106,0.100285,0.0179477,0.136852,False,False,False,False
s276,504,0.0475,0.0789,0.0897281,0.0179477,0.136852,False,False,False,False
s276,505,0.0315,0.016,0.0780825,0.0179477,0.136852,False,False,False,False
s276,506,0.0412,0.0097,0.070706,0.0179477,0.136852,False,False,False,False
s276,507,0.0379,0.0033,0.0641448,0.0179477,0.136852,False,False,False,False
s276,508,0.1216,0.0837,0.0756358,0.0179477,0.136852,False,False,False,False
s276,509,0.1959,0.0743,0.0996887,0.0179477,0.136852,False,False,False,False
s276,510,0.0412,0.1547,0.0879909,0.0179477,0.136852,False,False,False,False
s276,511,0.0461,0.0049,0.0796127,0.0179477,0.136852,False,False,False,False
s276,512,0.0592,0.0131,0.0755302,0.0179477,0.136852,False,False,False,False
s276,513,0.0405,0.0187,0.0685242,0.0179477,0.136852,False,False,False,False
s276,514,0.0546,0.0141,0.0657393,0.0179477,0.136852,False,False,False,False
s276,515,0.084,0.0294,0.0693915,0.0179477,0.136852,False,False,False,False
s276,516,0.0412,0.0428,0.0637532,0.0179477,0.136852,False,False,False,False
s276,517,0.0758,0.0346,0.0661625,0.0179477,0.136852,False,False,False,False
s276,518,0.0982,0.0224,0.07257,0.0179477,0.136852,False,False,False,False
s276,519,0.137,0.0388,0.085456,0.0179477,0.136852,False,False,False,False
s276,520,0.0708,0.0662,0.0825248,0.0179477,0.136852,False,False,False,False
s276,521,0.0592,0.0116,0.0778599,0.0179477,0.136852,False,False,False,False
s276,522,0.137,0.0778,0.0896879,0.0179477,0.136852,False,False,False,False
s276,523,0.2272,0.0902,0.11719,0.0179477,0.136852,False,False,False,False
s276,524,0.0598,0.1674,0.105712,0.0179477,0.136852,False,False,False,False
s276,525,0.084,0.0242,0.10137,0.0179477,0.136852,False,False,False,False
s276,526,0.0598,0.0242,0.0930558,0.0179477,0.136852,False,False,False,False
s276,527,0.0368,0.023,0.0818047,0.0179477,0.136852,False,False,False,False
s276,528,0.0598,0.023,0.0774037,0.0179477,0.136852,False,False,False,False
s276,529,0.0315,0.0283,0.068223,0.0179477,0.136852,False,False,False,False
s276,530,0.0405,0.009,0.0626784,0.0179477,0.136852,False,False,False,False
s276,531,0.0522,0.0117,0.0605827,0.0179477,0.136852,False,False,False,False
s276,532,0.0315,0.0207,0.0547662,0.0179477,0.136852,False,False,False,False
s276,533,0.0278,0.0037,0.0493729,0.0179477,0.136852,False,False,False,True
s276,534,0.0315,0.0037,0.0457983,0.0179477,0.136852,False,False,False,True
s276,535,0.0186,0.0129,0.0403587,0.0179477,0.136852,False,False,False,True
s276,536,0.0315,0.0129,0.0385869,0.0179477,0.136852,False,False,False,True
s276,537,0.0461,0.0146,0.0400896,0.0179477,0.136852,False,False,False,True
s276,538,0.0708,0.0247,0.0462316,0.0179477,0.136852,False,False,False,True
s276,539,0.2733,0.2025,0.0916453,0.0179477,0.136852,True,False,False,False
s276,540,0.0445,0.2288,0.0822163,0.0179477,0.136852,False,False,False,False
s276,541,0.0461,0.0016,0.074993,0.0179477,0.136852,False,False,False,False
s276,542,0.0379,0.0082,0.0675744,0.0179477,0.136852,False,False,False,False
s276,543,0.0758,0.0379,0.0692195,0.0179477,0.136852,False,False,False,False
s276,544,0.0598,0.016,0.0673356,0.0179477,0.136852,False,False,False,False
s276,545,0.0359,0.0239,0.0610485,0.0179477,0.136852,False,False,False,False
s276,546,0.0786,0.0427,0.0645588,0.0179477,0.136852,False,False,False,False
s276,547,0.0359,0.0427,0.058827,0.0179477,0.136852,False,False,False,False
s276,548,0.0786,0.0427,0.0627816,0.0179477,0.136852,False,False,False,False
s276,549,0.0965,0.0179,0.0695253,0.0179477,0.136852,False,False,False,False
s276,550,0.0598,0.0367,0.0675802,0.0179477,0.136852,False,False,False,False
s276,551,0.0786,0.0188,0.0697842,0.0179477,0.136852,False,False,False,False
s276,552,0.0786,0,0.0715474,0.0179477,0.136852,False,False,False,False
s276,553,0.0786,0,0.0729579,0.0179477,0.136852,False,False,False,False
s276,554,0.0722,0.0064,0.0728063,0.0179477,0.136852,False,False,False,False
s276,555,0.0315,0.0407,0.064545,0.0179477,0.136852,False,False,False,False
s276,556,0.0786,0.0471,0.067356,0.0179477,0.136852,False,False,False,False
s276,557,0.0379,0.0407,0.0614648,0.0179477,0.136852,False,False,False,False
s276,558,0.0708,0.0329,0.0633319,0.0179477,0.136852,False,False,False,False
s276,559,0.0475,0.0233,0.0601655,0.0179477,0.136852,False,False,False,False
s276,560,0.0368,0.0107,0.0554924,0.0179477,0.136852,False,False,False,False
s276,561,0.0401,0.0033,0.0524139,0.0179477,0.136852,False,False,False,False
s276,562,0.0401,0,0.0499511,0.0179477,0.136852,False,False,False,False
s276,563,0.0522,0.0121,0.0504009,0.0179477,0.136852,False,False,False,False
s276,564,0.0186,0.0336,0.0440407,0.0179477,0.136852,False,False,False,True
s276,565,0.0598,0.0412,0.0471926,0.0179477,0.136852,False,False,False,True
s276,566,0.0359,0.0239,0.0449341,0.0179477,0.136852,False,False,False,True
s276,567,0.0708,0.0349,0.0501073,0.0179477,0.136852,False,False,False,True
s276,568,0.0598,0.011,0.0520458,0.0179477,0.136852,False,False,False,True
s276,569,0.0359,0.0239,0.0488166,0.0179477,0.136852,False,False,False,True
s276,570,0.2733,0.2374,0.0937133,0.0179477,0.136852,True,False,False,False
s276,571,0.0359,0.2374,0.0821506,0.0179477,0.136852,False,False,False,False
s276,572,0.0786,0.0427,0.0814405,0.0179477,0.136852,False,False,False,False
s276,573,0.0278,0.0508,0.0707124,0.0179477,0.136852,False,False,False,False
s276,574,0.0401,0.0123,0.0645899,0.0179477,0.136852,False,False,False,False
s276,575,0.0758,0.0357,0.0668319,0.0179477,0.136852,False,False,False,False
s276,576,0.0379,0.0379,0.0610456,0.0179477,0.136852,False,False,False,False
s276,577,0.0965,0.0586,0.0681364,0.0179477,0.136852,False,False,False,False
s276,578,0.0358,0.0607,0.0616692,0.0179477,0.136852,False,False,False,False
s276,579,0.0368,0.001,0.0566953,0.0179477,0.136852,False,False,False,False
s276,580,0.0461,0.0093,0.0545763,0.0179477,0.136852,False,False,False,False
s276,581,0.0358,0.0103,0.050821,0.0179477,0.136852,False,False,False,False
s276,582,0.1832,0.1474,0.0772968,0.0179477,0.136852,False,False,False,False
s276,583,0.0784,0.1048,0.0775174,0.0179477,0.136852,False,False,False,False
s276,584,0.0185,0.0599,0.065714,0.0179477,0.136852,False,False,False,False
s276,585,0.0661,0.0476,0.0657912,0.0179477,0.136852,False,False,False,False
s276,586,0.0358,0.0303,0.0597929,0.0179477,0.136852,False,False,False,False
s276,587,0.1372,0.1014,0.0752743,0.0179477,0.136852,False,False,False,False
s276,588,0.0359,0.1013,0.0673995,0.0179477,0.136852,False,False,False,False
s276,589,0.0358,0.0001,0.0610796,0.0179477,0.136852,False,False,False,False
s276,590,0.0358,0,0.0560237,0.0179477,0.136852,False,False,False,False
s276,591,0.0598,0.024,0.0567789,0.0179477,0.136852,False,False,False,False
s276,592,0.0358,0.024,0.0525831,0.0179477,0.136852,False,False,False,False
s276,593,0.0661,0.0303,0.0552865,0.0179477,0.136852,False,False,False,False
s276,594,0.0359,0.0302,0.0514092,0.0179477,0.136852,False,False,False,False
s276,595,0.1832,0.1473,0.0777674,0.0179477,0.136852,False,False,False,False
s276,596,0.0368,0.1464,0.0695739,0.0179477,0.136852,False,False,False,False
s276,597,0.0358,0.001,0.0628191,0.0179477,0.136852,False,False,False,False
s276,598,0.0368,0.001,0.0576153,0.0179477,0.136852,False,False,False,False
s276,599,0.0592,0.0224,0.0579322,0.0179477,0.136852,False,False,False,False
s276,600,0.0401,0.0191,0.0543658,0.0179477,0.136852,False,False,False,False
s276,601,0.0758,0.0357,0.0586526,0.0179477,0.136852,False,False,False,False
s276,602,0.0771,0.0013,0.0623421,0.0179477,0.136852,False,False,False,False
s276,603,0.083,0.0059,0.0664737,0.0179477,0.136852,False,False,False,False
s276,604,0.083,0,0.0697789,0.0179477,0.136852,False,False,False,False
s276,605,0.0784,0.0046,0.0715032,0.0179477,0.136852,False,False,False,False
s276,606,0.083,0.0046,0.0738025,0.0179477,0.136852,False,False,False,False
s276,607,0.0814,0.0016,0.075322,0.0179477,0.136852,False,False,False,False
s276,608,0.083,0.0016,0.0768576,0.0179477,0.136852,False,False,False,False
s276,609,0.0467,0.0363,0.0708261,0.0179477,0.136852,False,False,False,False
s276,610,0.0814,0.0347,0.0729409,0.0179477,0.136852,False,False,False,False
s276,611,0.0661,0.0153,0.0715727,0.0179477,0.136852,False,False,False,False
s276,612,0.0383,0.0278,0.0649182,0.0179477,0.136852,False,False,False,False
s276,613,0.0383,0,0.0595945,0.0179477,0.136852,False,False,False,False
s276,614,0.0383,0,0.0553356,0.0179477,0.136852,False,False,False,False
s276,615,0.0383,0,0.0519285,0.0179477,0.136852,False,False,False,False
s276,616,0.0383,0,0.0492028,0.0179477,0.136852,False,False,False,False
s276,617,0.0383,0,0.0470222,0.0179477,0.136852,False,False,False,False
s276,618,0.0383,0,0.0452778,0.0179477,0.136852,False,False,False,True
s276,619,0.0538,0.0155,0.0469822,0.0179477,0.136852,False,False,False,True
s276,620,0.1155,0.0617,0.0606858,0.0179477,0.136852,False,False,False,False
s276,621,0.0383,0.0772,0.0562086,0.0179477,0.136852,False,False,False,False
s276,622,0.054,0.0157,0.0557669,0.0179477,0.136852,False,False,False,False
s276,623,0.083,0.029,0.0612135,0.0179477,0.136852,False,False,False,False
s276,624,0.054,0.029,0.0597708,0.0179477,0.136852,False,False,False,False
s276,625,0.1155,0.0615,0.0709167,0.0179477,0.136852,False,False,False,False
s276,626,0.0864,0.0291,0.0740133,0.0179477,0.136852,False,False,False,False
s276,627,0.0587,0.0277,0.0709507,0.0179477,0.136852,False,False,False,False
s276,628,0.0864,0.0277,0.0740405,0.0179477,0.136852,False,False,False,False
s276,629,0.0538,0.0326,0.0699924,0.0179477,0.136852,False,False,False,False
s276,630,0.0864,0.0326,0.0732739,0.0179477,0.136852,False,False,False,False
s276,631,0.0383,0.0481,0.0662791,0.0179477,0.136852,False,False,False,False
s276,632,0.0791,0.0408,0.0688433,0.0179477,0.136852,False,False,False,False
s276,633,0.1155,0.0364,0.0781747,0.0179477,0.136852,False,False,False,False
s276,634,0.0263,0.0892,0.0677997,0.0179477,0.136852,False,False,False,False
s276,635,0.054,0.0277,0.0650398,0.0179477,0.136852,False,False,False,False
s276,636,0.0864,0.0324,0.0693118,0.0179477,0.136852,False,False,False,False
s276,637,0.0791,0.0073,0.0712695,0.0179477,0.136852,False,False,False,False
s276,638,0.0864,0.0073,0.0742956,0.0179477,0.136852,False,False,False,False
s276,639,0.0389,0.0475,0.0672165,0.0179477,0.136852,False,False,False,False
s276,640,0.0814,0.0425,0.0700532,0.0179477,0.136852,False,False,False,False
s276,641,0.1156,0.0342,0.0791625,0.0179477,0.136852,False,False,False,False
s276,642,0.0704,0.0452,0.07741,0.0179477,0.136852,False,False,False,False
s276,643,0.0538,0.0166,0.072688,0.0179477,0.136852,False,False,False,False
s276,644,0.0587,0.0049,0.0698904,0.0179477,0.136852,False,False,False,False
s276,645,0.1155,0.0568,0.0790123,0.0179477,0.136852,False,False,False,False
s276,646,0.0791,0.0364,0.0790299,0.0179477,0.136852,False,False,False,False
s276,647,0.0389,0.0402,0.0710039,0.0179477,0.136852,False,False,False,False
s276,648,0.0389,0,0.0645831,0.0179477,0.136852,False,False,False,False
s276,649,0.0587,0.0198,0.0634065,0.0179477,0.136852,False,False,False,False
s276,650,0.1156,0.0569,0.0738452,0.0179477,0.136852,False,False,False,False
s276,651,0.1156,0,0.0821962,0.0179477,0.136852,False,False,False,False
s276,652,0.054,0.0616,0.0765569,0.0179477,0.136852,False,False,False,False
s276,653,0.0704,0.0164,0.0753255,0.0179477,0.136852,False,False,False,False
s276,654,0.1078,0.0374,0.0818204,0.0179477,0.136852,False,False,False,False
s276,655,0.0383,0.0695,0.0731163,0.0179477,0.136852,False,False,False,False
s276,656,0.0704,0.0321,0.0725731,0.0179477,0.136852,False,False,False,False
s276,657,0.0773,0.0069,0.0735185,0.0179477,0.136852,False,False,False,False
s276,658,0.0704,0.0069,0.0728948,0.0179477,0.136852,False,False,False,False
s276,659,0.0773,0.0069,0.0737758,0.0179477,0.136852,False,False,False,False
s276,660,0.1078,0.0305,0.0805807,0.0179477,0.136852,False,False,False,False
s276,661,0.1078,0,0.0860245,0.0179477,0.136852,False,False,False,False
s276,662,0.0723,0.0355,0.0832796,0.0179477,0.136852,False,False,False,False
s276,663,0.0864,0.0141,0.0839037,0.0179477,0.136852,False,False,False,False
s276,664,0.0723,0.0141,0.081583,0.0179477,0.136852,False,False,False,False
s276,665,0.1156,0.0433,0.0883864,0.0179477,0.136852,False,False,False,False
s276,666,0.1155,0.0001,0.0938091,0.0179477,0.136852,False,False,False,False
s276,667,0.0704,0.0451,0.0891273,0.0179477,0.136852,False,False,False,False
s276,668,0.0389,0.0315,0.0790818,0.0179477,0.136852,False,False,False,False
s276,669,0.0587,0.0198,0.0750055,0.0179477,0.136852,False,False,False,False
s276,670,0.1078,0.0491,0.0815644,0.0179477,0.136852,False,False,False,False
s276,671,0.0358,0.072,0.0724115,0.0179477,0.136852,False,False,False,False
s276,672,0.054,0.0182,0.0687292,0.0179477,0.136852,False,False,False,False
s276,673,0.0723,0.0183,0.0694434,0.0179477,0.136852,False,False,False,False
s276,674,0.0587,0.0136,0.0672947,0.0179477,0.136852,False,False,False,False
s276,675,0.0791,0.0204,0.0696557,0.0179477,0.136852,False,False,False,False
s276,676,0.1078,0.0287,0.0772846,0.0179477,0.136852,False,False,False,False
s276,677,0.0704,0.0374,0.0759077,0.0179477,0.136852,False,False,False,False
s276,678,0.0704,0,0.0748061,0.0179477,0.136852,False,False,False,False
s276,679,0.0704,0,0.0739249,0.0179477,0.136852,False,False,False,False
s276,680,0.0791,0.0087,0.0749599,0.0179477,0.136852,False,False,False,False
s276,681,0.0723,0.0068,0.0744279,0.0179477,0.136852,False,False,False,False
s276,682,0.0704,0.0019,0.0736224,0.0179477,0.136852,False,False,False,False
s276,683,0.0389,0.0315,0.0666779,0.0179477,0.136852,False,False,False,False
s276,684,0.0358,0.0031,0.0605023,0.0179477,0.136852,False,False,False,False
s276,685,0.0545,0.0187,0.0593018,0.0179477,0.136852,False,False,False,False
s276,686,0.0773,0.0228,0.0629015,0.0179477,0.136852,False,False,False,False
s276,687,0.0545,0.0228,0.0612212,0.0179477,0.136852,False,False,False,False
s276,688,0.0773,0.0228,0.0644369,0.0179477,0.136852,False,False,False,True
s276,689,0.0951,0.0178,0.0705696,0.0179477,0.136852,False,False,False,False
s276,690,0.0545,0.0406,0.0673556,0.0179477,0.136852,False,False,False,False
s276,691,0.0704,0.0159,0.0679645,0.0179477,0.136852,False,False,False,False
s276,692,0.0545,0.0159,0.0652716,0.0179477,0.136852,False,False,False,False
s276,693,0.0399,0.0146,0.0601973,0.0179477,0.136852,False,False,False,False
s276,694,0.0791,0.0392,0.0639778,0.0179477,0.136852,False,False,False,False
s276,695,0.054,0.0251,0.0619823,0.0179477,0.136852,False,False,False,False
s276,696,0.0587,0.0047,0.0613258,0.0179477,0.136852,False,False,False,False
s276,697,0.1367,0.078,0.0764007,0.0179477,0.136852,False,False,False,False
s276,698,0.0545,0.0822,0.0720205,0.0179477,0.136852,False,False,False,False
s276,699,0.0652,0.0107,0.0706564,0.0179477,0.136852,False,False,False,False
s276,700,0.0826,0.0174,0.0730451,0.0179477,0.136852,False,False,False,False
s276,701,0.0951,0.0125,0.0774561,0.0179477,0.136852,False,False,False,False
s276,702,0.0652,0.0299,0.0750049,0.0179477,0.136852,False,False,False,False
s276,703,0.1163,0.0511,0.0832639,0.0179477,0.136852,False,False,False,False
s276,704,0.0587,0.0576,0.0783511,0.0179477,0.136852,False,False,False,False
s276,705,0.0652,0.0065,0.0757209,0.0179477,0.136852,False,False,False,False
s276,706,0.0389,0.0263,0.0683567,0.0179477,0.136852,False,False,False,False
s276,707,0.1078,0.0689,0.0762454,0.0179477,0.136852,False,False,False,False
s276,708,0.0389,0.0689,0.0687763,0.0179477,0.136852,False,False,False,False
s276,709,0.0652,0.0263,0.068061,0.0179477,0.136852,False,False,False,False
s276,710,0.0545,0.0107,0.0653488,0.0179477,0.136852,False,False,False,False
s276,711,0.0652,0.0107,0.0653191,0.0179477,0.136852,False,False,False,False
s276,712,0.054,0.0112,0.0630553,0.0179477,0.136852,False,False,False,False
s276,713,0.0652,0.0112,0.0634842,0.0179477,0.136852,False,False,False,False
s276,714,0.06,0.0052,0.0627874,0.0179477,0.136852,False,False,False,False
s276,715,0.06,0,0.0622299,0.0179477,0.136852,False,False,False,True
s276,716,0.1768,0.1168,0.0851439,0.0179477,0.136852,False,False,False,False
s276,717,0.1156,0.0612,0.0912351,0.0179477,0.136852,False,False,False,False
s276,718,0.1078,0.0078,0.0945481,0.0179477,0.136852,False,False,False,False
s276,719,0.0652,0.0426,0.0886785,0.0179477,0.136852,False,False,False,False
s276,720,0.0826,0.0174,0.0874628,0.0179477,0.136852,False,False,False,False
s276,721,0.0271,0.0555,0.0753902,0.0179477,0.136852,False,False,False,False
s276,722,0.0701,0.043,0.0743322,0.0179477,0.136852,False,False,False,False
s276,723,0.0637,0.0064,0.0722057,0.0179477,0.136852,False,False,False,False
s276,724,0.0637,0,0.0705046,0.0179477,0.136852,False,False,False,False
s276,725,0.06,0.0037,0.0684037,0.0179477,0.136852,False,False,False,False
s276,726,0.0637,0.0037,0.0674629,0.0179477,0.136852,False,False,False,False
s276,727,0.0246,0.0391,0.0588904,0.0179477,0.136852,False,False,False,False
s276,728,0.1367,0.1121,0.0744523,0.0179477,0.136852,False,False,False,False
s276,729,0.0771,0.0596,0.0749818,0.0179477,0.136852,False,False,False,False
s276,730,0.0246,0.0525,0.0649055,0.0179477,0.136852,False,False,False,False
s276,731,0.0637,0.0391,0.0646644,0.0179477,0.136852,False,False,False,False
s276,732,0.0637,0,0.0644715,0.0179477,0.136852,False,False,False,False
s276,733,0.0637,0,0.0643172,0.0179477,0.136852,False,False,False,False
s276,734,0.0763,0.0126,0.0667138,0.0179477,0.136852,False,False,False,False
s276,735,0.0484,0.0279,0.063051,0.0179477,0.136852,False,False,False,False
s276,736,0.0632,0.0148,0.0630808,0.0179477,0.136852,False,False,False,True
s276,737,0.0632,0,0.0631046,0.0179477,0.136852,False,False,False,True
s276,738,0.0859,0.0227,0.0676637,0.0179477,0.136852,False,False,False,False
s276,739,0.0468,0.0391,0.063491,0.0179477,0.136852,False,False,False,False
s276,740,0.0632,0.0164,0.0634328,0.0179477,0.136852,False,False,False,False
s276,741,0.0947,0.0315,0.0696862,0.0179477,0.136852,False,False,False,False
s276,742,0.0859,0.0088,0.072929,0.0179477,0.136852,False,False,False,False
s276,743,0.0325,0.0534,0.0648432,0.0179477,0.136852,False,False,False,False
s276,744,0.0877,0.0552,0.0694145,0.0179477,0.136852,False,False,False,False
s276,745,0.0632,0.0245,0.0681716,0.0179477,0.136852,False,False,False,False
s276,746,0.0859,0.0227,0.0717173,0.0179477,0.136852,False,False,False,False
s276,747,0.0877,0.0018,0.0749138,0.0179477,0.136852,False,False,False,False
s276,748,0.0877,0,0.0774711,0.0179477,0.136852,False,False,False,False
s276,749,0.0941,0.0064,0.0807969,0.0179477,0.136852,False,False,False,False
s276,750,0.0859,0.0082,0.0818175,0.0179477,0.136852,False,False,False,False
s276,751,0.041,0.0449,0.073654,0.0179477,0.136852,False,False,False,False
s276,752,0.1492,0.1082,0.0887632,0.0179477,0.136852,False,False,False,False
s276,753,0.1125,0.0367,0.0935106,0.0179477,0.136852,False,False,False,False
s276,754,0.4611,0.3486,0.167028,0.0179477,0.136852,True,False,False,False
s276,755,0.0877,0.3734,0.151163,0.0179477,0.136852,False,False,False,False
s276,756,0.0637,0.024,0.13367,0.0179477,0.136852,False,False,False,False
s276,757,0.0637,0,0.119676,0.0179477,0.136852,False,False,False,False
s276,758,0.0468,0.0169,0.105101,0.0179477,0.136852,False,False,False,False
s276,759,0.041,0.0058,0.0922807,0.0179477,0.136852,False,False,False,False
s276,760,0.0562,0.0152,0.0850646,0.0179477,0.136852,False,False,False,False
s276,761,0.0468,0.0094,0.0774117,0.0179477,0.136852,False,False,False,False
s276,762,0.0562,0.0094,0.0731693,0.0179477,0.136852,False,False,False,False
s276,763,0.3658,0.3096,0.131695,0.0179477,0.136852,True,False,False,False
s276,764,0.0562,0.3096,0.116596,0.0179477,0.136852,False,False,False,False
s276,765,0.0637,0.0075,0.106017,0.0179477,0.136852,False,False,False,False
s276,766,0.0562,0.0075,0.0960537,0.0179477,0.136852,False,False,False,False
s276,767,0.0564,0.0002,0.0881229,0.0179477,0.136852,False,False,False,False
s276,768,0.0562,0.0002,0.0817384,0.0179477,0.136852,False,False,False,False
s276,769,0.4611,0.4049,0.157611,0.0179477,0.136852,True,False,False,False
s276,770,0.0632,0.3979,0.138729,0.0179477,0.136852,False,False,False,False
s276,771,0.1291,0.0659,0.136803,0.0179477,0.136852,False,False,False,False
s276,772,0.2434,0.1143,0.158122,0.0179477,0.136852,False,False,False,False
s276,773,0.2046,0.0388,0.167418,0.0179477,0.136852,False,True,False,False
s276,774,0.2354,0.0308,0.181014,0.0179477,0.136852,False,True,False,False
s276,775,0.0455,0.1899,0.153911,0.0179477,0.136852,False,False,False,False
s276,776,0.2046,0.1591,0.164049,0.0179477,0.136852,False,True,True,False
s276,777,0.2434,0.0388,0.179919,0.0179477,0.136852,False,True,True,False
s276,778,0.1116,0.1318,0.166255,0.0179477,0.136852,False,False,False,False
s276,779,0.2434,0.1318,0.181684,0.0179477,0.136852,False,True,False,False
s276,780,0.1464,0.097,0.174627,0.0179477,0.136852,False,False,True,False
s276,781,0.2434,0.097,0.188382,0.0179477,0.136852,False,True,True,False
s276,782,0.0564,0.187,0.161986,0.0179477,0.136852,False,False,False,False
s276,783,0.2434,0.187,0.178268,0.0179477,0.136852,False,True,True,False
s276,784,0.2354,0.008,0.189695,0.0179477,0.136852,False,True,True,False
s276,785,0.0455,0.1899,0.160856,0.0179477,0.136852,False,False,False,False
s276,786,0.0455,0,0.137785,0.0179477,0.136852,False,False,False,False
s276,787,0.075,0.0295,0.125228,0.0179477,0.136852,False,False,False,False
s276,788,0.0993,0.0243,0.120042,0.0179477,0.136852,False,False,False,False
s276,789,0.0993,0,0.115894,0.0179477,0.136852,False,False,False,False
s276,790,0.0455,0.0538,0.101815,0.0179477,0.136852,False,False,False,False
s276,791,0.1231,0.0776,0.106072,0.0179477,0.136852,False,False,False,False
s276,792,0.1231,0,0.109478,0.0179477,0.136852,False,False,False,False
s276,793,0.1231,0,0.112202,0.0179477,0.136852,False,False,False,False
s276,794,0.2046,0.0815,0.130682,0.0179477,0.136852,False,False,False,False
s276,795,0.1116,0.093,0.126865,0.0179477,0.136852,False,False,False,False
s276,796,0.075,0.0366,0.116492,0.0179477,0.136852,False,False,False,False
s276,797,0.2434,0.1684,0.141874,0.0179477,0.136852,False,False,False,False
s276,798,0.1292,0.1142,0.139339,0.0179477,0.136852,False,False,False,False
s276,799,0.1292,0,0.137311,0.0179477,0.136852,False,False,False,False
s276,800,0.0573,0.0719,0.121309,0.0179477,0.136852,False,False,False,False
s276,801,0.0763,0.019,0.112307,0.0179477,0.136852,False,False,False,False
s276,802,0.1292,0.0529,0.115686,0.0179477,0.136852,False,False,False,False
s276,803,0.0993,0.0299,0.112409,0.0179477,0.136852,False,False,False,False
s276,804,0.1599,0.0606,0.121907,0.0179477,0.136852,False,False,False,False
s276,805,0.1121,0.0478,0.119946,0.0179477,0.136852,False,False,False,False
s276,806,0.1599,0.0478,0.127936,0.0179477,0.136852,False,False,False,False
s276,807,0.068,0.0919,0.115949,0.0179477,0.136852,False,False,False,False
s276,808,0.1292,0.0612,0.118599,0.0179477,0.136852,False,False,False,False
s276,809,0.068,0.0612,0.108479,0.0179477,0.136852,False,False,False,False
s276,810,0.1599,0.0919,0.118764,0.0179477,0.136852,False,False,False,False
s276,811,0.1599,0,0.126991,0.0179477,0.136852,False,False,False,False
s276,812,0.2177,0.0578,0.145133,0.0179477,0.136852,False,False,False,False
s276,813,0.1445,0.0732,0.145006,0.0179477,0.136852,False,False,True,False
s276,814,0.0985,0.046,0.135705,0.0179477,0.136852,False,False,False,False
s276,815,0.1121,0.0136,0.130984,0.0179477,0.136852,False,False,False,False
s276,816,0.2177,0.1056,0.148327,0.0179477,0.136852,False,False,False,False
s276,817,0.1995,0.0182,0.158562,0.0179477,0.136852,False,True,False,True
s276,818,0.134,0.0655,0.153649,0.0179477,0.136852,False,False,False,True
s276,819,0.0985,0.0355,0.142619,0.0179477,0.136852,False,False,False,True
s276,820,0.2177,0.1192,0.157636,0.0179477,0.136852,False,False,False,True
s276,821,0.1099,0.1078,0.148088,0.0179477,0.136852,False,False,False,True
s276,822,0.1292,0.0193,0.144311,0.0179477,0.136852,False,False,False,True
s276,823,0.1599,0.0307,0.147429,0.0179477,0.136852,False,False,False,True
s276,824,0.02,0.1399,0.121943,0.0179477,0.136852,False,False,False,False
s276,825,0.0655,0.0455,0.110654,0.0179477,0.136852,False,False,False,False
s276,826,0.0573,0.0082,0.0999835,0.0179477,0.136852,False,False,False,False
s276,827,0.1013,0.044,0.100247,0.0179477,0.136852,False,False,False,False
s276,828,0.1292,0.0279,0.106037,0.0179477,0.136852,False,False,False,False
s276,829,0.0985,0.0307,0.10453,0.0179477,0.136852,False,False,False,False
s276,830,0.1818,0.0833,0.119984,0.0179477,0.136852,False,False,False,False
s276,831,0.0573,0.1245,0.107447,0.0179477,0.136852,False,False,False,False
s276,832,0.0743,0.017,0.100818,0.0179477,0.136852,False,False,False,False
s276,833,0.0743,0,0.0955142,0.0179477,0.136852,False,False,False,False
s276,834,0.115,0.0407,0.0994113,0.0179477,0.136852,False,False,False,False
s276,835,0.1009,0.0141,0.0997091,0.0179477,0.136852,False,False,False,False
s276,836,0.1099,0.009,0.101747,0.0179477,0.136852,False,False,False,False
s276,837,0.122,0.0121,0.105798,0.0179477,0.136852,False,False,False,False
s276,838,0.1099,0.0121,0.106618,0.0179477,0.136852,False,False,False,False
s276,839,0.1082,0.0017,0.106935,0.0179477,0.136852,False,False,False,False
s276,840,0.122,0.0138,0.109948,0.0179477,0.136852,False,False,False,False
s276,841,0.0995,0.0225,0.107858,0.0179477,0.136852,False,False,False,True
s276,842,0.1099,0.0104,0.108267,0.0179477,0.136852,False,False,False,True
s276,843,0.1445,0.0346,0.115513,0.0179477,0.136852,False,False,False,True
s276,844,0.1099,0.0346,0.114391,0.0179477,0.136852,False,False,False,True
s276,845,0.0417,0.0682,0.0998525,0.0179477,0.136852,False,False,False,False
s276,846,0.1127,0.071,0.102422,0.0179477,0.136852,False,False,False,False
s276,847,0.0856,0.0271,0.0990576,0.0179477,0.136852,False,False,False,False
s276,848,0.071,0.0146,0.0934461,0.0179477,0.136852,False,False,False,False
s276,849,0.0448,0.0262,0.0837168,0.0179477,0.136852,False,False,False,False
s276,850,0.0295,0.0153,0.0728735,0.0179477,0.136852,False,False,False,False
s276,851,0.0201,0.0094,0.0623188,0.0179477,0.136852,False,False,False,False
s276,852,0.1013,0.0812,0.070115,0.0179477,0.136852,False,False,False,False
s276,853,0.0201,0.0812,0.060112,0.0179477,0.136852,False,False,False,False
s276,854,0.122,0.1019,0.0724896,0.0179477,0.136852,False,False,False,False
s276,855,0.0743,0.0477,0.0728517,0.0179477,0.136852,False,False,False,False
s276,856,0.0726,0.0017,0.0728014,0.0179477,0.136852,False,False,False,False
s276,857,0.0352,0.0374,0.0652811,0.0179477,0.136852,False,False,False,False
s276,858,0.2525,0.2173,0.102725,0.0179477,0.136852,False,False,False,False
s276,859,0.1995,0.053,0.12208,0.0179477,0.136852,False,True,False,False
s276,860,0.2101,0.0106,0.139684,0.0179477,0.136852,False,True,False,False
s276,861,0.2046,0.0055,0.152667,0.0179477,0.136852,False,True,True,False
s276,862,0.2525,0.0479,0.172634,0.0179477,0.136852,False,True,True,False
s276,863,0.0292,0.2233,0.143947,0.0179477,0.136852,False,False,False,False
s276,864,0.134,0.1048,0.141958,0.0179477,0.136852,False,False,False,False
s276,865,0.0417,0.0923,0.121906,0.0179477,0.136852,False,False,False,False
s276,866,0.1936,0.1519,0.136245,0.0179477,0.136852,False,False,False,False
s276,867,0.2177,0.0241,0.152536,0.0179477,0.136852,False,False,False,False
s276,868,0.0731,0.1446,0.136649,0.0179477,0.136852,False,False,False,False
s276,869,0.0201,0.053,0.113339,0.0179477,0.136852,False,False,False,False
s276,870,0.0352,0.0151,0.0977112,0.0179477,0.136852,False,False,False,False
s276,871,0.071,0.0358,0.0923689,0.0179477,0.136852,False,False,False,False
s276,872,0.0352,0.0358,0.0809351,0.0179477,0.136852,False,False,False,False
s276,873,0.0295,0.0057,0.0706481,0.0179477,0.136852,False,False,False,False
s276,874,0.0836,0.0541,0.0732385,0.0179477,0.136852,False,False,False,False
s276,875,0.0401,0.0435,0.0666108,0.0179477,0.136852,False,False,False,False
s276,876,0.2177,0.1776,0.0968286,0.0179477,0.136852,False,False,False,False
s276,877,0.0196,0.1981,0.0813829,0.0179477,0.136852,False,False,False,False
s276,878,0.0196,0,0.0690263,0.0179477,0.136852,False,False,False,False
s276,879,0.2177,0.1981,0.0987611,0.0179477,0.136852,False,False,False,False
s276,880,0.0836,0.1341,0.0957288,0.0179477,0.136852,False,False,False,False
s276,881,0.1102,0.0266,0.0986231,0.0179477,0.136852,False,False,False,False
s276,882,0.1102,0,0.100938,0.0179477,0.136852,False,False,False,False
s276,883,0.0196,0.0906,0.0846708,0.0179477,0.136852,False,False,False,False
s276,884,0.0462,0.0266,0.0769766,0.0179477,0.136852,False,False,False,False
s276,885,0.1785,0.1323,0.0972813,0.0179477,0.136852,False,False,False,False
s276,886,0.0462,0.1323,0.087065,0.0179477,0.136852,False,False,False,False
s276,887,0.0373,0.0089,0.077112,0.0179477,0.136852,False,False,False,False
s276,888,0.0373,0,0.0691496,0.0179477,0.136852,False,False,False,False
s276,889,0.0481,0.0108,0.0649397,0.0179477,0.136852,False,False,False,False
s276,890,0.0363,0.0118,0.0592118,0.0179477,0.136852,False,False,False,False
s276,891,0.1763,0.14,0.0826294,0.0179477,0.136852,False,False,False,False
s276,892,0.1581,0.0182,0.0977235,0.0179477,0.136852,False,False,False,False
s276,893,0.0241,0.134,0.0829988,0.0179477,0.136852,False,False,False,False
s276,894,0.0241,0,0.0712191,0.0179477,0.136852,False,False,False,False
s276,895,0.1102,0.0861,0.0790152,0.0179477,0.136852,False,False,False,False
s276,896,0.1127,0.0025,0.0857522,0.0179477,0.136852,False,False,False,False
s276,897,0.0401,0.0726,0.0766218,0.0179477,0.136852,False,False,False,False
s276,898,0.0363,0.0038,0.0685574,0.0179477,0.136852,False,False,False,False
s276,899,0.0294,0.0069,0.0607259,0.0179477,0.136852,False,False,False,False
s276,900,0.0241,0.0053,0.0534007,0.0179477,0.136852,False,False,False,False
s276,901,0.0294,0.0053,0.0486006,0.0179477,0.136852,False,False,False,False
s276,902,0.0225,0.0069,0.0433805,0.0179477,0.136852,False,False,False,False
s276,903,0.2221,0.1996,0.0791244,0.0179477,0.136852,False,False,False,False
s276,904,0.1785,0.0436,0.0989995,0.0179477,0.136852,False,False,False,False
s276,905,0.0373,0.1412,0.0866596,0.0179477,0.136852,False,False,False,False
s276,906,0.0241,0.0132,0.0741477,0.0179477,0.136852,False,False,False,False
s276,907,0.0373,0.0132,0.0667781,0.0179477,0.136852,False,False,False,False
s276,908,0.0225,0.0148,0.0579225,0.0179477,0.136852,False,False,False,False
s276,909,0.0241,0.0016,0.051158,0.0179477,0.136852,False,False,False,False
s276,910,0.0363,0.0122,0.0481864,0.0179477,0.136852,False,False,False,False
s276,911,0.0356,0.0007,0.0456691,0.0179477,0.136852,False,False,False,False
s276,912,0.2221,0.1865,0.0809553,0.0179477,0.136852,False,False,False,False
s276,913,0.0363,0.1858,0.0720242,0.0179477,0.136852,False,False,False,False
s276,914,0.1346,0.0983,0.0845394,0.0179477,0.136852,False,False,False,False
s276,915,0.0158,0.1188,0.0707915,0.0179477,0.136852,False,False,False,False
s276,916,0.0158,0,0.0597932,0.0179477,0.136852,False,False,False,False
s276,917,0.0158,0,0.0509946,0.0179477,0.136852,False,False,False,False
s276,918,0.0158,0,0.0439557,0.0179477,0.136852,False,False,True,False
s276,919,0.1785,0.1627,0.0708645,0.0179477,0.136852,False,False,False,False
s276,920,,,0.0708645,0.0179477,0.136852,False,False,False,False
s276,921,0.0268,,0.0620516,0.0179477,0.136852,False,False,False,False
s276,922,0.1581,0.1313,0.0812613,0.0179477,0.136852,False,False,False,False
s276,923,,,0.0812613,0.0179477,0.136852,False,False,False,False
s276,924,0.1763,,0.100269,0.0179477,0.136852,False,False,False,False
s276,925,0.0309,0.1454,0.0863952,0.0179477,0.136852,False,False,False,False
s276,926,0.1763,0.1454,0.104376,0.0179477,0.136852,False,False,False,False
s276,927,0.0241,0.1522,0.0883209,0.0179477,0.136852,False,False,False,False
s276,928,,,0.0883209,0.0179477,0.136852,False,False,False,False
s276,929,0.2221,,0.115077,0.0179477,0.136852,False,False,False,False
s276,930,0.233,0.0109,0.138661,0.0179477,0.136852,False,True,False,False
s276,931,0.233,0,0.157529,0.0179477,0.136852,False,True,False,False
s276,932,0.233,0,0.172623,0.0179477,0.136852,False,True,True,False
s276,933,0.1581,0.0749,0.169719,0.0179477,0.136852,False,False,True,False
s276,934,0.0158,0.1423,0.138935,0.0179477,0.136852,False,False,False,False
s276,935,1.5361,1.5203,0.418368,0.0179477,0.136852,True,False,True,False
s276,936,0.0376,1.4985,0.342214,0.0179477,0.136852,False,False,False,False
s276,937,0.0916,0.054,0.292091,0.0179477,0.136852,False,False,False,False
s276,938,1.5361,1.4445,0.540893,0.0179477,0.136852,True,False,False,False
s276,939,0.0476,1.4885,0.442235,0.0179477,0.136852,False,False,False,False
s276,940,0.0268,0.0208,0.359148,0.0179477,0.136852,False,False,False,False
s276,941,0.0376,0.0108,0.294838,0.0179477,0.136852,False,False,False,False
s276,942,0.0376,0,0.24339,0.0179477,0.136852,False,False,False,False
s276,943,1.5361,1.4985,0.501932,0.0179477,0.136852,True,False,False,False
s276,944,0.0305,1.5056,0.407646,0.0179477,0.136852,False,False,False,False
s276,945,0.0376,0.0071,0.333637,0.0179477,0.136852,False,False,False,False
s276,946,1.5361,1.4985,0.574129,0.0179477,0.136852,True,False,False,False
s276,947,0.139,1.3971,0.487104,0.0179477,0.136852,False,False,False,False
s276,948,,,0.487104,0.0179477,0.136852,False,False,False,False
s276,949,1.5361,,0.696903,0.0179477,0.136852,True,False,False,False
s276,950,1.5361,0,0.864742,0.0179477,0.136852,True,True,True,False
s276,951,0.0464,1.4897,0.701074,0.0179477,0.136852,False,False,False,False
s276,952,0.0982,0.0518,0.580499,0.0179477,0.136852,False,False,False,False
s276,953,0.0707,0.0275,0.478539,0.0179477,0.136852,False,False,False,False
s276,954,0.0733,0.0026,0.397491,0.0179477,0.136852,False,False,False,False
s276,955,0.139,0.0657,0.345793,0.0179477,0.136852,False,False,False,False
s276,956,0.0916,0.0474,0.294954,0.0179477,0.136852,False,False,False,False
s276,957,0.0351,0.0565,0.242984,0.0179477,0.136852,False,False,False,False
s276,958,0.0464,0.0113,0.203667,0.0179477,0.136852,False,False,False,False
s276,959,0.1449,0.0985,0.191913,0.0179477,0.136852,False,False,False,False
s276,960,0.139,0.0059,0.181331,0.0179477,0.136852,False,False,False,False
s276,961,0.0916,0.0474,0.163385,0.0179477,0.136852,False,False,False,False
s276,962,0.1449,0.0533,0.159688,0.0179477,0.136852,False,False,False,False
s276,963,0.2221,0.0772,0.17217,0.0179477,0.136852,False,False,True,False
s276,964,0.0464,0.1757,0.147016,0.0179477,0.136852,False,False,False,False
s276,965,0.0476,0.0012,0.127133,0.0179477,0.136852,False,False,False,False
s276,966,0.0376,0.01,0.109226,0.0179477,0.136852,False,False,False,False
s276,967,0.0707,0.0331,0.101521,0.0179477,0.136852,False,False,False,False
s276,968,0.0507,0.02,0.0913568,0.0179477,0.136852,False,False,False,False
s276,969,0.0733,0.0226,0.0877455,0.0179477,0.136852,False,False,False,False
s276,970,0.0225,0.0508,0.0746964,0.0179477,0.136852,False,False,False,False
s276,971,0.139,0.1165,0.0875571,0.0179477,0.136852,False,False,False,False
s276,972,0.0225,0.1165,0.0745457,0.0179477,0.136852,False,False,False,False
s276,973,0.0225,0,0.0641365,0.0179477,0.136852,False,False,False,False
s276,974,0.1449,0.1224,0.0802892,0.0179477,0.136852,False,False,False,False
s276,975,0.0464,0.0985,0.0735114,0.0179477,0.136852,False,False,False,False
s276,976,0.0161,0.0303,0.0620291,0.0179477,0.136852,False,False,False,False
s276,977,0.0356,0.0195,0.0567433,0.0179477,0.136852,False,False,False,False
s276,978,0.0707,0.0351,0.0595346,0.0179477,0.136852,False,False,False,False
s276,979,0.0707,0,0.0617677,0.0179477,0.136852,False,False,False,False
s276,980,0.0507,0.02,0.0595542,0.0179477,0.136852,False,False,False,False
s276,981,0.0464,0.0043,0.0569233,0.0179477,0.136852,False,False,False,False
s276,982,0.0507,0.0043,0.0556787,0.0179477,0.136852,False,False,False,True
s276,983,0.0209,0.0298,0.0487229,0.0179477,0.136852,False,False,False,True
s276,984,0.0209,0,0.0431583,0.0179477,0.136852,False,False,False,True
s276,985,1.5361,1.5152,0.341747,0.0179477,0.136852,True,False,False,False
s276,986,0.1449,1.3912,0.302377,0.0179477,0.136852,False,False,False,False
s276,987,0.0828,0.0621,0.258462,0.0179477,0.136852,False,False,False,False
s276,988,0.0635,0.0193,0.219469,0.0179477,0.136852,False,False,False,False
s276,989,0.0796,0.0161,0.191496,0.0179477,0.136852,False,False,False,False
s276,990,0.0507,0.0289,0.163336,0.0179477,0.136852,False,False,False,False
s276,991,0.1449,0.0942,0.159649,0.0179477,0.136852,False,False,False,False
s276,992,0.0209,0.124,0.131899,0.0179477,0.136852,False,False,False,False
s276,993,0.0707,0.0498,0.119659,0.0179477,0.136852,False,False,False,False
s276,994,0.1755,0.1048,0.130828,0.0179477,0.136852,False,False,False,False
s276,995,,,0.130828,0.0179477,0.136852,False,False,False,False
s276,996,0.1959,,0.143842,0.0179477,0.136852,False,False,False,False
s276,997,0.1449,0.051,0.144054,0.0179477,0.136852,False,False,False,False
s276,998,0.0233,0.1216,0.119903,0.0179477,0.136852,False,False,False,False
s276,999,0.1955,0.1722,0.135022,0.0179477,0.136852,False,False,False,False
s276,1000,0.0507,0.1448,0.118158,0.0179477,0.136852,False,False,False,False
s276,1001,0.0351,0.0156,0.101546,0.0179477,0.136852,False,False,False,False
s276,1002,0.1755,0.1404,0.116337,0.0179477,0.136852,False,False,False,False
s276,1003,0.0305,0.145,0.0991696,0.0179477,0.136852,False,False,False,False
s276,1004,0.1755,0.145,0.114436,0.0179477,0.136852,False,False,False,False
s276,1005,0.233,0.0575,0.138149,0.0179477,0.136852,False,False,False,False
s276,1006,0.1449,0.0881,0.139499,0.0179477,0.136852,False,False,True,False
s276,1007,0.2177,0.0728,0.155139,0.0179477,0.136852,False,True,True,False
s276,1008,0.0524,0.1653,0.134591,0.0179477,0.136852,False,False,False,False
s276,1009,0.1965,0.1441,0.146973,0.0179477,0.136852,False,True,True,False
s276,1010,0.1449,0.0516,0.146558,0.0179477,0.136852,False,False,True,False
s276,1011,0.1965,0.0516,0.156547,0.0179477,0.136852,False,True,True,False
s276,1012,0.1959,0.0006,0.164417,0.0179477,0.136852,False,False,True,False
s276,1013,0.4139,0.218,0.214314,0.0179477,0.136852,True,True,True,False
s276,1014,0.0522,0.3617,0.181891,0.0179477,0.136852,False,False,False,False
s276,1015,0.0507,0.0015,0.155653,0.0179477,0.136852,False,False,False,False
s276,1016,0.0522,0.0015,0.134962,0.0179477,0.136852,False,False,False,False
s276,1017,0.0796,0.0274,0.12389,0.0179477,0.136852,False,False,False,False
s276,1018,0.0537,0.0259,0.109852,0.0179477,0.136852,False,False,False,False
s276,1019,0.0209,0.0328,0.0920615,0.0179477,0.136852,False,False,False,False
s276,1020,0.0566,0.0357,0.0849692,0.0179477,0.136852,False,False,False,False
s276,1021,0.1755,0.1189,0.103075,0.0179477,0.136852,False,False,False,False
s276,1022,0.0305,0.145,0.0885603,0.0179477,0.136852,False,False,False,False
s276,1023,0.1041,0.0736,0.0916682,0.0179477,0.136852,False,False,False,False
s276,1024,0.1811,0.077,0.109555,0.0179477,0.136852,False,False,False,False
s276,1025,0.0955,0.0856,0.106744,0.0179477,0.136852,False,False,False,False
s276,1026,0.1235,0.028,0.110095,0.0179477,0.136852,False,False,False,False
s276,1027,0.1034,0.0201,0.108756,0.0179477,0.136852,False,False,False,False
s276,1028,0.0305,0.0729,0.0931048,0.0179477,0.136852,False,False,False,False
s276,1029,0.0537,0.0232,0.0852238,0.0179477,0.136852,False,False,False,False
s276,1030,0.0341,0.0196,0.074999,0.0179477,0.136852,False,False,False,False
s276,1031,0.0926,0.0585,0.0785192,0.0179477,0.136852,False,False,False,False
s276,1032,0.1642,0.0716,0.0956554,0.0179477,0.136852,False,False,False,False
s276,1033,0.0926,0.0716,0.0950443,0.0179477,0.136852,False,False,False,False
s276,1034,0.0522,0.0404,0.0864754,0.0179477,0.136852,False,False,False,False
s276,1035,0.1642,0.112,0.10202,0.0179477,0.136852,False,False,False,False
s276,1036,0.159,0.0052,0.113416,0.0179477,0.136852,False,False,False,False
s276,1037,0.0955,0.0635,0.109833,0.0179477,0.136852,False,False,False,False
s276,1038,0.159,0.0635,0.119666,0.0179477,0.136852,False,False,False,False
s276,1039,0.1449,0.0141,0.124713,0.0179477,0.136852,False,False,True,False
s276,1040,0.1438,0.0011,0.128531,0.0179477,0.136852,False,False,True,False
s276,1041,0.0707,0.0731,0.116964,0.0179477,0.136852,False,False,False,False
s276,1042,0.0522,0.0185,0.104012,0.0179477,0.136852,False,False,False,False
s276,1043,0.1034,0.0512,0.103889,0.0179477,0.136852,False,False,False,False
s276,1044,0.0284,0.075,0.0887914,0.0179477,0.136852,False,False,False,False
s276,1045,0.1197,0.0913,0.0949731,0.0179477,0.136852,False,False,False,False
s276,1046,0.1034,0.0163,0.0966585,0.0179477,0.136852,False,False,False,False
s276,1047,0.0926,0.0108,0.0958468,0.0179477,0.136852,False,False,False,False
s276,1048,0.1811,0.0885,0.112897,0.0179477,0.136852,False,False,False,False
s276,1049,0.0926,0.0885,0.108838,0.0179477,0.136852,False,False,False,False
s276,1050,0.1235,0.0309,0.11177,0.0179477,0.136852,False,False,False,False
s276,1051,0.1099,0.0136,0.111396,0.0179477,0.136852,False,False,False,False
s276,1052,0.0341,0.0758,0.095937,0.0179477,0.136852,False,False,False,False
s276,1053,0.0226,0.0115,0.0812696,0.0179477,0.136852,False,False,False,False
s276,1054,0.1369,0.1143,0.0923957,0.0179477,0.136852,False,False,False,False
s276,1055,0.1034,0.0335,0.0945966,0.0179477,0.136852,False,False,False,False
s276,1056,0.0464,0.057,0.0849572,0.0179477,0.136852,False,False,False,False
s276,1057,0.0341,0.0123,0.0747858,0.0179477,0.136852,False,False,False,False
s276,1058,0.1438,0.1097,0.0885886,0.0179477,0.136852,False,False,False,False
s276,1059,0.0226,0.1212,0.0753909,0.0179477,0.136852,False,False,False,False
s276,1060,0.1034,0.0808,0.0809927,0.0179477,0.136852,False,False,False,False
s276,1061,0.1034,0,0.0854742,0.0179477,0.136852,False,False,False,False
s276,1062,0.1099,0.0065,0.0903593,0.0179477,0.136852,False,False,False,False
s276,1063,0.0341,0.0758,0.0791075,0.0179477,0.136852,False,False,False,False
s276,1064,0.0226,0.0115,0.067806,0.0179477,0.136852,False,False,False,False
s276,1065,0.0226,0,0.0587648,0.0179477,0.136852,False,False,False,False
s276,1066,0.0277,0.0051,0.0525518,0.0179477,0.136852,False,False,False,False
s276,1067,0.1041,0.0764,0.0628615,0.0179477,0.136852,False,False,False,False
s276,1068,0.0337,0.0704,0.0570292,0.0179477,0.136852,False,False,False,False
s276,1069,0.0261,0.0076,0.0508433,0.0179477,0.136852,False,False,False,False
s276,1070,0.0304,0.0043,0.0467547,0.0179477,0.136852,False,False,False,False
s276,1071,0.1663,0.1359,0.0706637,0.0179477,0.136852,False,False,False,False
s276,1072,0.0341,0.1322,0.063351,0.0179477,0.136852,False,False,False,False
s276,1073,0.0341,0,0.0575008,0.0179477,0.136852,False,False,False,False
s276,1074,0.0337,0.0004,0.0527406,0.0179477,0.136852,False,False,False,False
s276,1075,0.0926,0.0589,0.0607125,0.0179477,0.136852,False,False,False,False
s276,1076,0.1482,0.0556,0.07821,0.0179477,0.136852,False,False,False,False
s276,1077,0.263,0.1148,0.115168,0.0179477,0.136852,True,False,False,False
s276,1078,0.263,0,0.144734,0.0179477,0.136852,True,True,False,False
s276,1079,0.1016,0.1614,0.136108,0.0179477,0.136852,False,False,False,False
s276,1080,0.0337,0.0679,0.115626,0.0179477,0.136852,False,False,False,False
s276,1081,0.063,0.0293,0.105101,0.0179477,0.136852,False,False,False,False
s276,1082,0.1642,0.1012,0.116921,0.0179477,0.136852,False,False,False,False
s276,1083,0.263,0.0988,0.146137,0.0179477,0.136852,True,False,False,False
s276,1084,0.1966,0.0664,0.156229,0.0179477,0.136852,False,True,False,False
s276,1085,0.0544,0.1422,0.135863,0.0179477,0.136852,False,False,False,False
s276,1086,0.0341,0.0203,0.115511,0.0179477,0.136852,False,False,False,False
s276,1087,0.0926,0.0585,0.110929,0.0179477,0.136852,False,False,False,False
s276,1088,0.063,0.0296,0.101343,0.0179477,0.136852,False,False,False,False
s276,1089,0.0967,0.0337,0.100414,0.0179477,0.136852,False,False,False,False
s276,1090,0.0341,0.0626,0.0871514,0.0179477,0.136852,False,False,False,False
s276,1091,0.0529,0.0188,0.0803011,0.0179477,0.136852,False,False,False,False
s276,1092,0.0529,0,0.0748209,0.0179477,0.136852,False,False,False,False
s276,1093,0.0529,0,0.0704367,0.0179477,0.136852,False,False,False,False
s276,1094,0.0529,0,0.0669294,0.0179477,0.136852,False,False,False,False
s276,1095,0.0529,0,0.0641235,0.0179477,0.136852,False,False,False,False
s276,1096,0.263,0.2101,0.103899,0.0179477,0.136852,True,False,False,False
s276,1097,0.0261,0.2369,0.088339,0.0179477,0.136852,False,False,False,False
s276,1098,0.0323,0.0062,0.0771312,0.0179477,0.136852,False,False,False,False
s276,1099,0.1369,0.1046,0.089085,0.0179477,0.136852,False,False,False,False
s276,1100,0.0586,0.0783,0.082988,0.0179477,0.136852,False,False,False,False
s276,1101,0.0277,0.0309,0.0719304,0.0179477,0.136852,False,False,False,False
s276,1102,0.1642,0.1365,0.0903843,0.0179477,0.136852,False,False,False,False
s276,1103,0.1642,0,0.105147,0.0179477,0.136852,False,False,False,False
s276,1104,0.1642,0,0.116958,0.0179477,0.136852,False,False,False,False
s276,1105,0.036,0.1282,0.100766,0.0179477,0.136852,False,False,False,False
s276,1106,0.0586,0.0226,0.0923331,0.0179477,0.136852,False,False,False,False
s276,1107,0.1197,0.0611,0.0978065,0.0179477,0.136852,False,False,False,False
s276,1108,0.0906,0.0291,0.0963652,0.0179477,0.136852,False,False,False,False
s276,1109,0.189,0.0984,0.114892,0.0179477,0.136852,False,False,False,False
s276,1110,0.1663,0.0227,0.125174,0.0179477,0.136852,False,False,False,False
s276,1111,0.0393,0.127,0.107999,0.0179477,0.136852,False,False,False,False
s276,1112,0.0967,0.0574,0.105739,0.0179477,0.136852,False,False,False,False
s276,1113,0.189,0.0923,0.122391,0.0179477,0.136852,False,False,False,False
s276,1114,0.1016,0.0874,0.118233,0.0179477,0.136852,False,False,False,False
s276,1115,0.0192,0.0824,0.0984265,0.0179477,0.136852,False,False,False,False
s276,1116,0.189,0.1698,0.116541,0.0179477,0.136852,False,False,False,False
s276,1117,0.1449,0.0441,0.122213,0.0179477,0.136852,False,False,False,False
s276,1118,0.0926,0.0523,0.11629,0.0179477,0.136852,False,False,False,False
s276,1119,0.263,0.1704,0.145632,0.0179477,0.136852,True,False,False,False
s276,1120,0.0832,0.1798,0.133146,0.0179477,0.136852,False,False,False,False
s276,1121,0.1138,0.0306,0.129277,0.0179477,0.136852,False,False,False,False
s276,1122,0.1197,0.0059,0.127361,0.0179477,0.136852,False,False,False,False
s276,1123,0.0916,0.0281,0.120209,0.0179477,0.136852,False,False,False,True
s276,1124,0.1006,0.009,0.116287,0.0179477,0.136852,False,False,False,True
s276,1125,0.0226,0.078,0.0975498,0.0179477,0.136852,False,False,False,False
s276,1126,0.0261,0.0035,0.0832598,0.0179477,0.136852,False,False,False,False
s276,1127,0.1197,0.0936,0.0905479,0.0179477,0.136852,False,False,False,False
s276,1128,0.0491,0.0706,0.0822583,0.0179477,0.136852,False,False,False,False
s276,1129,0.0906,0.0415,0.0839266,0.0179477,0.136852,False,False,False,False
s276,1130,0.0304,0.0602,0.0732213,0.0179477,0.136852,False,False,False,False
s276,1131,0.0349,0.0045,0.065557,0.0179477,0.136852,False,False,False,False
s276,1132,0.1006,0.0657,0.0725656,0.0179477,0.136852,False,False,False,False
s276,1133,0.036,0.0646,0.0652525,0.0179477,0.136852,False,False,False,False
s276,1134,0.263,0.227,0.104802,0.0179477,0.136852,True,False,False,False
s276,1135,0.0261,0.2369,0.0890616,0.0179477,0.136852,False,False,False,False
s276,1136,0.1006,0.0745,0.0913693,0.0179477,0.136852,False,False,False,False
s276,1137,0.0906,0.01,0.0912154,0.0179477,0.136852,False,False,False,False
s276,1138,0.1034,0.0128,0.0936523,0.0179477,0.136852,False,False,False,False
s276,1139,0.1034,0,0.0956019,0.0179477,0.136852,False,False,False,False
s276,1140,,,0.0956019,0.0179477,0.136852,False,False,False,False
s276,1141,0.1708,,0.110641,0.0179477,0.136852,False,False,False,False
s276,1142,0.0379,0.1329,0.0960932,0.0179477,0.136852,False,False,False,False
s276,1143,0.0277,0.0102,0.0824146,0.0179477,0.136852,False,False,False,False
s276,1144,0.13,0.1023,0.0919316,0.0179477,0.136852,False,False,False,False
s276,1145,0.1516,0.0216,0.103865,0.0179477,0.136852,False,False,False,False
s276,1146,0.0393,0.1123,0.0909523,0.0179477,0.136852,False,False,False,False
s276,1147,0.1516,0.1123,0.103082,0.0179477,0.136852,False,False,False,False
s276,1148,0.0349,0.1167,0.0894454,0.0179477,0.136852,False,False,False,False
s276,1149,0.0349,0,0.0785364,0.0179477,0.136852,False,False,False,False
s276,1150,0.0304,0.0045,0.0689091,0.0179477,0.136852,False,False,False,False
s276,1151,0.1073,0.0769,0.0765873,0.0179477,0.136852,False,False,False,False
s276,1152,0.0906,0.0167,0.0793898,0.0179477,0.136852,False,False,False,False
s276,1153,0.0379,0.0527,0.0710919,0.0179477,0.136852,False,False,False,False
s276,1154,0.0379,0,0.0644535,0.0179477,0.136852,False,False,False,False
s276,1155,0.2094,0.1715,0.0934428,0.0179477,0.136852,False,False,False,False
s276,1156,0.0323,0.1771,0.0812142,0.0179477,0.136852,False,False,False,False
s276,1157,0.0355,0.0032,0.0720714,0.0179477,0.136852,False,False,False,False
s276,1158,0.0448,0.0093,0.0666171,0.0179477,0.136852,False,False,False,False
s276,1159,0.1073,0.0625,0.0747537,0.0179477,0.136852,False,False,False,False
s276,1160,0.1708,0.0635,0.0939629,0.0179477,0.136852,False,False,False,False
s276,1161,0.1516,0.0192,0.10549,0.0179477,0.136852,False,False,False,False
s276,1162,0.0581,0.0935,0.0960123,0.0179477,0.136852,False,False,False,False
s276,1163,0.044,0.0141,0.0856098,0.0179477,0.136852,False,False,False,False
s276,1164,0.0355,0.0085,0.0755879,0.0179477,0.136852,False,False,False,False
s276,1165,0.0355,0,0.0675703,0.0179477,0.136852,False,False,False,False
s276,1166,0.1449,0.1094,0.0830362,0.0179477,0.136852,False,False,False,False
s276,1167,0.0355,0.1094,0.073529,0.0179477,0.136852,False,False,False,False
s276,1168,0.0448,0.0093,0.0677832,0.0179477,0.136852,False,False,False,False
s276,1169,0.1073,0.0625,0.0756866,0.0179477,0.136852,False,False,False,False
s276,1170,0.0379,0.0694,0.0681292,0.0179477,0.136852,False,False,False,False
s276,1171,0.1248,0.0869,0.0794634,0.0179477,0.136852,False,False,False,False
s276,1172,0.1449,0.0201,0.0925507,0.0179477,0.136852,False,False,False,False
s276,1173,0.1138,0.0311,0.0968006,0.0179477,0.136852,False,False,False,False
s276,1174,0.0844,0.0294,0.0943205,0.0179477,0.136852,False,False,False,False
s276,1175,0.0437,0.0407,0.0841964,0.0179477,0.136852,False,False,False,False
s276,1176,0.1142,0.0705,0.0901971,0.0179477,0.136852,False,False,False,False
s276,1177,0.0437,0.0705,0.0808977,0.0179477,0.136852,False,False,False,False
s276,1178,0.1016,0.0579,0.0850381,0.0179477,0.136852,False,False,False,False
s276,1179,0.0844,0.0172,0.0849105,0.0179477,0.136852,False,False,False,False
s276,1180,0.1009,0.0165,0.0881084,0.0179477,0.136852,False,False,False,False
s276,1181,0.0823,0.0186,0.0869467,0.0179477,0.136852,False,False,False,False
s276,1182,0.0898,0.0075,0.0875174,0.0179477,0.136852,False,False,False,False
s276,1183,0.044,0.0458,0.0788139,0.0179477,0.136852,False,False,False,False
s276,1184,0.1747,0.1307,0.0979911,0.0179477,0.136852,False,False,False,False
s276,1185,0.189,0.0143,0.116193,0.0179477,0.136852,False,False,False,False
s276,1186,0.0566,0.1324,0.104274,0.0179477,0.136852,False,False,False,False
s276,1187,0.1449,0.0883,0.112399,0.0179477,0.136852,False,False,False,False
s276,1188,0.1708,0.0259,0.12408,0.0179477,0.136852,False,False,True,False
s276,1189,0.1663,0.0045,0.132524,0.0179477,0.136852,False,False,True,False
s276,1190,0.1073,0.059,0.127479,0.0179477,0.136852,False,False,False,False
s276,1191,0.1449,0.0376,0.130963,0.0179477,0.136852,False,False,True,False
s276,1192,0.0372,0.1077,0.112211,0.0179477,0.136852,False,False,False,False
s276,1193,0.0261,0.0111,0.0949884,0.0179477,0.136852,False,False,False,False
s276,1194,0.0898,0.0637,0.0939507,0.0179477,0.136852,False,False,False,False
s276,1195,0.111,0.0212,0.0973606,0.0179477,0.136852,False,False,False,False
s276,1196,0.189,0.078,0.115688,0.0179477,0.136852,False,False,False,False
s276,1197,0.0448,0.1442,0.101511,0.0179477,0.136852,False,False,False,False
s276,1198,0.0304,0.0144,0.0872886,0.0179477,0.136852,False,False,False,False
s276,1199,0.1248,0.0944,0.0947909,0.0179477,0.136852,False,False,False,False
s276,1200,0.1822,0.0574,0.112273,0.0179477,0.136852,False,False,False,False
s276,1201,0.044,0.1382,0.0986182,0.0179477,0.136852,False,False,False,False
s276,1202,0.0898,0.0458,0.0968545,0.0179477,0.136852,False,False,False,False
s276,1203,0.1822,0.0924,0.113924,0.0179477,0.136852,False,False,False,False
s276,1204,0.0792,0.103,0.106979,0.0179477,0.136852,False,False,False,False
s276,1205,0.0967,0.0175,0.104923,0.0179477,0.136852,False,False,False,False
s276,1206,0.0832,0.0135,0.100578,0.0179477,0.136852,False,False,False,False
s276,1207,0.2094,0.1262,0.122343,0.0179477,0.136852,False,False,False,False
s276,1208,0.0277,0.1817,0.103414,0.0179477,0.136852,False,False,False,False
s276,1209,0.0448,0.0171,0.0916914,0.0179477,0.136852,False,False,False,False
s276,1210,0.1009,0.0561,0.0935331,0.0179477,0.136852,False,False,False,False
s276,1211,0.0955,0.0054,0.0939265,0.0179477,0.136852,False,False,False,False
s276,1212,0.0627,0.0328,0.0876812,0.0179477,0.136852,False,False,False,False
s276,1213,0.0274,0.0353,0.075625,0.0179477,0.136852,False,False,False,False
s276,1214,0.0274,0,0.06598,0.0179477,0.136852,False,False,False,False
s276,1215,0.0364,0.009,0.060064,0.0179477,0.136852,False,False,False,False
s276,1216,0.0274,0.009,0.0535312,0.0179477,0.136852,False,False,False,False
s276,1217,0.2341,0.2067,0.0896449,0.0179477,0.136852,False,False,False,False
s276,1218,0.0274,0.2067,0.077196,0.0179477,0.136852,False,False,False,False
s276,1219,0.1708,0.1434,0.0959168,0.0179477,0.136852,False,False,False,False
s276,1220,0.1508,0.02,0.106893,0.0179477,0.136852,False,False,False,False
s276,1221,0.0274,0.1234,0.0909947,0.0179477,0.136852,False,False,False,False
s276,1222,0.0536,0.0262,0.0835158,0.0179477,0.136852,False,False,False,False
s276,1223,0.0536,0,0.0775326,0.0179477,0.136852,False,False,False,False
s276,1224,0.0441,0.0095,0.0708461,0.0179477,0.136852,False,False,False,False
s276,1225,0.0275,0.0166,0.0621769,0.0179477,0.136852,False,False,False,False
s276,1226,0.0275,0,0.0552415,0.0179477,0.136852,False,False,False,False
s276,1227,0.0536,0.0261,0.0549132,0.0179477,0.136852,False,False,False,False
s276,1228,0.0458,0.0078,0.0530906,0.0179477,0.136852,False,False,False,True
s276,1229,0.1508,0.105,0.0726325,0.0179477,0.136852,False,False,False,False
s276,1230,0.1425,0.0083,0.086606,0.0179477,0.136852,False,False,False,False
s276,1231,0.0437,0.0988,0.0780248,0.0179477,0.136852,False,False,False,False
s276,1232,0.0824,0.0387,0.0788998,0.0179477,0.136852,False,False,False,False
s276,1233,0.0408,0.0416,0.0712799,0.0179477,0.136852,False,False,False,False
s276,1234,0.0627,0.0219,0.0695639,0.0179477,0.136852,False,False,False,False
s276,1235,0.0536,0.0091,0.0663711,0.0179477,0.136852,False,False,False,False
s276,1236,0.0536,0,0.0638169,0.0179477,0.136852,False,False,False,False
s276,1237,0.0274,0.0262,0.0565335,0.0179477,0.136852,False,False,False,False
s276,1238,0.0275,0.0001,0.0507268,0.0179477,0.136852,False,False,False,False
s276,1239,0.0458,0.0183,0.0497414,0.0179477,0.136852,False,False,False,False
s276,1240,0.0627,0.0169,0.0523332,0.0179477,0.136852,False,False,False,True
s276,1241,0.0437,0.019,0.0506065,0.0179477,0.136852,False,False,False,True
s276,1242,0.0408,0.0029,0.0486452,0.0179477,0.136852,False,False,False,True
s276,1243,0.1614,0.1206,0.0711962,0.0179477,0.136852,False,False,False,False
s276,1244,0.0468,0.1146,0.0663169,0.0179477,0.136852,False,False,False,False
s276,1245,0.1009,0.0541,0.0732336,0.0179477,0.136852,False,False,False,False
s276,1246,0.0241,0.0768,0.0634068,0.0179477,0.136852,False,False,False,False
s276,1247,0.2524,0.2283,0.101205,0.0179477,0.136852,False,False,False,False
s276,1248,0.0471,0.2053,0.0903844,0.0179477,0.136852,False,False,False,False
s276,1249,0.0275,0.0196,0.0778075,0.0179477,0.136852,False,False,False,False
s276,1250,0.0241,0.0034,0.067066,0.0179477,0.136852,False,False,False,False
s276,1251,0.1614,0.1373,0.0859328,0.0179477,0.136852,False,False,False,False
s276,1252,0.0441,0.1173,0.0775662,0.0179477,0.136852,False,False,False,False
s276,1253,0.0241,0.02,0.066873,0.0179477,0.136852,False,False,False,False
s276,1254,0.0241,0,0.0583184,0.0179477,0.136852,False,False,False,False
s276,1255,0.1614,0.1373,0.0789347,0.0179477,0.136852,False,False,False,False
s276,1256,0.098,0.0634,0.0827478,0.0179477,0.136852,False,False,False,False
s276,1257,0.2089,0.1109,0.107978,0.0179477,0.136852,False,False,False,False
s276,1258,0.0241,0.1848,0.0912026,0.0179477,0.136852,False,False,False,False
s276,1259,0.1392,0.1151,0.100802,0.0179477,0.136852,False,False,False,False
s276,1260,0.1392,0,0.108482,0.0179477,0.136852,False,False,False,False
s276,1261,0.0551,0.0841,0.0978053,0.0179477,0.136852,False,False,False,False
s276,1262,0.0536,0.0015,0.0889643,0.0179477,0.136852,False,False,False,False
s276,1263,0.0551,0.0015,0.0821914,0.0179477,0.136852,False,False,False,False
s276,1264,0.2168,0.1617,0.109113,0.0179477,0.136852,False,False,False,False
s276,1265,0.0536,0.1632,0.0980105,0.0179477,0.136852,False,False,False,False
s276,1266,0.0241,0.0295,0.0832284,0.0179477,0.136852,False,False,False,False
s276,1267,0.2089,0.1848,0.108363,0.0179477,0.136852,False,False,False,False
s276,1268,0.1508,0.0581,0.11685,0.0179477,0.136852,False,False,False,False
s276,1269,0.2168,0.066,0.13684,0.0179477,0.136852,False,True,False,False
s276,1270,0.0241,0.1927,0.114292,0.0179477,0.136852,False,False,False,False
s276,1271,0.0627,0.0386,0.103974,0.0179477,0.136852,False,False,False,False
s276,1272,0.3911,0.3284,0.161399,0.0179477,0.136852,True,False,False,False
s276,1273,0.0536,0.3375,0.139839,0.0179477,0.136852,False,False,False,False
s276,1274,0.1667,0.1131,0.145211,0.0179477,0.136852,False,False,False,False
s276,1275,0.0536,0.1131,0.126889,0.0179477,0.136852,False,False,False,False
s276,1276,0.1667,0.1131,0.134851,0.0179477,0.136852,False,False,False,False
s276,1277,0.0536,0.1131,0.118601,0.0179477,0.136852,False,False,False,False
s276,1278,0.0441,0.0095,0.103701,0.0179477,0.136852,False,False,False,False
s276,1279,0.2168,0.1727,0.126321,0.0179477,0.136852,False,False,False,False
s276,1280,0.0669,0.1499,0.114437,0.0179477,0.136852,False,False,False,False
s276,1281,0.0561,0.0108,0.102769,0.0179477,0.136852,False,False,False,False
s276,1282,0.0275,0.0286,0.0877154,0.0179477,0.136852,False,False,False,False
s276,1283,0.4081,0.3806,0.151792,0.0179477,0.136852,True,False,False,False
s276,1284,0.0688,0.3393,0.135194,0.0179477,0.136852,False,False,False,False
s276,1285,0.3911,0.3223,0.186375,0.0179477,0.136852,True,True,False,False
s276,1286,0.0677,0.3234,0.16264,0.0179477,0.136852,False,False,False,False
s276,1287,0.0536,0.0141,0.140832,0.0179477,0.136852,False,False,False,False
s276,1288,0.1616,0.108,0.144986,0.0179477,0.136852,False,False,False,False
s276,1289,0.0561,0.1055,0.127209,0.0179477,0.136852,False,False,False,False
s276,1290,0.1616,0.1055,0.134087,0.0179477,0.136852,False,False,False,False
s276,1291,0.1616,0,0.139589,0.0179477,0.136852,False,False,False,False
s276,1292,0.0561,0.1055,0.122892,0.0179477,0.136852,False,False,False,False
s276,1293,0.0561,0,0.109533,0.0179477,0.136852,False,False,False,False
s276,1294,0.0669,0.0108,0.101007,0.0179477,0.136852,False,False,False,False
s276,1295,0.0536,0.0133,0.0915253,0.0179477,0.136852,False,False,False,False
s276,1296,0.1672,0.1136,0.10666,0.0179477,0.136852,False,False,False,False
s276,1297,0.0688,0.0984,0.0990882,0.0179477,0.136852,False,False,False,False
s276,1298,0.1667,0.0979,0.112611,0.0179477,0.136852,False,False,False,False
s276,1299,0.0669,0.0998,0.103468,0.0179477,0.136852,False,False,False,False
s276,1300,0.0551,0.0118,0.0937947,0.0179477,0.136852,False,False,False,False
s276,1301,0.1667,0.1116,0.108376,0.0179477,0.136852,False,False,False,False
s276,1302,0.0551,0.1116,0.0977206,0.0179477,0.136852,False,False,False,False
s276,1303,0.0468,0.0083,0.0875365,0.0179477,0.136852,False,False,False,False
s276,1304,3332.57,3332.52,666.583,0.0179477,0.136852,True,False,False,False
s276,1305,0.2089,3332.36,533.308,0.0179477,0.136852,False,True,False,False
s276,1306,0.1667,0.0422,426.68,0.0179477,0.136852,False,False,False,False
s276,1307,0.0561,0.1106,341.355,0.0179477,0.136852,False,False,False,False
s276,1308,0.2725,0.2164,273.139,0.0179477,0.136852,True,False,True,False
s276,1309,0.2725,0,218.565,0.0179477,0.136852,True,True,True,False
s276,1310,0.2725,0,174.907,0.0179477,0.136852,True,True,True,False
s276,1311,0.0781,0.1944,139.941,0.0179477,0.136852,False,False,False,False
s276,1312,0.2725,0.1944,112.007,0.0179477,0.136852,True,True,True,False
s276,1313,0.2725,0,89.6604,0.0179477,0.136852,True,True,True,False
s276,1314,0.0196,0.2529,71.7322,0.0179477,0.136852,False,False,False,False
s276,1315,0.163,0.1434,57.4184,0.0179477,0.136852,False,False,False,False
s276,1316,0.163,0,45.9673,0.0179477,0.136852,False,False,True,False
s276,1317,0.1614,0.0016,36.8061,0.0179477,0.136852,False,False,True,False
s276,1318,0.163,0.0016,29.4775,0.0179477,0.136852,False,False,True,False
s276,1319,0.0561,0.1069,23.5932,0.0179477,0.136852,False,False,False,False
s276,1320,3332.6,3332.54,685.394,0.0179477,0.136852,True,False,True,False
s276,1321,0.0781,3332.52,548.331,0.0179477,0.136852,False,False,False,False
s276,1322,0.163,0.0849,438.697,0.0179477,0.136852,False,False,False,False
s276,1323,0.0196,0.1434,350.962,0.0179477,0.136852,False,False,False,False
s276,1324,0.2168,0.1972,280.813,0.0179477,0.136852,False,False,False,False
s276,1325,0.0551,0.1617,224.661,0.0179477,0.136852,False,False,False,False
s276,1326,0.0561,0.001,179.74,0.0179477,0.136852,False,False,False,False
s276,1327,0.0781,0.022,143.808,0.0179477,0.136852,False,False,False,False
s276,1328,0.0551,0.023,115.057,0.0179477,0.136852,False,False,False,False
s276,1329,0.2089,0.1538,92.0876,0.0179477,0.136852,False,False,False,False
s276,1330,0.0196,0.1893,73.674,0.0179477,0.136852,False,False,False,False
s276,1331,0.0979,0.0783,58.9587,0.0179477,0.136852,False,False,False,False
s276,1332,0.0979,0,47.1866,0.0179477,0.136852,False,False,False,False
s276,1333,0.0576,0.0403,37.7608,0.0179477,0.136852,False,False,False,False
s276,1334,0.031,0.0266,30.2148,0.0179477,0.136852,False,False,False,False
s276,1335,0.0979,0.0669,24.1914,0.0179477,0.136852,False,False,False,False
s276,1336,0.0979,0,19.3727,0.0179477,0.136852,False,False,False,False
s276,1337,0.163,0.0651,15.5308,0.0179477,0.136852,False,False,False,False
s276,1338,0.0576,0.1054,12.4361,0.0179477,0.136852,False,False,False,False
s276,1339,0.0979,0.0403,9.9685,0.0179477,0.136852,False,False,False,False
s276,1340,0.0576,0.0403,7.98632,0.0179477,0.136852,False,False,False,False
s276,1341,0.0623,0.0047,6.40152,0.0179477,0.136852,False,False,False,False
s276,1342,0.0667,0.0044,5.13455,0.0179477,0.136852,False,False,False,False
s276,1343,0.1672,0.1005,4.14108,0.0179477,0.136852,False,False,False,False
s276,1344,0.031,0.1362,3.31907,0.0179477,0.136852,False,False,False,False
s276,1345,0.0979,0.0669,2.67483,0.0179477,0.136852,False,False,False,False
s276,1346,0.031,0.0669,2.14607,0.0179477,0.136852,False,False,False,False
s276,1347,0.0979,0.0669,1.73643,0.0179477,0.136852,False,False,False,False
s276,1348,0.0979,0,1.40873,0.0179477,0.136852,False,False,False,False
s276,1349,0.0623,0.0356,1.13944,0.0179477,0.136852,False,False,False,False
s276,1350,0.0623,0,0.924013,0.0179477,0.136852,False,False,False,False
s276,1351,0.031,0.0313,0.74541,0.0179477,0.136852,False,False,False,False
s276,1352,0.0498,0.0188,0.606288,0.0179477,0.136852,False,False,False,False
s276,1353,0.0576,0.0078,0.496551,0.0179477,0.136852,False,False,False,False
s276,1354,0.0336,0.024,0.40396,0.0179477,0.136852,False,False,False,False
s276,1355,0.0498,0.0162,0.333128,0.0179477,0.136852,False,False,False,False
s276,1356,0.0576,0.0078,0.278023,0.0179477,0.136852,False,False,False,True
s276,1357,0.031,0.0266,0.228618,0.0179477,0.136852,False,False,False,True
s276,1358,0.0336,0.0026,0.189615,0.0179477,0.136852,False,False,False,True
s276,1359,0.0336,0,0.158412,0.0179477,0.136852,False,False,False,True
s276,1360,0.0623,0.0287,0.139189,0.0179477,0.136852,False,False,False,True
s276,1361,0.0623,0,0.123811,0.0179477,0.136852,False,False,False,True
s276,1362,0.0979,0.0356,0.118629,0.0179477,0.136852,False,False,False,False
s276,1363,0.0471,0.0508,0.104323,0.0179477,0.136852,False,False,False,False
s276,1364,0.2089,0.1618,0.125239,0.0179477,0.136852,False,False,False,False
s276,1365,0.0576,0.1513,0.111711,0.0179477,0.136852,False,False,False,False
s276,1366,0.0336,0.024,0.0960887,0.0179477,0.136852,False,False,False,False
s276,1367,0.0336,0,0.083591,0.0179477,0.136852,False,False,False,False
s276,1368,0.0336,0,0.0735928,0.0179477,0.136852,False,False,False,False
s276,1369,0.0619,0.0283,0.0712542,0.0179477,0.136852,False,False,False,False
s276,1370,0.0538,0.0081,0.0677634,0.0179477,0.136852,False,False,False,False
s276,1371,0.0623,0.0085,0.0666707,0.0179477,0.136852,False,False,False,False
s276,1372,0.0498,0.0125,0.0632966,0.0179477,0.136852,False,False,False,True
s276,1373,0.0619,0.0121,0.0630173,0.0179477,0.136852,False,False,False,True
s276,1374,0.031,0.0309,0.0566138,0.0179477,0.136852,False,False,False,True
s276,1375,0.0619,0.0309,0.057671,0.0179477,0.136852,False,False,False,True
s276,1376,0.0498,0.0121,0.0560968,0.0179477,0.136852,False,False,False,True
s276,1377,0.0979,0.0481,0.0644575,0.0179477,0.136852,False,False,False,False
s276,1378,0.0576,0.0403,0.063086,0.0179477,0.136852,False,False,False,False
s276,1379,0.0576,0,0.0619888,0.0179477,0.136852,False,False,False,False
s276,1380,0.0623,0.0047,0.062051,0.0179477,0.136852,False,False,False,False
s276,1381,0.0538,0.0085,0.0604008,0.0179477,0.136852,False,False,False,False
s276,1382,0.0554,0.0016,0.0594007,0.0179477,0.136852,False,False,False,False
s276,1383,0.0802,0.0248,0.0635605,0.0179477,0.136852,False,False,False,False
s276,1384,0.0719,0.0083,0.0652284,0.0179477,0.136852,False,False,False,False
s276,1385,0.0576,0.0143,0.0637027,0.0179477,0.136852,False,False,False,False
s276,1386,0.0336,0.024,0.0576822,0.0179477,0.136852,False,False,False,False
s276,1387,0.0447,0.0111,0.0550858,0.0179477,0.136852,False,False,False,False
s276,1388,0.2231,0.1784,0.0886886,0.0179477,0.136852,False,False,False,False
s276,1389,0.0698,0.1533,0.0849109,0.0179477,0.136852,False,False,False,False
s276,1390,0.276,0.2062,0.123129,0.0179477,0.136852,True,True,False,False
s276,1391,0.0698,0.2062,0.112463,0.0179477,0.136852,False,False,False,False
s276,1392,0.0698,0,0.10393,0.0179477,0.136852,False,False,False,False
s276,1393,0.0474,0.0224,0.0926243,0.0179477,0.136852,False,False,False,False
s276,1394,0.0447,0.0027,0.0830394,0.0179477,0.136852,False,False,False,False
s276,1395,0.1811,0.1364,0.102652,0.0179477,0.136852,False,False,False,False
s276,1396,0.2167,0.0356,0.125461,0.0179477,0.136852,False,False,False,False
s276,1397,0.2231,0.0064,0.144989,0.0179477,0.136852,False,True,False,False
s276,1398,0.0802,0.1429,0.132031,0.0179477,0.136852,False,False,False,False
s276,1399,0.2231,0.1429,0.150245,0.0179477,0.136852,False,True,True,False
s276,1400,0.0274,0.1957,0.125676,0.0179477,0.136852,False,False,False,False
s276,1401,0.2231,0.1957,0.145161,0.0179477,0.136852,False,True,False,False
s276,1402,0.276,0.0529,0.171329,0.0179477,0.136852,True,True,False,False
s276,1403,0.2231,0.0529,0.181683,0.0179477,0.136852,False,True,True,False
s276,1404,0.0447,0.1784,0.154286,0.0179477,0.136852,False,False,False,False
s276,1405,0.1811,0.1364,0.159649,0.0179477,0.136852,False,False,True,False
s276,1406,0.2167,0.0356,0.171059,0.0179477,0.136852,False,False,True,False
s276,1407,0.0447,0.172,0.145787,0.0179477,0.136852,False,False,False,False
s276,1408,0.0698,0.0251,0.13059,0.0179477,0.136852,False,False,False,False
s276,1409,0.0447,0.0251,0.113412,0.0179477,0.136852,False,False,False,False
s276,1410,0.2167,0.172,0.13407,0.0179477,0.136852,False,False,False,False
s276,1411,0.0698,0.1469,0.121216,0.0179477,0.136852,False,False,False,False
s276,1412,0.1025,0.0327,0.117473,0.0179477,0.136852,False,False,False,False
s276,1413,0.1025,0,0.114478,0.0179477,0.136852,False,False,False,False
s276,1414,0.0623,0.0402,0.104042,0.0179477,0.136852,False,False,False,False
s276,1415,0.1408,0.0785,0.111394,0.0179477,0.136852,False,False,False,False
s276,1416,0.0698,0.071,0.103075,0.0179477,0.136852,False,False,False,False
s276,1417,0.1408,0.071,0.11062,0.0179477,0.136852,False,False,False,False
s276,1418,0.0447,0.0961,0.0974361,0.0179477,0.136852,False,False,False,False
s276,1419,0.1025,0.0578,0.0984489,0.0179477,0.136852,False,False,False,False
s276,1420,0.0415,0.061,0.0870591,0.0179477,0.136852,False,False,False,False
s276,1421,0.1654,0.1239,0.102727,0.0179477,0.136852,False,False,False,False
s276,1422,0.0623,0.1031,0.0946418,0.0179477,0.136852,False,False,False,False
s276,1423,0.1408,0.0785,0.103873,0.0179477,0.136852,False,False,False,False
s276,1424,0.043,0.0978,0.0916988,0.0179477,0.136852,False,False,False,False
s276,1425,0.0439,0.0009,0.082139,0.0179477,0.136852,False,False,False,False
s276,1426,0.043,0.0009,0.0743112,0.0179477,0.136852,False,False,False,False
s276,1427,0.1654,0.1224,0.092529,0.0179477,0.136852,False,False,False,False
s276,1428,0.1025,0.0629,0.0945232,0.0179477,0.136852,False,False,False,False
s276,1429,0.2231,0.1206,0.120239,0.0179477,0.136852,False,False,False,False
s276,1430,0.1654,0.0577,0.129271,0.0179477,0.136852,False,False,False,False
s276,1431,0.1654,0,0.136497,0.0179477,0.136852,False,False,True,False
s276,1432,0.0415,0.1239,0.117497,0.0179477,0.136852,False,False,False,False
s276,1433,0.1408,0.0993,0.122158,0.0179477,0.136852,False,False,True,False
s276,1434,0.0698,0.071,0.111686,0.0179477,0.136852,False,False,False,False
s276,1435,0.2167,0.1469,0.132689,0.0179477,0.136852,False,False,False,False
s276,1436,0.1025,0.1142,0.126651,0.0179477,0.136852,False,False,False,False
s276,1437,0.1654,0.0629,0.134401,0.0179477,0.136852,False,False,False,False
s276,1438,0.2231,0.0577,0.152141,0.0179477,0.136852,False,False,False,False
s276,1439,0.043,0.1801,0.130313,0.0179477,0.136852,False,False,False,False
s276,1440,0.1025,0.0595,0.12475,0.0179477,0.136852,False,False,False,False
s276,1441,0.0802,0.0223,0.11584,0.0179477,0.136852,False,False,False,False
s276,1442,0.0439,0.0363,0.101452,0.0179477,0.136852,False,False,False,False
s276,1443,0.0619,0.018,0.0935417,0.0179477,0.136852,False,False,False,False
s276,1444,0.0415,0.0204,0.0831333,0.0179477,0.136852,False,False,False,False
s276,1445,0.134,0.0925,0.0933067,0.0179477,0.136852,False,False,False,False
s276,1446,3331.68,3331.54,666.41,0.0179477,0.136852,True,False,False,False
s276,1447,0.0287,3331.65,533.133,0.0179477,0.136852,False,False,False,False
s276,1448,,,533.133,0.0179477,0.136852,False,False,False,False
s276,1449,0.134,,426.534,0.0179477,0.136852,False,False,False,False
s276,1450,,,426.534,0.0179477,0.136852,False,False,False,False
s276,1451,0.0439,,341.236,0.0179477,0.136852,False,False,False,False
s276,1452,0.134,0.0901,273.015,0.0179477,0.136852,False,False,False,False
s276,1453,0.0422,0.0918,218.421,0.0179477,0.136852,False,False,False,False
s276,1454,0.255,0.2128,174.788,0.0179477,0.136852,False,False,False,False
s276,1455,0.134,0.121,139.857,0.0179477,0.136852,False,False,False,False
s276,1456,3332.45,3332.31,778.375,0.0179477,0.136852,True,True,False,False
s276,1457,0.255,3332.19,622.751,0.0179477,0.136852,False,True,False,False
s276,1458,0.1614,0.0936,498.233,0.0179477,0.136852,False,False,True,False
s276,1459,,,498.233,0.0179477,0.136852,False,False,False,False
s276,1460,,,498.233,0.0179477,0.136852,False,False,False,False
s276,1461,,,498.233,0.0179477,0.136852,False,False,False,False
s276,1462,0.0288,,398.592,0.0179477,0.136852,False,False,False,False
s276,1463,0.0288,0,318.88,0.0179477,0.136852,False,False,False,False
s276,1464,0.2176,0.1888,255.147,0.0179477,0.136852,False,False,False,False
s276,1465,0.0347,0.1829,204.125,0.0179477,0.136852,False,False,False,False
s276,1466,0.1598,0.1251,163.332,0.0179477,0.136852,False,False,False,False
s276,1467,,,163.332,0.0179477,0.136852,False,False,False,False
s276,1468,0.2176,,130.709,0.0179477,0.136852,False,False,False,False
s276,1469,,,130.709,0.0179477,0.136852,False,False,False,False
s276,1470,0.0321,,104.574,0.0179477,0.136852,False,False,False,False
s276,1471,0.2176,0.1855,83.7023,0.0179477,0.136852,False,False,False,False
s276,1472,0.0283,0.1893,66.9675,0.0179477,0.136852,False,False,False,False
s276,1473,0.1908,0.1625,53.6122,0.0179477,0.136852,False,False,False,False
s276,1474,0.0288,0.162,42.8955,0.0179477,0.136852,False,False,False,False
s276,1475,0.0288,0,34.3222,0.0179477,0.136852,False,False,False,False
s276,1476,0.2176,0.1888,27.5013,0.0179477,0.136852,False,False,False,False
s276,1477,0.4437,0.2261,22.0897,0.0179477,0.136852,True,True,False,False
s276,1478,0.2176,0.2261,17.7153,0.0179477,0.136852,False,True,False,False
s276,1479,0.1387,0.0789,14.2,0.0179477,0.136852,False,False,True,False
s276,1480,0.0283,0.1104,11.3657,0.0179477,0.136852,False,False,False,False
s276,1481,0.0419,0.0136,9.1009,0.0179477,0.136852,False,False,False,False
s276,1482,0.0419,0,7.2891,0.0179477,0.136852,False,False,False,False
s276,1483,0.0283,0.0136,5.83694,0.0179477,0.136852,False,False,False,False
s276,1484,0.0283,0,4.67521,0.0179477,0.136852,False,False,False,False
s276,1485,0.1387,0.1104,3.76791,0.0179477,0.136852,False,False,False,False
s276,1486,0.0643,0.0744,3.02719,0.0179477,0.136852,False,False,False,False
s276,1487,0.0722,0.0079,2.43619,0.0179477,0.136852,False,False,False,False
s276,1488,0.0722,0,1.96339,0.0179477,0.136852,False,False,False,False
s276,1489,0.4593,0.3871,1.66257,0.0179477,0.136852,True,False,False,False
s276,1490,0.4365,0.0228,1.41736,0.0179477,0.136852,True,True,False,False
s276,1491,0.0642,0.3723,1.14673,0.0179477,0.136852,False,False,False,False
s276,1492,0.4593,0.3951,1.00924,0.0179477,0.136852,True,True,False,False
s276,1493,0.1908,0.2685,0.845554,0.0179477,0.136852,False,False,True,False
s276,1494,0.4365,0.2457,0.763743,0.0179477,0.136852,True,True,True,False
s276,1495,0.0439,0.3926,0.619774,0.0179477,0.136852,False,False,False,False
s276,1496,0.0584,0.0145,0.507499,0.0179477,0.136852,False,False,False,False
s276,1497,0.4437,0.3853,0.49474,0.0179477,0.136852,True,False,False,False
s276,1498,0.0283,0.4154,0.401452,0.0179477,0.136852,False,False,False,False
s276,1499,0.0332,0.0049,0.327801,0.0179477,0.136852,False,False,False,False
s276,1500,0.0643,0.0311,0.275101,0.0179477,0.136852,False,False,False,False
s276,1501,0.1132,0.0489,0.242721,0.0179477,0.136852,False,False,False,False
s276,1502,0.1387,0.0255,0.221917,0.0179477,0.136852,False,False,False,False
s276,1503,0.0643,0.0744,0.190393,0.0179477,0.136852,False,False,False,False
s276,1504,0.4365,0.3722,0.239615,0.0179477,0.136852,True,False,False,False
s276,1505,0.4877,0.0512,0.289232,0.0179477,0.136852,True,True,False,False
s276,1506,0.0643,0.4234,0.244245,0.0179477,0.136852,False,False,False,False
s276,1507,0.0724,0.0081,0.209876,0.0179477,0.136852,False,False,False,False
s276,1508,0.0724,0,0.182381,0.0179477,0.136852,False,False,False,False
s276,1509,0.0524,0.02,0.156385,0.0179477,0.136852,False,False,False,False
s276,1510,0.4877,0.4353,0.222648,0.0179477,0.136852,True,False,False,False
s276,1511,0.0332,0.4545,0.184758,0.0179477,0.136852,False,False,False,False
s276,1512,0.1654,0.1322,0.180887,0.0179477,0.136852,False,False,False,False
s276,1513,0.0332,0.1322,0.151349,0.0179477,0.136852,False,False,False,False
s276,1514,0.4877,0.4545,0.218619,0.0179477,0.136852,True,False,False,False
s276,1515,0.4877,0,0.272436,0.0179477,0.136852,True,True,False,False
s276,1516,0.0224,0.4653,0.222428,0.0179477,0.136852,False,False,False,False
s276,1517,0.0942,0.0718,0.196783,0.0179477,0.136852,False,False,False,False
s276,1518,0.0349,0.0593,0.164406,0.0179477,0.136852,False,False,False,False
s276,1519,0.0474,0.0125,0.141005,0.0179477,0.136852,False,False,False,False
s276,1520,0.0349,0.0125,0.119784,0.0179477,0.136852,False,False,False,False
s276,1521,0.0332,0.0017,0.102467,0.0179477,0.136852,False,False,False,False
s276,1522,0.0283,0.0049,0.0876337,0.0179477,0.136852,False,False,False,False
s276,1523,0.1132,0.0849,0.092747,0.0179477,0.136852,False,False,False,False
s276,1524,0.0349,0.0783,0.0811776,0.0179477,0.136852,False,False,False,False
s276,1525,0.4877,0.4528,0.162482,0.0179477,0.136852,True,False,False,False
s276,1526,0.0724,0.4153,0.144466,0.0179477,0.136852,False,False,False,False
s276,1527,0.0332,0.0392,0.122213,0.0179477,0.136852,False,False,False,False
s276,1528,0.0942,0.061,0.11661,0.0179477,0.136852,False,False,False,False
s276,1529,0.0584,0.0358,0.104968,0.0179477,0.136852,False,False,False,False
s276,1530,0.0574,0.001,0.0954544,0.0179477,0.136852,False,False,False,False
s276,1531,0.4877,0.4303,0.173904,0.0179477,0.136852,True,False,False,False
s276,1532,0.0665,0.4212,0.152423,0.0179477,0.136852,False,False,False,False
s276,1533,0.551,0.4845,0.232138,0.0179477,0.136852,True,True,False,False
s276,1534,0.1829,0.3681,0.222291,0.0179477,0.136852,False,False,False,False
s276,1535,0.4877,0.3048,0.275372,0.0179477,0.136852,True,True,True,False
s276,1536,0.0724,0.4153,0.234778,0.0179477,0.136852,False,False,False,False
s276,1537,0.4877,0.4153,0.285362,0.0179477,0.136852,True,True,True,False
s276,1538,0.0349,0.4528,0.23527,0.0179477,0.136852,False,False,False,False
s276,1539,0.1132,0.0783,0.210856,0.0179477,0.136852,False,False,False,False
s276,1540,0.0332,0.08,0.175325,0.0179477,0.136852,False,False,False,False
s276,1541,0.4334,0.4002,0.22694,0.0179477,0.136852,True,False,False,False
s276,1542,0.2961,0.1373,0.240772,0.0179477,0.136852,True,True,False,False
s276,1543,0.2961,0,0.251837,0.0179477,0.136852,True,True,False,False
s276,1544,0.2961,0,0.26069,0.0179477,0.136852,True,True,True,False
s276,1545,0.2678,0.0283,0.262112,0.0179477,0.136852,True,True,True,False
s276,1546,0.2678,0,0.26325,0.0179477,0.136852,True,True,True,False
s276,1547,0.0665,0.2013,0.2239,0.0179477,0.136852,False,False,False,False
s276,1548,0.1559,0.0894,0.2103,0.0179477,0.136852,False,False,True,False
s276,1549,0.0642,0.0917,0.18108,0.0179477,0.136852,False,False,False,False
s276,1550,0.0642,0,0.157704,0.0179477,0.136852,False,False,False,False
s276,1551,0.4365,0.3723,0.213463,0.0179477,0.136852,True,False,False,False
s276,1552,0.0288,0.4077,0.17653,0.0179477,0.136852,False,False,False,False
s276,1553,0.2961,0.2673,0.200444,0.0179477,0.136852,True,True,False,False
s276,1554,0.1908,0.1053,0.198515,0.0179477,0.136852,False,False,False,False
s276,1555,0.4593,0.2685,0.250672,0.0179477,0.136852,True,True,True,False
s276,1556,0.0942,0.3651,0.219378,0.0179477,0.136852,False,False,False,False
s276,1557,0.0643,0.0299,0.188362,0.0179477,0.136852,False,False,False,False
s276,1558,0.0584,0.0059,0.16237,0.0179477,0.136852,False,False,False,False
s276,1559,0.0584,0,0.141576,0.0179477,0.136852,False,False,False,False
s276,1560,0.1387,0.0803,0.141001,0.0179477,0.136852,False,False,False,False
s276,1561,0.1559,0.0172,0.143981,0.0179477,0.136852,False,False,False,False
s276,1562,0.0942,0.0617,0.134024,0.0179477,0.136852,False,False,False,False
s276,1563,0.0406,0.0536,0.11534,0.0179477,0.136852,False,False,False,False
s276,1564,0.0371,0.0035,0.0996917,0.0179477,0.136852,False,False,False,False
s276,1565,0.0574,0.0203,0.0912333,0.0179477,0.136852,False,False,False,False
s276,1566,0.0642,0.0068,0.0858267,0.0179477,0.136852,False,False,False,False
s276,1567,0.0273553,0.0368447,0.0741324,0.0179477,0.136852,False,False,False,False
s276,1568,0.0711352,0.0437799,0.073533,0.0179477,0.136852,False,False,False,False
s276,1569,0.0353514,0.0357838,0.0658966,0.0179477,0.136852,False,False,False,False
s276,1570,0.180902,0.145551,0.0888978,0.0179477,0.136852,False,False,False,False
s276,1571,0.0237722,0.15713,0.0758727,0.0179477,0.136852,False,False,False,False
s276,1572,0.0373625,0.0135903,0.0681707,0.0179477,0.136852,False,False,False,False
s276,1573,0.164461,0.127099,0.0874288,0.0179477,0.136852,False,False,False,False
s276,1574,0.0110771,0.153384,0.0721584,0.0179477,0.136852,False,False,False,False
s276,1575,0.213053,0.201976,0.100337,0.0179477,0.136852,False,False,False,False
s276,1576,0.137223,0.0758294,0.107714,0.0179477,0.136852,False,False,False,False
s276,1577,0.0493806,0.0878427,0.0960477,0.0179477,0.136852,False,False,False,False
s276,1578,0.0341666,0.015214,0.0836715,0.0179477,0.136852,False,False,False,False
s276,1579,0.164929,0.130762,0.0999229,0.0179477,0.136852,False,False,False,False
s276,1580,0.0216438,0.143285,0.0842671,0.0179477,0.136852,False,False,False,False
s276,1581,0.246701,0.225057,0.116754,0.0179477,0.136852,False,False,False,False
s276,1582,0.0671282,0.179573,0.106829,0.0179477,0.136852,False,False,False,False
s276,1583,0.0327964,0.0343318,0.0920223,0.0179477,0.136852,False,False,False,False
s276,1584,0.0271268,0.0056696,0.0790432,0.0179477,0.136852,False,False,False,False
s276,1585,0.0992576,0.0721308,0.0830861,0.0179477,0.136852,False,False,False,False
s276,1586,0.0678581,0.0313995,0.0800405,0.0179477,0.136852,False,False,False,False
s276,1587,0.214183,0.146325,0.106869,0.0179477,0.136852,False,False,False,False
s276,1588,0.0331085,0.181075,0.0921169,0.0179477,0.136852,False,False,False,False
s276,1589,0.0191373,0.0139712,0.077521,0.0179477,0.136852,False,False,False,False
s276,1590,0.117516,0.0983791,0.0855201,0.0179477,0.136852,False,False,False,False
s276,1591,0.118916,0.00139953,0.0921992,0.0179477,0.136852,False,False,False,False
s276,1592,0.0226757,0.0962401,0.0782945,0.0179477,0.136852,False,False,False,False
s276,1593,0.0285073,0.00583162,0.0683371,0.0179477,0.136852,False,False,False,False
s276,1594,0.138295,0.109788,0.0823287,0.0179477,0.136852,False,False,False,False
s276,1595,0.0955436,0.0427516,0.0849717,0.0179477,0.136852,False,False,False,False
s276,1596,0.0459351,0.0496085,0.0771644,0.0179477,0.136852,False,False,False,False
s276,1597,0.224001,0.178066,0.106532,0.0179477,0.136852,False,False,False,False
s276,1598,0.21622,0.00778082,0.128469,0.0179477,0.136852,False,True,False,False
s276,1599,0.129799,0.0864212,0.128735,0.0179477,0.136852,False,False,False,False
s276,1600,0.0558692,0.0739295,0.114162,0.0179477,0.136852,False,False,False,False
s276,1601,0.0546274,0.00124178,0.102255,0.0179477,0.136852,False,False,False,False
s276,1602,0.0401732,0.0144543,0.0898387,0.0179477,0.136852,False,False,False,False
s276,1603,0.0261586,0.0140145,0.0771027,0.0179477,0.136852,False,False,False,False
s276,1604,0.144029,0.117871,0.090488,0.0179477,0.136852,False,False,False,False
s276,1605,0.0330911,0.110938,0.0790086,0.0179477,0.136852,False,False,False,False
s276,1606,0.0640483,0.0309571,0.0760166,0.0179477,0.136852,False,False,False,False
s276,1607,0.0237246,0.0403237,0.0655582,0.0179477,0.136852,False,False,False,False
s276,1608,0.0639532,0.0402287,0.0652372,0.0179477,0.136852,False,False,False,False
s276,1609,0.21929,0.155336,0.0960477,0.0179477,0.136852,False,False,False,False
s276,1610,0.0400852,0.179204,0.0848552,0.0179477,0.136852,False,False,False,False
s276,1611,0.168422,0.128336,0.101568,0.0179477,0.136852,False,False,False,False
s276,1612,0.144972,0.0234494,0.110249,0.0179477,0.136852,False,False,False,False
s276,1613,0.174257,0.0292846,0.123051,0.0179477,0.136852,False,False,True,False
s276,1614,0.163465,0.0107919,0.131133,0.0179477,0.136852,False,False,True,False
s276,1615,0.0581322,0.105333,0.116533,0.0179477,0.136852,False,False,False,False
s276,1616,0.185147,0.127015,0.130256,0.0179477,0.136852,False,False,True,False
s276,1617,0.177822,0.00732528,0.139769,0.0179477,0.136852,False,False,True,False
s276,1618,0.158684,0.0191383,0.143552,0.0179477,0.136852,False,False,True,False
s276,1619,0.0360254,0.122658,0.122047,0.0179477,0.136852,False,False,False,False
s276,1620,0.0244251,0.0116003,0.102522,0.0179477,0.136852,False,False,False,False
s276,1621,0.0233558,0.0010693,0.0866891,0.0179477,0.136852,False,False,False,False
s276,1622,0.167975,0.144619,0.102946,0.0179477,0.136852,False,False,False,False
s276,1623,0.159719,0.00825614,0.114301,0.0179477,0.136852,False,False,False,False
s276,1624,1.53528,1.37556,0.398496,0.0179477,0.136852,True,False,False,False
s276,1625,0.0690434,1.46623,0.332605,0.0179477,0.136852,False,False,False,False
s276,1626,0.112294,0.0432511,0.288543,0.0179477,0.136852,False,False,False,False
s276,1627,0.0346236,0.0776709,0.237759,0.0179477,0.136852,False,False,False,False
s276,1628,0.110952,0.0763281,0.212398,0.0179477,0.136852,False,False,False,False
s276,1629,0.0359332,0.0750185,0.177105,0.0179477,0.136852,False,False,False,False
s276,1630,0.0360251,9.1885e-05,0.148889,0.0179477,0.136852,False,False,False,False
s276,1631,0.0964192,0.0603941,0.138395,0.0179477,0.136852,False,False,False,False
s276,1632,0.0897393,0.00667993,0.128664,0.0179477,0.136852,False,False,False,False
s276,1633,0.0957314,0.00599208,0.122077,0.0179477,0.136852,False,False,False,False
s276,1634,0.0180863,0.0776451,0.101279,0.0179477,0.136852,False,False,False,False
s276,1635,0.0341796,0.0160933,0.0878592,0.0179477,0.136852,False,False,False,False
s276,1636,0.196599,0.162419,0.109607,0.0179477,0.136852,False,False,False,False
s276,1637,0.0521328,0.144466,0.0981123,0.0179477,0.136852,False,False,False,False
s276,1638,0.136999,0.0848667,0.10589,0.0179477,0.136852,False,False,False,False
s276,1639,0.0921866,0.0448129,0.103149,0.0179477,0.136852,False,False,False,False
s276,1640,0.0357245,0.0564621,0.0896642,0.0179477,0.136852,False,False,False,False
s276,1641,0.0562731,0.0205485,0.082986,0.0179477,0.136852,False,False,False,False
s276,1642,0.107108,0.0508348,0.0878103,0.0179477,0.136852,False,False,False,False
s276,1643,0.0712578,0.03585,0.0844998,0.0179477,0.136852,False,False,False,False
s276,1644,0.0566126,0.0146452,0.0789224,0.0179477,0.136852,False,False,False,False
s276,1645,0.144682,0.0880696,0.0920744,0.0179477,0.136852,False,False,False,False
s276,1646,0.0307978,0.113884,0.0798191,0.0179477,0.136852,False,False,False,False
s276,1647,0.108204,0.0774061,0.085496,0.0179477,0.136852,False,False,False,False
s276,1648,0.0814285,0.0267754,0.0846825,0.0179477,0.136852,False,False,False,False
s276,1649,0.0364641,0.0449643,0.0750388,0.0179477,0.136852,False,False,False,False
s276,1650,0.057021,0.0205569,0.0714353,0.0179477,0.136852,False,False,False,False
s276,1651,0.11598,0.058959,0.0803442,0.0179477,0.136852,False,False,False,False
s276,1652,0.13186,0.0158804,0.0906475,0.0179477,0.136852,False,False,False,False
s276,1653,0.0282507,0.10361,0.0781681,0.0179477,0.136852,False,False,False,False
s276,1654,0.0807469,0.0524962,0.0786839,0.0179477,0.136852,False,False,False,False
s276,1655,0.190369,0.109623,0.101021,0.0179477,0.136852,False,False,False,False
s276,1656,0.175292,0.0150774,0.115875,0.0179477,0.136852,False,False,False,False
s276,1657,0.243621,0.068329,0.141424,0.0179477,0.136852,False,False,False,False
s276,1658,0.0575384,0.186083,0.124647,0.0179477,0.136852,False,False,False,False
s276,1659,0.0946829,0.0371445,0.118654,0.0179477,0.136852,False,False,False,False
s276,1660,0.0990765,0.00439364,0.114739,0.0179477,0.136852,False,False,False,False
s276,1661,0.0482474,0.0508292,0.10144,0.0179477,0.136852,False,False,False,False
s276,1662,0.0849661,0.0367187,0.0981456,0.0179477,0.136852,False,False,False,False
s276,1663,0.106377,0.0214111,0.0997919,0.0179477,0.136852,False,False,False,False
s276,1664,0.109495,0.00311773,0.101732,0.0179477,0.136852,False,False,False,False
s276,1665,0.139023,0.0295283,0.109191,0.0179477,0.136852,False,False,False,False
s276,1666,0.0577276,0.0812955,0.098898,0.0179477,0.136852,False,False,False,False
s276,1667,5.42861,5.37089,1.16484,0.0179477,0.136852,True,False,False,False
s276,1668,4.87588,0.552731,1.90705,0.0179477,0.136852,True,True,False,False
s276,1669,0.0259375,4.84995,1.53083,0.0179477,0.136852,False,False,False,False
s276,1670,1.56458,1.53864,1.53758,0.0179477,0.136852,True,True,False,False
s276,1671,-4.10426,5.66884,0.40921,0.0179477,0.136852,True,False,False,False
s276,1672,-3.02433,1.07994,-0.277498,0.0179477,0.136852,True,True,False,False
s276,1673,-0.950012,2.07432,-0.412,0.0179477,0.136852,True,True,False,False
s276,1674,-1.04877,0.0987574,-0.539354,0.0179477,0.136852,True,True,True,False
s276,1675,-0.742791,0.305978,-0.580041,0.0179477,0.136852,True,True,True,False
s276,1676,-6.19412,5.45133,-1.70286,0.0179477,0.136852,True,True,True,False
s276,1677,-7.88095,1.68683,-2.93848,0.0179477,0.136852,True,True,True,False
s276,1678,3.38,11.261,-1.67478,0.0179477,0.136852,True,False,False,False
s276,1679,-1.82977,5.20977,-1.70578,0.0179477,0.136852,True,True,True,False
s276,1680,-2.57843,0.748657,-1.88031,0.0179477,0.136852,True,True,True,False
s276,1681,-0.633038,1.94539,-1.63085,0.0179477,0.136852,True,True,True,False
s276,1682,3.34714,3.98017,-0.635256,0.0179477,0.136852,True,False,False,False
s276,1683,0.94174,2.4054,-0.319857,0.0179477,0.136852,True,True,False,False
s276,1684,1.19123,0.249493,-0.0176391,0.0179477,0.136852,True,True,False,False
s276,1685,1.69237,0.501137,0.324363,0.0179477,0.136852,True,True,True,False
s276,1686,0.0277861,1.66458,0.265047,0.0179477,0.136852,False,False,False,False
s276,1687,0.486785,0.458999,0.309395,0.0179477,0.136852,True,True,True,False
s276,1688,2.92055,2.43376,0.831626,0.0179477,0.136852,True,True,True,False
s276,1689,-2.15264,5.07319,0.234773,0.0179477,0.136852,True,False,False,False
s276,1690,-7.74993,5.59729,-1.36217,0.0179477,0.136852,True,True,False,False
s276,1691,-3.49401,4.25592,-1.78854,0.0179477,0.136852,True,True,False,False
s276,1692,1.34634,4.84035,-1.16156,0.0179477,0.136852,True,False,False,False
s276,1693,2.93285,1.58651,-0.342679,0.0179477,0.136852,True,True,False,False
s276,1694,0.77016,2.16269,-0.120111,0.0179477,0.136852,True,True,False,False
s276,1695,3.11281,2.34265,0.526473,0.0179477,0.136852,True,True,True,False
s276,1696,0.559338,2.55347,0.533046,0.0179477,0.136852,True,True,True,False
s276,1697,2.51295,1.95361,0.929026,0.0179477,0.136852,True,True,True,False
s276,1698,6.64373,4.13078,2.07197,0.0179477,0.136852,True,True,True,False
s276,1699,2.18067,4.46306,2.09371,0.0179477,0.136852,True,True,True,True
s276,1700,-6.83889,9.01956,0.307187,0.0179477,0.136852,True,False,False,False
s276,1701,-2.54551,4.29338,-0.263352,0.0179477,0.136852,True,True,False,False
s276,1702,6.82326,9.36877,1.15397,0.0179477,0.136852,True,False,False,False
s276,1703,1.88218,4.94108,1.29961,0.0179477,0.136852,True,True,False,False
s276,1704,4.93167,3.04948,2.02602,0.0179477,0.136852,True,True,False,False
s276,1705,2.7939,2.13777,2.1796,0.0179477,0.136852,True,True,True,False
s276,1706,3.72437,0.930477,2.48855,0.0179477,0.136852,True,True,True,False
s276,1707,-4.50692,8.23129,1.08946,0.0179477,0.136852,True,False,False,False
s276,1708,-1.95087,2.55604,0.481393,0.0179477,0.136852,True,True,False,False
s276,1709,-6.41247,4.4616,-0.89738,0.0179477,0.136852,True,True,False,False
s276,1710,0.108494,6.52097,-0.696206,0.0179477,0.136852,False,False,False,False
s276,1711,3.60374,3.49525,0.163784,0.0179477,0.136852,True,False,False,False
s276,1712,-1.65668,5.26043,-0.200309,0.0179477,0.136852,True,False,False,False
s276,1713,-3.46297,1.80629,-0.852842,0.0179477,0.136852,True,True,False,False
s276,1714,1.53713,5.00011,-0.374848,0.0179477,0.136852,True,False,False,False
s276,1715,-3.37209,4.90922,-0.974296,0.0179477,0.136852,True,True,False,False
s276,1716,1.05232,4.42442,-0.568972,0.0179477,0.136852,True,True,False,False
s276,1717,3.65321,2.60088,0.275463,0.0179477,0.136852,True,True,False,False
s276,1718,-0.452283,4.10549,0.129914,0.0179477,0.136852,True,False,False,False
s276,1719,0.0753231,0.527606,0.118996,0.0179477,0.136852,False,False,False,False
s276,1720,2.73799,2.66266,0.642794,0.0179477,0.136852,True,False,False,False
s276,1721,-0.0787752,2.81676,0.49848,0.0179477,0.136852,False,False,False,False
s276,1722,2.13184,2.21061,0.825152,0.0179477,0.136852,True,True,False,False
s276,1723,-3.03509,5.16693,0.0531034,0.0179477,0.136852,True,True,False,False
s276,1724,2.21074,5.24583,0.48463,0.0179477,0.136852,True,True,False,False
s276,1725,-1.44136,3.65209,0.0994331,0.0179477,0.136852,True,True,False,False
s276,1726,-2.98089,1.53953,-0.516631,0.0179477,0.136852,True,True,False,False
s276,1727,-1.69464,1.28625,-0.752232,0.0179477,0.136852,True,True,True,False
s276,1728,1.00791,2.70254,-0.400204,0.0179477,0.136852,True,False,False,False
s276,1729,2.56407,1.55616,0.19265,0.0179477,0.136852,True,True,False,False
s276,1730,1.04716,1.51691,0.363552,0.0179477,0.136852,True,True,False,False
s276,1731,-1.50695,2.5541,-0.0105482,0.0179477,0.136852,True,False,False,False
s276,1732,0.320652,1.8276,0.055692,0.0179477,0.136852,True,True,True,False
s276,1733,-7.80931,8.12997,-1.51731,0.0179477,0.136852,True,True,False,False
s276,1734,1.39034,9.19966,-0.935778,0.0179477,0.136852,True,True,False,False
s276,1735,3331.43,3330.04,665.537,0.0179477,0.136852,True,True,False,False
s276,1736,-2.47494,3333.9,531.934,0.0179477,0.136852,True,False,False,False
s276,1737,0.130271,2.60521,425.573,0.0179477,0.136852,False,False,False,False
s276,1738,0.435793,0.305522,340.546,0.0179477,0.136852,True,False,False,False
s276,1739,7.82319,7.3874,274.001,0.0179477,0.136852,True,True,False,False
s276,1740,-0.0139504,7.83714,219.198,0.0179477,0.136852,False,False,False,False
s276,1741,5.22457,5.23852,176.404,0.0179477,0.136852,True,True,False,False
s276,1742,-0.239887,5.46446,141.075,0.0179477,0.136852,True,False,False,False
s276,1743,-1.20823,0.968345,112.618,0.0179477,0.136852,True,True,False,False
s276,1744,-0.283563,0.924669,90.0379,0.0179477,0.136852,True,True,True,False
s276,1745,1.2291,1.51266,72.2761,0.0179477,0.136852,True,False,False,False
s276,1746,1.16662,0.0624814,58.0542,0.0179477,0.136852,True,True,False,False
s276,1747,1.26431,0.0976922,46.6962,0.0179477,0.136852,True,True,False,False
s276,1748,3.44968,2.18537,38.0469,0.0179477,0.136852,True,True,True,False
s276,1749,2.14509,1.3046,30.8666,0.0179477,0.136852,True,True,True,False
s276,1750,0.763541,1.38155,24.846,0.0179477,0.136852,True,True,True,False
s276,1751,1.85238,1.08884,20.2472,0.0179477,0.136852,True,True,True,False
s276,1752,-0.870322,2.7227,16.0237,0.0179477,0.136852,True,False,False,False
s276,1753,0.410557,1.28088,12.9011,0.0179477,0.136852,True,True,True,False
s276,1754,-3.24749,3.65805,9.67138,0.0179477,0.136852,True,True,False,False
s276,1755,-0.375811,2.87168,7.66194,0.0179477,0.136852,True,True,False,False
s276,1756,3.89341,4.26922,6.90823,0.0179477,0.136852,True,False,False,False
s276,1757,-5.75677,9.65018,4.37523,0.0179477,0.136852,True,True,False,False
s276,1758,0.511221,6.26799,3.60243,0.0179477,0.136852,True,True,False,False
s276,1759,-2.01613,2.52735,2.47872,0.0179477,0.136852,True,True,False,False
s276,1760,-3.71046,1.69433,1.24088,0.0179477,0.136852,True,True,False,False
s276,1761,0.443813,4.15427,1.08147,0.0179477,0.136852,True,False,False,False
s276,1762,3.78982,3.346,1.62314,0.0179477,0.136852,True,True,False,False
s276,1763,3.08087,0.708942,1.91469,0.0179477,0.136852,True,True,False,False
s276,1764,-2.89346,5.97434,0.953056,0.0179477,0.136852,True,False,False,False
s276,1765,-0.391885,2.50158,0.684068,0.0179477,0.136852,True,True,False,False
s276,1766,4.49619,4.88807,1.44649,0.0179477,0.136852,True,False,False,False
s276,1767,0.156468,4.33972,1.18849,0.0179477,0.136852,False,False,False,False
s276,1768,0.182366,0.025898,0.987263,0.0179477,0.136852,False,False,False,False
s276,1769,0.0968344,0.0855314,0.809177,0.0179477,0.136852,False,False,False,False
s276,1770,0.187542,0.0907076,0.68485,0.0179477,0.136852,False,False,True,False
s276,1771,0.144941,0.0426005,0.576869,0.0179477,0.136852,False,False,True,False
s276,1772,0.19097,0.046029,0.499689,0.0179477,0.136852,False,False,True,False
s276,1773,0.0380049,0.152966,0.407352,0.0179477,0.136852,False,False,False,False
s276,1774,0.0593504,0.0213455,0.337752,0.0179477,0.136852,False,False,False,False
s276,1775,0.0198028,0.0395476,0.274162,0.0179477,0.136852,False,False,False,False
s276,1776,0.11837,0.0985673,0.243004,0.0179477,0.136852,False,False,False,False
s276,1777,0.0625818,0.0557883,0.206919,0.0179477,0.136852,False,False,False,False
s276,1778,0.0623361,0.000245683,0.178003,0.0179477,0.136852,False,False,False,False
s276,1779,0.0703292,0.00799312,0.156468,0.0179477,0.136852,False,False,False,False
s276,1780,0.111189,0.0408594,0.147412,0.0179477,0.136852,False,False,False,False
s276,1781,0.0341091,0.0770795,0.124751,0.0179477,0.136852,False,False,False,False
s276,1782,0.215519,0.18141,0.142905,0.0179477,0.136852,False,False,False,False
s276,1783,0.151827,0.0636924,0.144689,0.0179477,0.136852,False,False,False,False
s276,1784,0.0908575,0.0609695,0.133923,0.0179477,0.136852,False,False,False,False
s276,1785,0.0411568,0.0497007,0.11537,0.0179477,0.136852,False,False,False,False
s276,1786,0.0660441,0.0248872,0.105505,0.0179477,0.136852,False,False,False,False
s276,1787,0.17819,0.112146,0.120042,0.0179477,0.136852,False,False,False,False
s276,1788,0.137615,0.0405749,0.123557,0.0179477,0.136852,False,False,False,False
s276,1789,0.140447,0.00283206,0.126935,0.0179477,0.136852,False,False,False,False
s276,1790,0.0564534,0.083994,0.112838,0.0179477,0.136852,False,False,False,False
s276,1791,0.0253193,0.0311341,0.0953346,0.0179477,0.136852,False,False,False,False
s276,1792,0.177639,0.15232,0.111796,0.0179477,0.136852,False,False,False,False
s276,1793,0.0370959,0.140544,0.0968556,0.0179477,0.136852,False,False,False,False
s276,1794,0.0544416,0.0173457,0.0883728,0.0179477,0.136852,False,False,False,False
s276,1795,0.0404289,0.0140127,0.078784,0.0179477,0.136852,False,False,False,False
s276,1796,0.213713,0.173285,0.10577,0.0179477,0.136852,False,False,False,False
s276,1797,0.0191868,0.194527,0.0884533,0.0179477,0.136852,False,False,False,False
s276,1798,1.5341,1.51491,0.377583,0.0179477,0.136852,True,True,False,False
s276,1799,0.0533157,1.48079,0.312729,0.0179477,0.136852,False,False,False,False
s276,1800,0.0476192,0.00569649,0.259707,0.0179477,0.136852,False,False,False,False
s276,1801,0.0695534,0.0219342,0.221677,0.0179477,0.136852,False,False,False,False
s276,1802,0.0546023,0.0149511,0.188262,0.0179477,0.136852,False,False,False,False
s276,1803,0.026619,0.0279833,0.155933,0.0179477,0.136852,False,False,False,False
s276,1804,0.068315,0.0416959,0.13841,0.0179477,0.136852,False,False,False,False
s276,1805,0.0355238,0.0327911,0.117832,0.0179477,0.136852,False,False,False,False
s276,1806,0.136336,0.100812,0.121533,0.0179477,0.136852,False,False,False,False
s276,1807,0.164144,0.0278083,0.130055,0.0179477,0.136852,False,False,False,False
s276,1808,0.204482,0.0403375,0.144941,0.0179477,0.136852,False,False,False,False
s276,1809,0.205662,0.00118021,0.157085,0.0179477,0.136852,False,True,False,False
s276,1810,0.0344924,0.17117,0.132566,0.0179477,0.136852,False,False,False,False
s276,1811,0.0835878,0.0490955,0.122771,0.0179477,0.136852,False,False,False,False
s276,1812,0.083654,6.61655e-05,0.114947,0.0179477,0.136852,False,False,False,False
s276,1813,0.252648,0.168994,0.142487,0.0179477,0.136852,False,False,False,False
s276,1814,0.0636815,0.188966,0.126726,0.0179477,0.136852,False,False,False,False
s276,1815,0.109868,0.0461861,0.123355,0.0179477,0.136852,False,False,False,False
s276,1816,0.0833004,0.0265672,0.115344,0.0179477,0.136852,False,False,False,False
s276,1817,0.0477792,0.0355212,0.101831,0.0179477,0.136852,False,False,False,False
s276,1818,0.434022,0.386242,0.168269,0.0179477,0.136852,True,False,False,False
s276,1819,0.0711326,0.362889,0.148842,0.0179477,0.136852,False,False,False,False
s276,1820,0.0961677,0.0250351,0.138307,0.0179477,0.136852,False,False,False,False
s276,1821,0.0802148,0.0159529,0.126688,0.0179477,0.136852,False,False,False,False
s276,1822,0.0298587,0.0503561,0.107323,0.0179477,0.136852,False,False,False,False
s276,1823,0.0604975,0.0306388,0.0979575,0.0179477,0.136852,False,False,False,False
s276,1824,0.119715,0.059218,0.102309,0.0179477,0.136852,False,False,False,False
s276,1825,0.0410654,0.0786501,0.0900604,0.0179477,0.136852,False,False,False,False
s276,1826,0.0415779,0.000512521,0.0803639,0.0179477,0.136852,False,False,False,False
s276,1827,0.0404411,0.00113686,0.0723793,0.0179477,0.136852,False,False,False,False
s276,1828,0.204535,0.164094,0.0988105,0.0179477,0.136852,False,False,False,False
s276,1829,0.0537142,0.150821,0.0897912,0.0179477,0.136852,False,False,False,False
s276,1830,0.0365292,0.017185,0.0791388,0.0179477,0.136852,False,False,False,False
s276,1831,0.175119,0.13859,0.0983349,0.0179477,0.136852,False,False,False,False
s276,1832,0.190218,0.0150983,0.116711,0.0179477,0.136852,False,False,False,False
s276,1833,0.101316,0.0889011,0.113632,0.0179477,0.136852,False,False,False,False
s276,1834,0.233238,0.131922,0.137554,0.0179477,0.136852,False,False,False,False
s276,1835,0.0372018,0.196036,0.117483,0.0179477,0.136852,False,False,False,False
s276,1836,0.0580731,0.0208713,0.105601,0.0179477,0.136852,False,False,False,False
s276,1837,0.130601,0.0725279,0.110601,0.0179477,0.136852,False,False,False,False
s276,1838,0.0278886,0.102712,0.0940586,0.0179477,0.136852,False,False,False,False
s276,1839,0.141694,0.113806,0.103586,0.0179477,0.136852,False,False,False,False
s276,1840,0.166798,0.0251042,0.116228,0.0179477,0.136852,False,False,False,False
s276,1841,0.051213,0.115585,0.103225,0.0179477,0.136852,False,False,False,False
s276,1842,0.0360167,0.0151963,0.0897835,0.0179477,0.136852,False,False,False,False
s276,1843,0.0598352,0.0238185,0.0837938,0.0179477,0.136852,False,False,False,False
s276,1844,0.0887086,0.0288734,0.0847768,0.0179477,0.136852,False,False,False,False
s276,1845,0.114448,0.0257392,0.090711,0.0179477,0.136852,False,False,False,False
s276,1846,0.00980092,0.104647,0.074529,0.0179477,0.136852,False,False,False,False
s276,1847,0.145248,0.135447,0.0886728,0.0179477,0.136852,False,False,False,False
s276,1848,0.0884788,0.0567691,0.088634,0.0179477,0.136852,False,False,False,False
s276,1849,0.0380288,0.0504501,0.0785129,0.0179477,0.136852,False,False,False,False
s276,1850,0.199823,0.161794,0.102775,0.0179477,0.136852,False,False,False,False
s276,1851,0.0422641,0.157558,0.0906727,0.0179477,0.136852,False,False,False,False
s276,1852,0.0387238,0.00354034,0.0802829,0.0179477,0.136852,False,False,False,False
s276,1853,0.0362072,0.00251658,0.0714678,0.0179477,0.136852,False,False,False,False
s276,1854,0.0757297,0.0395225,0.0723202,0.0179477,0.136852,False,False,False,False
s276,1855,0.16171,0.0859806,0.0901982,0.0179477,0.136852,False,False,False,False
s276,1856,0.0654326,0.0962778,0.0852451,0.0179477,0.136852,False,False,False,False
s276,1857,0.201963,0.136531,0.108589,0.0179477,0.136852,False,False,False,False
s276,1858,0.0236706,0.178292,0.0916051,0.0179477,0.136852,False,False,False,False
s276,1859,0.0704832,0.0468125,0.0873807,0.0179477,0.136852,False,False,False,False
s276,1860,0.102626,0.0321431,0.0904298,0.0179477,0.136852,False,False,False,False
s276,1861,0.061994,0.0406323,0.0847426,0.0179477,0.136852,False,False,False,False
s276,1862,0.0828917,0.0208977,0.0843724,0.0179477,0.136852,False,False,False,False
s276,1863,0.0858508,0.00295913,0.0846681,0.0179477,0.136852,False,False,False,False
s276,1864,0.0628062,0.0230446,0.0802957,0.0179477,0.136852,False,False,False,False
s276,1865,0.0565052,0.00630095,0.0755376,0.0179477,0.136852,False,False,False,False
s276,1866,0.0544913,0.00201395,0.0713283,0.0179477,0.136852,False,False,False,False
